"2026/cve-2026-84445.json","2026-10-02T07:01:46.396040+00:00"
"2023/cve-2023-50782.json","2026-10-02T07:01:46.231478+00:00"
"2019/cve-2019-9674.json","2026-10-02T07:01:46.216689+00:00"
"2021/cve-2021-33430.json","2026-10-02T07:01:46.202068+00:00"
"2021/cve-2021-41495.json","2026-10-02T07:01:46.188209+00:00"
"2020/cve-2020-29651.json","2026-10-02T07:01:46.173339+00:00"
"2023/cve-2023-29824.json","2026-10-02T07:01:46.158582+00:00"
"2023/cve-2023-25399.json","2026-10-02T07:01:46.143836+00:00"
"2021/cve-2021-41496.json","2026-10-02T07:01:46.128948+00:00"
"2021/cve-2021-34141.json","2026-10-02T07:01:46.114717+00:00"
"2026/cve-2026-55957.json","2026-10-02T07:01:46.064040+00:00"
"2026/cve-2026-32990.json","2026-10-02T07:01:45.987806+00:00"
"2019/cve-2019-11324.json","2026-10-02T07:01:45.973365+00:00"
"2019/cve-2019-18874.json","2026-10-02T07:01:45.958027+00:00"
"2021/cve-2021-28957.json","2026-10-02T07:01:45.943043+00:00"
"2020/cve-2020-27783.json","2026-10-02T07:01:45.927488+00:00"
"2021/cve-2021-3737.json","2026-10-02T07:01:45.913207+00:00"
"2021/cve-2021-3733.json","2026-10-02T07:01:45.898642+00:00"
"2020/cve-2020-36242.json","2026-10-02T07:01:45.883089+00:00"
"2022/cve-2022-40898.json","2026-10-02T07:01:45.868981+00:00"
"2020/cve-2020-26137.json","2026-10-02T07:01:45.854720+00:00"
"2019/cve-2019-11236.json","2026-10-02T07:01:45.840647+00:00"
"2019/cve-2019-6446.json","2026-10-02T07:01:45.705565+00:00"
"2024/cve-2024-47081.json","2026-10-02T07:01:45.685182+00:00"
"2025/cve-2025-4516.json","2026-10-02T07:01:45.659399+00:00"
"2025/cve-2025-0938.json","2026-10-02T07:01:45.619145+00:00"
"2025/cve-2025-6069.json","2026-10-02T07:01:45.593573+00:00"
"2025/cve-2025-1795.json","2026-10-02T07:01:45.486566+00:00"
"2024/cve-2024-8088.json","2026-10-02T07:01:45.444012+00:00"
"2024/cve-2024-0397.json","2026-10-02T07:01:45.332816+00:00"
"2022/cve-2022-2255.json","2026-10-02T07:01:45.293593+00:00"
"2025/cve-2025-8194.json","2026-10-02T07:01:45.239894+00:00"
"2023/cve-2023-49083.json","2026-10-02T07:01:45.195987+00:00"
"2021/cve-2021-43818.json","2026-10-02T07:01:45.153517+00:00"
"2025/cve-2025-40022.json","2026-10-01T07:02:20.039832+00:00"
"2026/cve-2026-80844.json","2026-10-01T07:02:19.651611+00:00"
"2026/cve-2026-81000.json","2026-10-01T07:02:19.536733+00:00"
"2026/cve-2026-68121.json","2026-10-01T07:02:19.422534+00:00"
"2026/cve-2026-80863.json","2026-10-01T07:02:19.329969+00:00"
"2026/cve-2026-74469.json","2026-10-01T07:02:19.271935+00:00"
"2021/cve-2021-42340.json","2026-10-01T07:02:19.177080+00:00"
"2026/cve-2026-43042.json","2026-10-01T07:02:19.139773+00:00"
"2026/cve-2026-53266.json","2026-10-01T07:02:19.050515+00:00"
"2021/cve-2021-43980.json","2026-10-01T07:02:18.995994+00:00"
"2020/cve-2020-9484.json","2026-10-01T07:02:18.983701+00:00"
"2020/cve-2020-17527.json","2026-10-01T07:02:18.971778+00:00"
"2020/cve-2020-13943.json","2026-10-01T07:02:18.959070+00:00"
"2020/cve-2020-13934.json","2026-10-01T07:02:18.946978+00:00"
"2023/cve-2023-28708.json","2026-10-01T07:02:18.934762+00:00"
"2020/cve-2020-11996.json","2026-10-01T07:02:18.921324+00:00"
"2019/cve-2019-17563.json","2026-10-01T07:02:18.909206+00:00"
"2019/cve-2019-12418.json","2026-10-01T07:02:18.896953+00:00"
"2021/cve-2021-41079.json","2026-10-01T07:02:18.884694+00:00"
"2021/cve-2021-25122.json","2026-10-01T07:02:18.872410+00:00"
"2020/cve-2020-13935.json","2026-10-01T07:02:18.859260+00:00"
"2025/cve-2025-39964.json","2026-10-01T07:02:18.823077+00:00"
"2026/cve-2026-63387.json","2026-10-01T07:02:18.766449+00:00"
"2026/cve-2026-63495.json","2026-10-01T07:02:18.681816+00:00"
"2026/cve-2026-53002.json","2026-10-01T07:02:18.664854+00:00"
"2026/cve-2026-64268.json","2026-10-01T07:02:18.611856+00:00"
"2026/cve-2026-64304.json","2026-10-01T07:02:18.548669+00:00"
"2026/cve-2026-53196.json","2026-10-01T07:02:18.494965+00:00"
"2026/cve-2026-43114.json","2026-10-01T07:02:18.415700+00:00"
"2026/cve-2026-64564.json","2026-10-01T07:02:18.376068+00:00"
"2026/cve-2026-43116.json","2026-10-01T07:02:18.319964+00:00"
"2026/cve-2026-23231.json","2026-10-01T07:02:18.270274+00:00"
"2026/cve-2026-23392.json","2026-10-01T07:02:18.200513+00:00"
"2026/cve-2026-43027.json","2026-10-01T07:02:18.124831+00:00"
"2025/cve-2025-46701.json","2026-10-01T07:02:17.928080+00:00"
"2026/cve-2026-46056.json","2026-10-01T07:02:17.901556+00:00"
"2026/cve-2026-52993.json","2026-10-01T07:02:17.842789+00:00"
"2026/cve-2026-53006.json","2026-10-01T07:02:17.795382+00:00"
"2026/cve-2026-53071.json","2026-10-01T07:02:17.730830+00:00"
"2026/cve-2026-53016.json","2026-10-01T07:02:17.644454+00:00"
"2026/cve-2026-43125.json","2026-10-01T07:02:17.566716+00:00"
"2023/cve-2023-28709.json","2026-10-01T07:02:17.527354+00:00"
"2023/cve-2023-45648.json","2026-10-01T07:02:17.491427+00:00"
"2023/cve-2023-42795.json","2026-10-01T07:02:17.457100+00:00"
"2024/cve-2024-27397.json","2026-10-01T07:02:17.404393+00:00"
"2023/cve-2023-41080.json","2026-10-01T07:02:17.316801+00:00"
"2025/cve-2025-52434.json","2026-10-01T07:02:17.285711+00:00"
"2025/cve-2025-49125.json","2026-10-01T07:02:17.273777+00:00"
"2025/cve-2025-52520.json","2026-10-01T07:02:17.261986+00:00"
"2025/cve-2025-53506.json","2026-10-01T07:02:17.250232+00:00"
"2025/cve-2025-48976.json","2026-10-01T07:02:17.238396+00:00"
"2025/cve-2025-48988.json","2026-10-01T07:02:17.224657+00:00"
"2021/cve-2021-25329.json","2026-10-01T07:02:17.196749+00:00"
"2026/cve-2026-20707.json","2026-09-29T22:52:54.610262+00:00"
"2026/cve-2026-20901.json","2026-09-29T22:52:42.394621+00:00"
"2026/cve-2026-20713.json","2026-09-29T22:52:30.122818+00:00"
"2026/cve-2026-20760.json","2026-09-29T22:52:29.953650+00:00"
"2026/cve-2026-20716.json","2026-09-29T22:52:17.756646+00:00"
"2026/cve-2026-20917.json","2026-09-29T22:52:17.544280+00:00"
"2025/cve-2025-31938.json","2026-09-29T22:52:17.405920+00:00"
"2026/cve-2026-14672.json","2026-09-29T22:52:17.253610+00:00"
"2026/cve-2026-6638.json","2026-09-29T22:52:17.206934+00:00"
"2026/cve-2026-93990.json","2026-09-29T22:52:17.158893+00:00"
"2026/cve-2026-54789.json","2026-09-29T22:52:16.619819+00:00"
"2026/cve-2026-14678.json","2026-09-29T22:52:16.416252+00:00"
"2026/cve-2026-14673.json","2026-09-29T22:52:16.317659+00:00"
"2026/cve-2026-14666.json","2026-09-29T22:52:16.219987+00:00"
"2026/cve-2026-6470.json","2026-09-29T22:52:16.120687+00:00"
"2026/cve-2026-6469.json","2026-09-29T22:52:16.022011+00:00"
"2026/cve-2026-18024.json","2026-09-29T22:52:15.922898+00:00"
"2026/cve-2026-16241.json","2026-09-29T22:52:15.836071+00:00"
"2026/cve-2026-14663.json","2026-09-29T22:52:15.800433+00:00"
"2026/cve-2026-6474.json","2026-09-29T22:52:15.275525+00:00"
"2024/cve-2024-10977.json","2026-09-29T22:52:15.184158+00:00"
"2023/cve-2023-28625.json","2026-09-29T22:52:15.140880+00:00"
"2022/cve-2022-23527.json","2026-09-29T22:52:15.100078+00:00"
"2025/cve-2025-4207.json","2026-09-29T22:52:15.054806+00:00"
"2025/cve-2025-8713.json","2026-09-29T22:52:15.004994+00:00"
"2026/cve-2026-63388.json","2026-09-29T22:52:14.897957+00:00"
"2026/cve-2026-63385.json","2026-09-29T22:52:14.794579+00:00"
"2026/cve-2026-63384.json","2026-09-29T22:52:14.731785+00:00"
"2026/cve-2026-63383.json","2026-09-29T22:52:14.665910+00:00"
"2026/cve-2026-63382.json","2026-09-29T22:52:14.603322+00:00"
"2019/cve-2019-19926.json","2026-09-29T22:52:14.561182+00:00"
"2018/cve-2018-8740.json","2026-09-29T22:52:14.521613+00:00"
"2017/cve-2017-10989.json","2026-09-29T22:52:14.481025+00:00"
"2026/cve-2026-74580.json","2026-09-29T22:52:14.426164+00:00"
"2026/cve-2026-6471.json","2026-09-29T22:52:14.356191+00:00"
"2026/cve-2026-6464.json","2026-09-29T22:52:14.200434+00:00"
"2026/cve-2026-19385.json","2026-09-29T22:52:14.042764+00:00"
"2026/cve-2026-18408.json","2026-09-29T22:52:13.882859+00:00"
"2026/cve-2026-16239.json","2026-09-29T22:52:13.723157+00:00"
"2026/cve-2026-15742.json","2026-09-29T22:52:13.566369+00:00"
"2026/cve-2026-15741.json","2026-09-29T22:52:13.421278+00:00"
"2026/cve-2026-14680.json","2026-09-29T22:52:13.287737+00:00"
"2026/cve-2026-14679.json","2026-09-29T22:52:13.120478+00:00"
"2026/cve-2026-14677.json","2026-09-29T22:52:12.911202+00:00"
"2026/cve-2026-14671.json","2026-09-29T22:52:12.749760+00:00"
"2026/cve-2026-14670.json","2026-09-29T22:52:12.594197+00:00"
"2026/cve-2026-14669.json","2026-09-29T22:52:12.438625+00:00"
"2026/cve-2026-14668.json","2026-09-29T22:52:12.281954+00:00"
"2026/cve-2026-14664.json","2026-09-29T22:52:12.123762+00:00"
"2026/cve-2026-14662.json","2026-09-29T22:52:11.963111+00:00"
"2026/cve-2026-63075.json","2026-09-29T22:52:11.825506+00:00"
"2026/cve-2026-63072.json","2026-09-29T22:52:11.775723+00:00"
"2026/cve-2026-54874.json","2026-09-29T22:52:11.734669+00:00"
"2026/cve-2026-18798.json","2026-09-29T22:52:11.695798+00:00"
"2026/cve-2026-14457.json","2026-09-29T22:52:11.675783+00:00"
"2026/cve-2026-74597.json","2026-09-29T22:52:11.594786+00:00"
"2026/cve-2026-72255.json","2026-09-29T22:52:11.445315+00:00"
"2026/cve-2026-52929.json","2026-09-29T22:52:11.314519+00:00"
"2026/cve-2026-52912.json","2026-09-29T22:52:11.184523+00:00"
"2026/cve-2026-46165.json","2026-09-29T22:52:11.052548+00:00"
"2026/cve-2026-31678.json","2026-09-29T22:52:10.890611+00:00"
"2013/cve-2013-6420.json","2026-09-29T22:52:10.764922+00:00"
"2013/cve-2013-4248.json","2026-09-29T22:52:10.715331+00:00"
"2013/cve-2013-4113.json","2026-09-29T22:52:10.666316+00:00"
"2013/cve-2013-1643.json","2026-09-29T22:52:10.616350+00:00"
"2012/cve-2012-2386.json","2026-09-29T22:52:10.530603+00:00"
"2012/cve-2012-2329.json","2026-09-29T22:52:10.483163+00:00"
"2012/cve-2012-2311.json","2026-09-29T22:52:10.434596+00:00"
"2012/cve-2012-2143.json","2026-09-29T22:52:10.386144+00:00"
"2012/cve-2012-1823.json","2026-09-29T22:52:10.337218+00:00"
"2011/cve-2011-4718.json","2026-09-29T22:52:10.287796+00:00"
"2026/cve-2026-68376.json","2026-09-29T22:52:10.206559+00:00"
"2026/cve-2026-58081.json","2026-09-29T22:52:10.098216+00:00"
"2013/cve-2013-7458.json","2026-09-29T22:52:10.058202+00:00"
"2025/cve-2025-68161.json","2026-09-29T22:52:09.957059+00:00"
"2021/cve-2021-45105.json","2026-09-29T22:52:09.912227+00:00"
"2021/cve-2021-44832.json","2026-09-29T22:52:09.871975+00:00"
"2021/cve-2021-44228.json","2026-09-29T22:52:09.831869+00:00"
"2025/cve-2025-35973.json","2026-09-29T22:52:09.769940+00:00"
"2025/cve-2025-31936.json","2026-09-29T22:52:09.704234+00:00"
"2026/cve-2026-74480.json","2026-09-29T22:52:09.600825+00:00"
"2026/cve-2026-53000.json","2026-09-29T22:52:09.475004+00:00"
"2026/cve-2026-18922.json","2026-09-29T22:52:09.432034+00:00"
"2026/cve-2026-66373.json","2026-09-29T22:52:09.390816+00:00"
"2026/cve-2026-52933.json","2026-09-29T22:52:09.236827+00:00"
"2026/cve-2026-16118.json","2026-09-29T22:52:09.193509+00:00"
"2026/cve-2026-52492.json","2026-09-29T22:52:09.153821+00:00"
"2026/cve-2026-52491.json","2026-09-29T22:52:09.135186+00:00"
"2026/cve-2026-42211.json","2026-09-29T22:52:09.117261+00:00"
"2026/cve-2026-84375.json","2026-09-29T22:52:09.099037+00:00"
"2026/cve-2026-19693.json","2026-09-29T22:52:09.081248+00:00"
"2026/cve-2026-34714.json","2026-09-29T22:52:09.063383+00:00"
"2026/cve-2026-34589.json","2026-09-29T22:52:09.045949+00:00"
"2026/cve-2026-34379.json","2026-09-29T22:52:08.977158+00:00"
"2019/cve-2019-15120.json","2026-09-29T22:52:08.957683+00:00"
"2024/cve-2024-37536.json","2026-09-29T22:52:08.912454+00:00"
"2023/cve-2023-4156.json","2026-09-29T22:52:08.872177+00:00"
"2025/cve-2025-6199.json","2026-09-29T22:52:08.829869+00:00"
"2025/cve-2025-5917.json","2026-09-29T22:52:08.786200+00:00"
"2022/cve-2022-4603.json","2026-09-29T22:52:08.746035+00:00"
"2021/cve-2021-45942.json","2026-09-29T22:52:08.705671+00:00"
"2024/cve-2024-0217.json","2026-09-29T22:52:08.663703+00:00"
"2023/cve-2023-25136.json","2026-09-29T22:52:08.622241+00:00"
"2022/cve-2022-37966.json","2026-09-29T22:52:08.566876+00:00"
"2026/cve-2026-64002.json","2026-09-29T22:52:08.501244+00:00"
"2026/cve-2026-64387.json","2026-09-29T22:52:08.422147+00:00"
"2026/cve-2026-19654.json","2026-09-29T22:52:08.310274+00:00"
"2023/cve-2023-38201.json","2026-09-29T22:52:08.266257+00:00"
"2023/cve-2023-38200.json","2026-09-29T22:52:08.223753+00:00"
"2026/cve-2026-39304.json","2026-09-29T22:52:08.184120+00:00"
"2025/cve-2025-41249.json","2026-09-29T22:52:08.166484+00:00"
"2025/cve-2025-22235.json","2026-09-29T22:52:08.148658+00:00"
"2026/cve-2026-49855.json","2026-09-29T22:52:08.129773+00:00"
"2026/cve-2026-49853.json","2026-09-29T22:52:08.111773+00:00"
"2026/cve-2026-78002.json","2026-09-29T22:52:07.881249+00:00"
"2014/cve-2014-3634.json","2026-09-29T22:52:07.778522+00:00"
"2011/cve-2011-3200.json","2026-09-29T22:52:07.700061+00:00"
"2026/cve-2026-67320.json","2026-09-29T22:52:07.634398+00:00"
"2026/cve-2026-42044.json","2026-09-29T22:52:07.614089+00:00"
"2026/cve-2026-42043.json","2026-09-29T22:52:07.594990+00:00"
"2026/cve-2026-42041.json","2026-09-29T22:52:07.576531+00:00"
"2026/cve-2026-42039.json","2026-09-29T22:52:07.559015+00:00"
"2026/cve-2026-42035.json","2026-09-29T22:52:07.540417+00:00"
"2026/cve-2026-42033.json","2026-09-29T22:52:07.521849+00:00"
"2026/cve-2026-41680.json","2026-09-29T22:52:07.503222+00:00"
"2026/cve-2026-40895.json","2026-09-29T22:52:07.485762+00:00"
"2026/cve-2026-33896.json","2026-09-29T22:52:07.467834+00:00"
"2026/cve-2026-33895.json","2026-09-29T22:52:07.450898+00:00"
"2026/cve-2026-33894.json","2026-09-29T22:52:07.432607+00:00"
"2026/cve-2026-33891.json","2026-09-29T22:52:07.414145+00:00"
"2026/cve-2026-27148.json","2026-09-29T22:52:07.393941+00:00"
"2026/cve-2026-21728.json","2026-09-29T22:52:07.375079+00:00"
"2026/cve-2026-6951.json","2026-09-29T22:52:07.357395+00:00"
"2025/cve-2025-68429.json","2026-09-29T22:52:07.213066+00:00"
"2025/cve-2025-12816.json","2026-09-29T22:52:07.193552+00:00"
"2026/cve-2026-73088.json","2026-09-29T22:52:07.176222+00:00"
"2026/cve-2026-32829.json","2026-09-29T22:52:07.157832+00:00"
"2026/cve-2026-5917.json","2026-09-29T22:52:07.139682+00:00"
"2026/cve-2026-0810.json","2026-09-29T22:52:07.062078+00:00"
"2026/cve-2026-73566.json","2026-09-29T22:52:07.043052+00:00"
"2026/cve-2026-59877.json","2026-09-29T22:52:07.024136+00:00"
"2026/cve-2026-55677.json","2026-09-29T22:52:07.003398+00:00"
"2026/cve-2026-46625.json","2026-09-29T22:52:06.982606+00:00"
"2026/cve-2026-46385.json","2026-09-29T22:52:06.962297+00:00"
"2026/cve-2026-46384.json","2026-09-29T22:52:06.942977+00:00"
"2026/cve-2026-45740.json","2026-09-29T22:52:06.923337+00:00"
"2026/cve-2026-44293.json","2026-09-29T22:52:06.904574+00:00"
"2026/cve-2026-44292.json","2026-09-29T22:52:06.885068+00:00"
"2026/cve-2026-44291.json","2026-09-29T22:52:06.866471+00:00"
"2026/cve-2026-44290.json","2026-09-29T22:52:06.847830+00:00"
"2026/cve-2026-44289.json","2026-09-29T22:52:06.828575+00:00"
"2026/cve-2026-43869.json","2026-09-29T22:52:06.809743+00:00"
"2026/cve-2026-42264.json","2026-09-29T22:52:06.789334+00:00"
"2026/cve-2026-41675.json","2026-09-29T22:52:06.769777+00:00"
"2026/cve-2026-41673.json","2026-09-29T22:52:06.752161+00:00"
"2026/cve-2026-41672.json","2026-09-29T22:52:06.734354+00:00"
"2026/cve-2026-41242.json","2026-09-29T22:52:06.716263+00:00"
"2026/cve-2026-40175.json","2026-09-29T22:52:06.696729+00:00"
"2026/cve-2026-33941.json","2026-09-29T22:52:06.678870+00:00"
"2026/cve-2026-33940.json","2026-09-29T22:52:06.660320+00:00"
"2026/cve-2026-33939.json","2026-09-29T22:52:06.642796+00:00"
"2026/cve-2026-33938.json","2026-09-29T22:52:06.512612+00:00"
"2026/cve-2026-33937.json","2026-09-29T22:52:06.495265+00:00"
"2026/cve-2026-33487.json","2026-09-29T22:52:06.477113+00:00"
"2026/cve-2026-32141.json","2026-09-29T22:52:06.459270+00:00"
"2026/cve-2026-29074.json","2026-09-29T22:52:06.442058+00:00"
"2026/cve-2026-29063.json","2026-09-29T22:52:06.424256+00:00"
"2026/cve-2026-28292.json","2026-09-29T22:52:06.352979+00:00"
"2026/cve-2026-28291.json","2026-09-29T22:52:06.333908+00:00"
"2026/cve-2026-27880.json","2026-09-29T22:52:06.315033+00:00"
"2026/cve-2026-27606.json","2026-09-29T22:52:06.296326+00:00"
"2026/cve-2026-25639.json","2026-09-29T22:52:06.278198+00:00"
"2026/cve-2026-22610.json","2026-09-29T22:52:06.259541+00:00"
"2026/cve-2026-15972.json","2026-09-29T22:52:06.241429+00:00"
"2026/cve-2026-9277.json","2026-09-29T22:52:06.222842+00:00"
"2025/cve-2025-66412.json","2026-09-29T22:52:06.203579+00:00"
"2025/cve-2025-62718.json","2026-09-29T22:52:06.183753+00:00"
"2025/cve-2025-48431.json","2026-09-29T22:52:06.165438+00:00"
"2023/cve-2023-49568.json","2026-09-29T22:52:06.146347+00:00"
"2026/cve-2026-53461.json","2026-09-29T22:52:06.126465+00:00"
"2026/cve-2026-45359.json","2026-09-29T22:52:06.107292+00:00"
"2026/cve-2026-25794.json","2026-09-29T22:52:06.089710+00:00"
"2025/cve-2025-55298.json","2026-09-29T22:52:06.070995+00:00"
"2025/cve-2025-55004.json","2026-09-29T22:52:06.047631+00:00"
"2026/cve-2026-76235.json","2026-09-29T22:52:06.022814+00:00"
"2026/cve-2026-73089.json","2026-09-29T22:52:05.977661+00:00"
"2026/cve-2026-69153.json","2026-09-29T22:52:05.958145+00:00"
"2026/cve-2026-45623.json","2026-09-29T22:52:05.939290+00:00"
"2026/cve-2026-44705.json","2026-09-29T22:52:05.919297+00:00"
"2026/cve-2026-12143.json","2026-09-29T22:52:05.899538+00:00"
"2026/cve-2026-11998.json","2026-09-29T22:52:05.879778+00:00"
"2026/cve-2026-31411.json","2026-09-29T22:52:05.833581+00:00"
"2025/cve-2025-71131.json","2026-09-29T22:52:05.740599+00:00"
"2025/cve-2025-38192.json","2026-09-29T22:52:05.679155+00:00"
"2026/cve-2026-25990.json","2026-09-29T22:52:05.635872+00:00"
"2026/cve-2026-56624.json","2026-09-29T22:52:05.617744+00:00"
"2026/cve-2026-50193.json","2026-09-29T22:52:05.597148+00:00"
"2026/cve-2026-69151.json","2026-09-29T22:52:05.578263+00:00"
"2026/cve-2026-50556.json","2026-09-29T22:52:05.555198+00:00"
"2026/cve-2026-68945.json","2026-09-29T22:52:05.536409+00:00"
"2026/cve-2026-9595.json","2026-09-29T22:52:05.516566+00:00"
"2026/cve-2026-22029.json","2026-09-29T22:52:05.497594+00:00"
"2025/cve-2025-66035.json","2026-09-29T22:52:05.479110+00:00"
"2026/cve-2026-27980.json","2026-09-29T22:52:05.460100+00:00"
"2026/cve-2026-27979.json","2026-09-29T22:52:05.441856+00:00"
"2025/cve-2025-49826.json","2026-09-29T22:52:05.422680+00:00"
"2026/cve-2026-51298.json","2026-09-29T22:52:05.395058+00:00"
"2026/cve-2026-67302.json","2026-09-29T22:52:05.372666+00:00"
"2026/cve-2026-66402.json","2026-09-29T22:52:05.352070+00:00"
"2026/cve-2026-57157.json","2026-09-29T22:52:05.332687+00:00"
"2026/cve-2026-56297.json","2026-09-29T22:52:05.314137+00:00"
"2026/cve-2026-40254.json","2026-09-29T22:52:05.294955+00:00"
"2026/cve-2026-25955.json","2026-09-29T22:52:05.276003+00:00"
"2026/cve-2026-22851.json","2026-09-29T22:52:05.255497+00:00"
"2026/cve-2026-74581.json","2026-09-29T22:52:05.195447+00:00"
"2026/cve-2026-64191.json","2026-09-29T22:52:05.085350+00:00"
"2026/cve-2026-53185.json","2026-09-29T22:52:05.004899+00:00"
"2026/cve-2026-52924.json","2026-09-29T22:52:04.927170+00:00"
"2024/cve-2024-56615.json","2026-09-29T22:52:04.639420+00:00"
"2024/cve-2024-56614.json","2026-09-29T22:52:04.578576+00:00"
"2024/cve-2024-53113.json","2026-09-29T22:52:04.513608+00:00"
"2024/cve-2024-46679.json","2026-09-29T22:52:04.452955+00:00"
"2024/cve-2024-44986.json","2026-09-29T22:52:04.389568+00:00"
"2024/cve-2024-44985.json","2026-09-29T22:52:04.328181+00:00"
"2024/cve-2024-42271.json","2026-09-29T22:52:04.267063+00:00"
"2022/cve-2022-47022.json","2026-09-29T22:52:04.219289+00:00"
"2025/cve-2025-59362.json","2026-09-29T22:52:04.177267+00:00"
"2026/cve-2026-54272.json","2026-09-29T22:52:04.137116+00:00"
"2026/cve-2026-11824.json","2026-09-29T22:52:04.115516+00:00"
"2026/cve-2026-11822.json","2026-09-29T22:52:04.050901+00:00"
"2026/cve-2026-60005.json","2026-09-29T22:52:03.986090+00:00"
"2026/cve-2026-3494.json","2026-09-29T22:52:03.942623+00:00"
"2026/cve-2026-64560.json","2026-09-29T22:52:03.885835+00:00"
"2026/cve-2026-64382.json","2026-09-29T22:52:03.805116+00:00"
"2026/cve-2026-72105.json","2026-09-29T22:52:03.728555+00:00"
"2026/cve-2026-12080.json","2026-09-29T22:52:03.616773+00:00"
"2024/cve-2024-8612.json","2026-09-29T22:52:03.522022+00:00"
"2026/cve-2026-72745.json","2026-09-29T22:52:03.455168+00:00"
"2026/cve-2026-57156.json","2026-09-29T22:52:03.436072+00:00"
"2025/cve-2025-6023.json","2026-09-29T22:52:03.416599+00:00"
"2025/cve-2025-69873.json","2026-09-29T22:52:03.396801+00:00"
"2025/cve-2025-14174.json","2026-09-29T22:52:03.376076+00:00"
"2025/cve-2025-9288.json","2026-09-29T22:52:03.356046+00:00"
"2025/cve-2025-9287.json","2026-09-29T22:52:03.336295+00:00"
"2025/cve-2025-7783.json","2026-09-29T22:52:03.316625+00:00"
"2025/cve-2025-6547.json","2026-09-29T22:52:03.297825+00:00"
"2025/cve-2025-6545.json","2026-09-29T22:52:03.279364+00:00"
"2024/cve-2024-48949.json","2026-09-29T22:52:03.260515+00:00"
"2024/cve-2024-42461.json","2026-09-29T22:52:03.241799+00:00"
"2024/cve-2024-42460.json","2026-09-29T22:52:03.223310+00:00"
"2023/cve-2023-53159.json","2026-09-29T22:52:03.204569+00:00"
"2022/cve-2022-46175.json","2026-09-29T22:52:03.184723+00:00"
"2025/cve-2025-66506.json","2026-09-29T22:52:03.112640+00:00"
"2025/cve-2025-30153.json","2026-09-29T22:52:03.093613+00:00"
"2026/cve-2026-41293.json","2026-09-29T22:52:03.075165+00:00"
"2026/cve-2026-56862.json","2026-09-29T22:52:02.915224+00:00"
"2026/cve-2026-56860.json","2026-09-29T22:52:02.895968+00:00"
"2026/cve-2026-56853.json","2026-09-29T22:52:02.875641+00:00"
"2026/cve-2026-33818.json","2026-09-29T22:52:02.856552+00:00"
"2024/cve-2024-4068.json","2026-09-29T22:52:02.836502+00:00"
"2024/cve-2024-4067.json","2026-09-29T22:52:02.816942+00:00"
"2023/cve-2023-26118.json","2026-09-29T22:52:02.799214+00:00"
"2023/cve-2023-26117.json","2026-09-29T22:52:02.780646+00:00"
"2023/cve-2023-26116.json","2026-09-29T22:52:02.762377+00:00"
"2022/cve-2022-37599.json","2026-09-29T22:52:02.744171+00:00"
"2026/cve-2026-17523.json","2026-09-29T22:52:02.718211+00:00"
"2026/cve-2026-55203.json","2026-09-29T22:52:02.677655+00:00"
"2026/cve-2026-6479.json","2026-09-29T22:52:02.630097+00:00"
"2026/cve-2026-47262.json","2026-09-29T22:52:02.504603+00:00"
"2026/cve-2026-6067.json","2026-09-29T22:52:02.485752+00:00"
"2026/cve-2026-3442.json","2026-09-29T22:52:02.467377+00:00"
"2026/cve-2026-3441.json","2026-09-29T22:52:02.449294+00:00"
"2026/cve-2026-41567.json","2026-09-29T22:52:02.430697+00:00"
"2026/cve-2026-48779.json","2026-09-29T22:52:02.411690+00:00"
"2026/cve-2026-45736.json","2026-09-29T22:52:02.392360+00:00"
"2026/cve-2026-44496.json","2026-09-29T22:52:02.373180+00:00"
"2026/cve-2026-44495.json","2026-09-29T22:52:02.354502+00:00"
"2026/cve-2026-44494.json","2026-09-29T22:52:02.334173+00:00"
"2026/cve-2026-44492.json","2026-09-29T22:52:02.316249+00:00"
"2026/cve-2026-44488.json","2026-09-29T22:52:02.298363+00:00"
"2026/cve-2026-44487.json","2026-09-29T22:52:02.280198+00:00"
"2026/cve-2026-44486.json","2026-09-29T22:52:02.261290+00:00"
"2025/cve-2025-11081.json","2026-09-29T22:52:02.242726+00:00"
"2025/cve-2025-71319.json","2026-09-29T22:52:02.223452+00:00"
"2026/cve-2026-8927.json","2026-09-29T22:52:02.205218+00:00"
"2026/cve-2026-16529.json","2026-09-29T22:52:02.077919+00:00"
"2026/cve-2026-16527.json","2026-09-29T22:52:01.777432+00:00"
"2026/cve-2026-16526.json","2026-09-29T22:52:01.532416+00:00"
"2026/cve-2026-16524.json","2026-09-29T22:52:01.263496+00:00"
"2026/cve-2026-45696.json","2026-09-29T22:52:01.183253+00:00"
"2026/cve-2026-34545.json","2026-09-29T22:52:01.165053+00:00"
"2026/cve-2026-34544.json","2026-09-29T22:52:01.146661+00:00"
"2026/cve-2026-34543.json","2026-09-29T22:52:01.128244+00:00"
"2025/cve-2025-12840.json","2026-09-29T22:52:01.109581+00:00"
"2025/cve-2025-12839.json","2026-09-29T22:52:01.090803+00:00"
"2025/cve-2025-12495.json","2026-09-29T22:52:01.071338+00:00"
"2021/cve-2021-21704.json","2026-09-29T22:52:01.053130+00:00"
"2026/cve-2026-64611.json","2026-09-29T22:52:01.035518+00:00"
"2026/cve-2026-3099.json","2026-09-29T22:52:00.891089+00:00"
"2025/cve-2025-32908.json","2026-09-29T22:52:00.872573+00:00"
"2025/cve-2025-32051.json","2026-09-29T22:52:00.853726+00:00"
"2025/cve-2025-52194.json","2026-09-29T22:52:00.834523+00:00"
"2026/cve-2026-53492.json","2026-09-29T22:52:00.813635+00:00"
"2023/cve-2023-38103.json","2026-09-29T22:52:00.795423+00:00"
"2024/cve-2024-6485.json","2026-09-29T22:52:00.777655+00:00"
"2026/cve-2026-42502.json","2026-09-29T22:52:00.758508+00:00"
"2026/cve-2026-35093.json","2026-09-29T22:52:00.740469+00:00"
"2026/cve-2026-35094.json","2026-09-29T22:52:00.722733+00:00"
"2024/cve-2024-3056.json","2026-09-29T22:52:00.705793+00:00"
"2024/cve-2024-13009.json","2026-09-29T22:52:00.688581+00:00"
"2025/cve-2025-0306.json","2026-09-29T22:52:00.670736+00:00"
"2026/cve-2026-3086.json","2026-09-29T22:52:00.652156+00:00"
"2026/cve-2026-3084.json","2026-09-29T22:52:00.633606+00:00"
"2026/cve-2026-3081.json","2026-09-29T22:52:00.614841+00:00"
"2026/cve-2026-46595.json","2026-09-29T22:52:00.596460+00:00"
"2026/cve-2026-41178.json","2026-09-29T22:52:00.577756+00:00"
"2026/cve-2026-47065.json","2026-09-29T22:52:00.559566+00:00"
"2026/cve-2026-71235.json","2026-09-29T22:52:00.539625+00:00"
"2024/cve-2024-25621.json","2026-09-29T22:52:00.471964+00:00"
"2026/cve-2026-67298.json","2026-09-29T22:52:00.453384+00:00"
"2026/cve-2026-33986.json","2026-09-29T22:52:00.435487+00:00"
"2026/cve-2026-29774.json","2026-09-29T22:52:00.417468+00:00"
"2026/cve-2026-9547.json","2026-09-29T22:52:00.400170+00:00"
"2024/cve-2024-0853.json","2026-09-29T22:52:00.382983+00:00"
"2023/cve-2023-28320.json","2026-09-29T22:52:00.364794+00:00"
"2023/cve-2023-23915.json","2026-09-29T22:52:00.347086+00:00"
"2026/cve-2026-51304.json","2026-09-29T22:52:00.326954+00:00"
"2026/cve-2026-51303.json","2026-09-29T22:52:00.306863+00:00"
"2026/cve-2026-51302.json","2026-09-29T22:52:00.288018+00:00"
"2026/cve-2026-51297.json","2026-09-29T22:52:00.267877+00:00"
"2026/cve-2026-51296.json","2026-09-29T22:52:00.248296+00:00"
"2026/cve-2026-6575.json","2026-09-29T22:52:00.131001+00:00"
"2026/cve-2026-6472.json","2026-09-29T22:52:00.091162+00:00"
"2026/cve-2026-27851.json","2026-09-29T22:51:59.985071+00:00"
"2020/cve-2020-21674.json","2026-09-29T22:51:59.967797+00:00"
"2026/cve-2026-12617.json","2026-09-29T22:51:59.948094+00:00"
"2026/cve-2026-11605.json","2026-09-29T22:51:59.927544+00:00"
"2026/cve-2026-5947.json","2026-09-29T22:51:59.908370+00:00"
"2026/cve-2026-3593.json","2026-09-29T22:51:59.888866+00:00"
"2026/cve-2026-3591.json","2026-09-29T22:51:59.869547+00:00"
"2026/cve-2026-3119.json","2026-09-29T22:51:59.736669+00:00"
"2025/cve-2025-13878.json","2026-09-29T22:51:59.715790+00:00"
"2025/cve-2025-9231.json","2026-09-29T22:51:59.696959+00:00"
"2023/cve-2023-42670.json","2026-09-29T22:51:59.680102+00:00"
"2026/cve-2026-55200.json","2026-09-29T22:51:59.663307+00:00"
"2026/cve-2026-12064.json","2026-09-29T22:51:59.644564+00:00"
"2026/cve-2026-11586.json","2026-09-29T22:51:59.625130+00:00"
"2026/cve-2026-11352.json","2026-09-29T22:51:59.605607+00:00"
"2026/cve-2026-8926.json","2026-09-29T22:51:59.586363+00:00"
"2026/cve-2026-8925.json","2026-09-29T22:51:59.567773+00:00"
"2023/cve-2023-5568.json","2026-09-29T22:51:59.550109+00:00"
"2023/cve-2023-0922.json","2026-09-29T22:51:59.533230+00:00"
"2023/cve-2023-0614.json","2026-09-29T22:51:59.515645+00:00"
"2025/cve-2025-14819.json","2026-09-29T22:51:59.497280+00:00"
"2023/cve-2023-36191.json","2026-09-29T22:51:59.479547+00:00"
"2026/cve-2026-13321.json","2026-09-29T22:51:59.459636+00:00"
"2026/cve-2026-13204.json","2026-09-29T22:51:59.418316+00:00"
"2026/cve-2026-11721.json","2026-09-29T22:51:59.376912+00:00"
"2026/cve-2026-11622.json","2026-09-29T22:51:59.335806+00:00"
"2026/cve-2026-11331.json","2026-09-29T22:51:59.292432+00:00"
"2026/cve-2026-62909.json","2026-09-29T22:51:59.245006+00:00"
"2026/cve-2026-62901.json","2026-09-29T22:51:59.198303+00:00"
"2026/cve-2026-62900.json","2026-09-29T22:51:59.152040+00:00"
"2026/cve-2026-62899.json","2026-09-29T22:51:59.103661+00:00"
"2026/cve-2026-5358.json","2026-09-29T22:51:59.063757+00:00"
"2026/cve-2026-28386.json","2026-09-29T22:51:58.928435+00:00"
"2026/cve-2026-2673.json","2026-09-29T22:51:58.908567+00:00"
"2026/cve-2026-24881.json","2026-09-29T22:51:58.888876+00:00"
"2023/cve-2023-3750.json","2026-09-29T22:51:58.869539+00:00"
"2023/cve-2023-52426.json","2026-09-29T22:51:58.852142+00:00"
"2026/cve-2026-33376.json","2026-09-29T22:51:58.833768+00:00"
"2026/cve-2026-63887.json","2026-09-29T22:51:58.800040+00:00"
"2026/cve-2026-67289.json","2026-09-29T22:51:58.758842+00:00"
"2026/cve-2026-64621.json","2026-09-29T22:51:58.741423+00:00"
"2025/cve-2025-29087.json","2026-09-29T22:51:58.722846+00:00"
"2025/cve-2025-7458.json","2026-09-29T22:51:58.703174+00:00"
"2025/cve-2025-31344.json","2026-09-29T22:51:58.683380+00:00"
"2024/cve-2024-56161.json","2026-09-29T22:51:58.664675+00:00"
"2026/cve-2026-24031.json","2026-09-29T22:51:58.645770+00:00"
"2023/cve-2023-51384.json","2026-09-29T22:51:58.579522+00:00"
"2016/cve-2016-20012.json","2026-09-29T22:51:58.560657+00:00"
"2026/cve-2026-44944.json","2026-09-29T22:51:58.537790+00:00"
"2026/cve-2026-44943.json","2026-09-29T22:51:58.474597+00:00"
"2026/cve-2026-55995.json","2026-09-29T22:51:58.413183+00:00"
"2017/cve-2017-17973.json","2026-09-29T22:51:58.352195+00:00"
"2026/cve-2026-31802.json","2026-09-29T22:51:58.333454+00:00"
"2026/cve-2026-26960.json","2026-09-29T22:51:58.314628+00:00"
"2025/cve-2025-7424.json","2026-09-29T22:51:58.295136+00:00"
"2026/cve-2026-27950.json","2026-09-29T22:51:58.277609+00:00"
"2026/cve-2026-24680.json","2026-09-29T22:51:58.259429+00:00"
"2026/cve-2026-24677.json","2026-09-29T22:51:58.241200+00:00"
"2026/cve-2026-3805.json","2026-09-29T22:51:58.222390+00:00"
"2026/cve-2026-22857.json","2026-09-29T22:51:58.203222+00:00"
"2026/cve-2026-22184.json","2026-09-29T22:51:58.183520+00:00"
"2026/cve-2026-69152.json","2026-09-29T22:51:58.165151+00:00"
"2026/cve-2026-34197.json","2026-09-29T22:51:58.146358+00:00"
"2025/cve-2025-23282.json","2026-09-29T22:51:58.125645+00:00"
"2026/cve-2026-55827.json","2026-09-29T22:51:58.063878+00:00"
"2026/cve-2026-16313.json","2026-09-29T22:51:58.040668+00:00"
"2026/cve-2026-64561.json","2026-09-29T22:51:57.929432+00:00"
"2026/cve-2026-10846.json","2026-09-29T22:51:57.832949+00:00"
"2026/cve-2026-58014.json","2026-09-29T22:51:57.763744+00:00"
"2026/cve-2026-6637.json","2026-09-29T22:51:57.693311+00:00"
"2026/cve-2026-42946.json","2026-09-29T22:51:57.552939+00:00"
"2026/cve-2026-64600.json","2026-09-29T22:51:57.442155+00:00"
"2025/cve-2025-15661.json","2026-09-29T22:51:57.349869+00:00"
"2026/cve-2026-46242.json","2026-09-29T22:51:57.291646+00:00"
"2026/cve-2026-46244.json","2026-09-29T22:51:57.215962+00:00"
"2026/cve-2026-46209.json","2026-09-29T22:51:57.124883+00:00"
"2026/cve-2026-43112.json","2026-09-29T22:51:57.001962+00:00"
"2026/cve-2026-49839.json","2026-09-29T22:51:56.921951+00:00"
"2026/cve-2026-43894.json","2026-09-29T22:51:56.857634+00:00"
"2023/cve-2023-30456.json","2026-09-29T22:51:56.773841+00:00"
"2026/cve-2026-47783.json","2026-09-29T22:51:56.734120+00:00"
"2026/cve-2026-5946.json","2026-09-29T22:51:56.685083+00:00"
"2026/cve-2026-3039.json","2026-09-29T22:51:56.549545+00:00"
"2026/cve-2026-42959.json","2026-09-29T22:51:56.423145+00:00"
"2026/cve-2026-42944.json","2026-09-29T22:51:56.296103+00:00"
"2026/cve-2026-33278.json","2026-09-29T22:51:56.209036+00:00"
"2026/cve-2026-33987.json","2026-09-29T22:51:56.189978+00:00"
"2026/cve-2026-33982.json","2026-09-29T22:51:56.170277+00:00"
"2026/cve-2026-25997.json","2026-09-29T22:51:56.152263+00:00"
"2026/cve-2026-25952.json","2026-09-29T22:51:56.133054+00:00"
"2026/cve-2026-34588.json","2026-09-29T22:51:56.114701+00:00"
"2026/cve-2026-4271.json","2026-09-29T22:51:56.097137+00:00"
"2026/cve-2026-4631.json","2026-09-29T22:51:56.067480+00:00"
"2023/cve-2023-53833.json","2026-09-29T22:51:55.960296+00:00"
"2023/cve-2023-53751.json","2026-09-29T22:51:55.884583+00:00"
"2026/cve-2026-23100.json","2026-09-29T22:51:55.786377+00:00"
"2025/cve-2025-37891.json","2026-09-29T22:51:55.679375+00:00"
"2026/cve-2026-52923.json","2026-09-29T22:51:55.567842+00:00"
"2026/cve-2026-59197.json","2026-09-29T22:51:55.459032+00:00"
"2026/cve-2026-54058.json","2026-09-29T22:51:55.440051+00:00"
"2026/cve-2026-53264.json","2026-09-29T22:51:55.340195+00:00"
"2024/cve-2024-46738.json","2026-09-29T22:51:55.229341+00:00"
"2024/cve-2024-50076.json","2026-09-29T22:51:55.167953+00:00"
"2026/cve-2026-60002.json","2026-09-29T22:51:55.125779+00:00"
"2026/cve-2026-59996.json","2026-09-29T22:51:55.107869+00:00"
"2026/cve-2026-41635.json","2026-09-29T22:51:55.088651+00:00"
"2026/cve-2026-44740.json","2026-09-29T22:51:55.068995+00:00"
"2026/cve-2026-59874.json","2026-09-29T22:51:55.047708+00:00"
"2026/cve-2026-59873.json","2026-09-29T22:51:55.024415+00:00"
"2026/cve-2026-13149.json","2026-09-29T22:51:54.996961+00:00"
"2026/cve-2026-23110.json","2026-09-29T22:51:54.952737+00:00"
"2026/cve-2026-46189.json","2026-09-29T22:51:54.810065+00:00"
"2026/cve-2026-46176.json","2026-09-29T22:51:54.698339+00:00"
"2026/cve-2026-53704.json","2026-09-29T22:51:54.656266+00:00"
"2026/cve-2026-43896.json","2026-09-29T22:51:54.635569+00:00"
"2026/cve-2026-33948.json","2026-09-29T22:51:54.572886+00:00"
"2024/cve-2024-8096.json","2026-09-29T22:51:54.508831+00:00"
"2025/cve-2025-0725.json","2026-09-29T22:51:54.465624+00:00"
"2025/cve-2025-14017.json","2026-09-29T22:51:54.422286+00:00"
"2025/cve-2025-15079.json","2026-09-29T22:51:54.379223+00:00"
"2026/cve-2026-4427.json","2026-09-29T22:51:54.339300+00:00"
"2026/cve-2026-23918.json","2026-09-29T22:51:54.066575+00:00"
"2026/cve-2026-33636.json","2026-09-29T22:51:54.042181+00:00"
"2026/cve-2026-33416.json","2026-09-29T22:51:53.991323+00:00"
"2025/cve-2025-39973.json","2026-09-29T22:51:53.886700+00:00"
"2025/cve-2025-8177.json","2026-09-29T22:51:53.768392+00:00"
"2024/cve-2024-35927.json","2026-09-29T22:51:53.702004+00:00"
"2025/cve-2025-37849.json","2026-09-29T22:51:53.599134+00:00"
"2026/cve-2026-45186.json","2026-09-29T22:51:53.502359+00:00"
"2026/cve-2026-43500.json","2026-09-29T22:51:53.404471+00:00"
"2026/cve-2026-43284.json","2026-09-29T22:51:53.162991+00:00"
"2026/cve-2026-31511.json","2026-09-29T22:51:52.966468+00:00"
"2026/cve-2026-23151.json","2026-09-29T22:51:52.897945+00:00"
"2025/cve-2025-40213.json","2026-09-29T22:51:52.827242+00:00"
"2025/cve-2025-38117.json","2026-09-29T22:51:52.753856+00:00"
"2024/cve-2024-39500.json","2026-09-29T22:51:52.684529+00:00"
"2023/cve-2023-54114.json","2026-09-29T22:51:52.616830+00:00"
"2023/cve-2023-53861.json","2026-09-29T22:51:52.548267+00:00"
"2023/cve-2023-53803.json","2026-09-29T22:51:52.480114+00:00"
"2023/cve-2023-53558.json","2026-09-29T22:51:52.298707+00:00"
"2023/cve-2023-53521.json","2026-09-29T22:51:52.230007+00:00"
"2023/cve-2023-53503.json","2026-09-29T22:51:52.161356+00:00"
"2023/cve-2023-52942.json","2026-09-29T22:51:52.093951+00:00"
"2023/cve-2023-52735.json","2026-09-29T22:51:52.022329+00:00"
"2022/cve-2022-50879.json","2026-09-29T22:51:51.942535+00:00"
"2022/cve-2022-50645.json","2026-09-29T22:51:51.767341+00:00"
"2022/cve-2022-50447.json","2026-09-29T22:51:51.700740+00:00"
"2022/cve-2022-50042.json","2026-09-29T22:51:51.635231+00:00"
"2022/cve-2022-48799.json","2026-09-29T22:51:51.573043+00:00"
"2022/cve-2022-48793.json","2026-09-29T22:51:51.513365+00:00"
"2021/cve-2021-47099.json","2026-09-29T22:51:51.454949+00:00"
"2026/cve-2026-1299.json","2026-09-29T22:51:51.403631+00:00"
"2024/cve-2024-26832.json","2026-09-29T22:51:51.348999+00:00"
"2022/cve-2022-48925.json","2026-09-29T22:51:51.292946+00:00"
"2025/cve-2025-40141.json","2026-09-29T22:51:51.184480+00:00"
"2025/cve-2025-23142.json","2026-09-29T22:51:51.025457+00:00"
"2019/cve-2019-20479.json","2026-09-29T22:51:50.927245+00:00"
"2026/cve-2026-52719.json","2026-09-29T22:51:50.883575+00:00"
"2026/cve-2026-52718.json","2026-09-29T22:51:50.862681+00:00"
"2026/cve-2026-34486.json","2026-09-29T22:51:50.837942+00:00"
"2026/cve-2026-29146.json","2026-09-29T22:51:50.708176+00:00"
"2026/cve-2026-57231.json","2026-09-29T22:51:50.533427+00:00"
"2026/cve-2026-53703.json","2026-09-29T22:51:50.512500+00:00"
"2026/cve-2026-33947.json","2026-09-29T22:51:50.490205+00:00"
"2026/cve-2026-46195.json","2026-09-29T22:51:50.399840+00:00"
"2026/cve-2026-46139.json","2026-09-29T22:51:50.302778+00:00"
"2026/cve-2026-43350.json","2026-09-29T22:51:50.203846+00:00"
"2024/cve-2024-35950.json","2026-09-29T22:51:50.120038+00:00"
"2024/cve-2024-9681.json","2026-09-29T22:51:50.074926+00:00"
"2025/cve-2025-0167.json","2026-09-29T22:51:50.032292+00:00"
"2025/cve-2025-10966.json","2026-09-29T22:51:49.984910+00:00"
"2025/cve-2025-14524.json","2026-09-29T22:51:49.941953+00:00"
"2025/cve-2025-15224.json","2026-09-29T22:51:49.896073+00:00"
"2026/cve-2026-3783.json","2026-09-29T22:51:49.852997+00:00"
"2026/cve-2026-4873.json","2026-09-29T22:51:49.808135+00:00"
"2026/cve-2026-5773.json","2026-09-29T22:51:49.764620+00:00"
"2026/cve-2026-6276.json","2026-09-29T22:51:49.720193+00:00"
"2024/cve-2024-26984.json","2026-09-29T22:51:49.665854+00:00"
"2026/cve-2026-23111.json","2026-09-29T22:51:49.511143+00:00"
"2026/cve-2026-22858.json","2026-09-29T22:51:49.417783+00:00"
"2026/cve-2026-35414.json","2026-09-29T22:51:49.291072+00:00"
"2026/cve-2026-35388.json","2026-09-29T22:51:49.246619+00:00"
"2026/cve-2026-35387.json","2026-09-29T22:51:49.204496+00:00"
"2026/cve-2026-35386.json","2026-09-29T22:51:49.163502+00:00"
"2026/cve-2026-35385.json","2026-09-29T22:51:49.121571+00:00"
"2026/cve-2026-23401.json","2026-09-29T22:51:49.016584+00:00"
"2025/cve-2025-68724.json","2026-09-29T22:51:48.749416+00:00"
"2026/cve-2026-3497.json","2026-09-29T22:51:48.634799+00:00"
"2026/cve-2026-24682.json","2026-09-29T22:51:48.596028+00:00"
"2025/cve-2025-38289.json","2026-09-29T22:51:48.492422+00:00"
"2026/cve-2026-22853.json","2026-09-29T22:51:48.447739+00:00"
"2025/cve-2025-40322.json","2026-09-29T22:51:48.304042+00:00"
"2025/cve-2025-38024.json","2026-09-29T22:51:48.127232+00:00"
"2026/cve-2026-23136.json","2026-09-29T22:51:47.995733+00:00"
"2026/cve-2026-31419.json","2026-09-29T22:51:47.923633+00:00"
"2026/cve-2026-31402.json","2026-09-29T22:51:47.781927+00:00"
"2026/cve-2026-23270.json","2026-09-29T22:51:47.605228+00:00"
"2026/cve-2026-32280.json","2026-09-29T22:51:47.534725+00:00"
"2026/cve-2026-27144.json","2026-09-29T22:51:47.488847+00:00"
"2026/cve-2026-27143.json","2026-09-29T22:51:47.393525+00:00"
"2026/cve-2026-27140.json","2026-09-29T22:51:47.232846+00:00"
"2026/cve-2026-32283.json","2026-09-29T22:51:47.126713+00:00"
"2026/cve-2026-32282.json","2026-09-29T22:51:47.074366+00:00"
"2026/cve-2026-23193.json","2026-09-29T22:51:46.947069+00:00"
"2026/cve-2026-23191.json","2026-09-29T22:51:46.781103+00:00"
"2026/cve-2026-23171.json","2026-09-29T22:51:46.719003+00:00"
"2026/cve-2026-23144.json","2026-09-29T22:51:46.614805+00:00"
"2025/cve-2025-15270.json","2026-09-29T22:51:46.518819+00:00"
"2026/cve-2026-27135.json","2026-09-29T22:51:46.497281+00:00"
"2025/cve-2025-40064.json","2026-09-29T22:51:46.442020+00:00"
"2021/cve-2021-3426.json","2026-09-29T22:51:46.401009+00:00"
"2025/cve-2025-61731.json","2026-09-29T22:51:46.379132+00:00"
"2026/cve-2026-3085.json","2026-09-29T22:51:46.334093+00:00"
"2026/cve-2026-3083.json","2026-09-29T22:51:46.292603+00:00"
"2026/cve-2026-2921.json","2026-09-29T22:51:46.251382+00:00"
"2026/cve-2026-24683.json","2026-09-29T22:51:46.212351+00:00"
"2026/cve-2026-24681.json","2026-09-29T22:51:46.194047+00:00"
"2026/cve-2026-22854.json","2026-09-29T22:51:46.175229+00:00"
"2025/cve-2025-10158.json","2026-09-29T22:51:46.147026+00:00"
"2026/cve-2026-25679.json","2026-09-29T22:51:46.030852+00:00"
"2026/cve-2026-32647.json","2026-09-29T22:51:45.948683+00:00"
"2026/cve-2026-27784.json","2026-09-29T22:51:45.866053+00:00"
"2026/cve-2026-27654.json","2026-09-29T22:51:45.787884+00:00"
"2026/cve-2026-27651.json","2026-09-29T22:51:45.710179+00:00"
"2025/cve-2025-37761.json","2026-09-29T22:51:45.624893+00:00"
"2026/cve-2026-24678.json","2026-09-29T22:51:45.581892+00:00"
"2025/cve-2025-39760.json","2026-09-29T22:51:45.522718+00:00"
"2022/cve-2022-50865.json","2026-09-29T22:51:45.438857+00:00"
"2026/cve-2026-21441.json","2026-09-29T22:51:45.392665+00:00"
"2026/cve-2026-44186.json","2026-09-29T22:51:45.321368+00:00"
"2024/cve-2024-40921.json","2026-09-29T22:51:45.261009+00:00"
"2026/cve-2026-43074.json","2026-09-29T22:51:45.192212+00:00"
"2026/cve-2026-32316.json","2026-09-29T22:51:45.140447+00:00"
"2026/cve-2026-22979.json","2026-09-29T22:51:45.058562+00:00"
"2025/cve-2025-38441.json","2026-09-29T22:51:44.978700+00:00"
"2024/cve-2024-27016.json","2026-09-29T22:51:44.918765+00:00"
"2026/cve-2026-1965.json","2026-09-29T22:51:44.873061+00:00"
"2026/cve-2026-3784.json","2026-09-29T22:51:44.830033+00:00"
"2026/cve-2026-5545.json","2026-09-29T22:51:44.668822+00:00"
"2026/cve-2026-6253.json","2026-09-29T22:51:44.615149+00:00"
"2026/cve-2026-6429.json","2026-09-29T22:51:44.560429+00:00"
"2026/cve-2026-5419.json","2026-09-29T22:51:44.521299+00:00"
"2026/cve-2026-3832.json","2026-09-29T22:51:44.502197+00:00"
"2026/cve-2026-28390.json","2026-09-29T22:51:44.484326+00:00"
"2026/cve-2026-4878.json","2026-09-29T22:51:44.461188+00:00"
"2026/cve-2026-4519.json","2026-09-29T22:51:44.407988+00:00"
"2026/cve-2026-23209.json","2026-09-29T22:51:44.286397+00:00"
"2026/cve-2026-23204.json","2026-09-29T22:51:44.114931+00:00"
"2025/cve-2025-38180.json","2026-09-29T22:51:43.899845+00:00"
"2017/cve-2017-1000158.json","2026-09-29T22:51:43.753771+00:00"
"2026/cve-2026-25646.json","2026-09-29T22:51:43.705430+00:00"
"2026/cve-2026-21721.json","2026-09-29T22:51:43.661509+00:00"
"2026/cve-2026-0994.json","2026-09-29T22:51:43.630976+00:00"
"2026/cve-2026-24882.json","2026-09-29T22:51:43.580698+00:00"
"2023/cve-2023-53034.json","2026-09-29T22:51:43.519135+00:00"
"2025/cve-2025-38459.json","2026-09-29T22:51:43.430903+00:00"
"2025/cve-2025-66471.json","2026-09-29T22:51:43.365094+00:00"
"2026/cve-2026-50722.json","2026-09-29T22:51:43.299581+00:00"
"2026/cve-2026-50721.json","2026-09-29T22:51:43.258779+00:00"
"2026/cve-2026-14957.json","2026-09-29T22:51:43.215434+00:00"
"2026/cve-2026-12413.json","2026-09-29T22:51:43.174215+00:00"
"2026/cve-2026-50525.json","2026-09-29T22:51:43.126517+00:00"
"2026/cve-2026-53009.json","2026-09-29T22:51:43.076396+00:00"
"2026/cve-2026-52976.json","2026-09-29T22:51:43.015213+00:00"
"2026/cve-2026-46215.json","2026-09-29T22:51:42.968461+00:00"
"2026/cve-2026-57108.json","2026-09-29T22:51:42.940127+00:00"
"2026/cve-2026-56170.json","2026-09-29T22:51:42.886354+00:00"
"2026/cve-2026-50659.json","2026-09-29T22:51:42.835443+00:00"
"2024/cve-2024-40914.json","2026-09-29T22:51:42.760225+00:00"
"2025/cve-2025-21766.json","2026-09-29T22:51:42.648104+00:00"
"2024/cve-2024-40920.json","2026-09-29T22:51:42.569183+00:00"
"2026/cve-2026-53163.json","2026-09-29T22:51:42.483710+00:00"
"2026/cve-2026-8643.json","2026-09-29T22:51:42.372850+00:00"
"2026/cve-2026-45700.json","2026-09-29T22:51:42.354649+00:00"
"2026/cve-2026-44422.json","2026-09-29T22:51:42.336038+00:00"
"2026/cve-2026-44421.json","2026-09-29T22:51:42.315913+00:00"
"2026/cve-2026-44420.json","2026-09-29T22:51:42.297391+00:00"
"2026/cve-2026-40033.json","2026-09-29T22:51:42.279109+00:00"
"2026/cve-2026-42055.json","2026-09-29T22:51:42.249643+00:00"
"2026/cve-2026-42338.json","2026-09-29T22:51:42.185551+00:00"
"2026/cve-2026-7168.json","2026-09-29T22:51:42.164746+00:00"
"2025/cve-2025-39833.json","2026-09-29T22:51:42.114915+00:00"
"2022/cve-2022-50425.json","2026-09-29T22:51:42.060019+00:00"
"2021/cve-2021-47293.json","2026-09-29T22:51:42.005523+00:00"
"2021/cve-2021-47138.json","2026-09-29T22:51:41.951904+00:00"
"2021/cve-2021-46960.json","2026-09-29T22:51:41.894673+00:00"
"2022/cve-2022-48786.json","2026-09-29T22:51:41.788913+00:00"
"2026/cve-2026-2003.json","2026-09-29T22:51:41.722561+00:00"
"2023/cve-2023-53581.json","2026-09-29T22:51:41.609674+00:00"
"2025/cve-2025-38415.json","2026-09-29T22:51:41.485614+00:00"
"2026/cve-2026-1709.json","2026-09-29T22:51:41.256507+00:00"
"2025/cve-2025-66418.json","2026-09-29T22:51:41.235834+00:00"
"2026/cve-2026-46227.json","2026-09-29T22:51:41.127635+00:00"
"2026/cve-2026-42154.json","2026-09-29T22:51:41.040084+00:00"
"2026/cve-2026-42151.json","2026-09-29T22:51:41.020204+00:00"
"2026/cve-2026-33811.json","2026-09-29T22:51:40.999824+00:00"
"2022/cve-2022-38266.json","2026-09-29T22:51:40.978577+00:00"
"2025/cve-2025-3360.json","2026-09-29T22:51:40.934766+00:00"
"2025/cve-2025-50949.json","2026-09-29T22:51:40.894015+00:00"
"2026/cve-2026-34059.json","2026-09-29T22:51:40.845913+00:00"
"2026/cve-2026-34032.json","2026-09-29T22:51:40.793959+00:00"
"2026/cve-2026-33857.json","2026-09-29T22:51:40.721808+00:00"
"2026/cve-2026-33007.json","2026-09-29T22:51:40.654143+00:00"
"2026/cve-2026-28780.json","2026-09-29T22:51:40.600543+00:00"
"2026/cve-2026-43110.json","2026-09-29T22:51:40.493666+00:00"
"2025/cve-2025-71089.json","2026-09-29T22:51:40.308612+00:00"
"2025/cve-2025-68366.json","2026-09-29T22:51:40.202813+00:00"
"2025/cve-2025-38653.json","2026-09-29T22:51:40.069909+00:00"
"2026/cve-2026-43190.json","2026-09-29T22:51:39.987917+00:00"
"2026/cve-2026-43158.json","2026-09-29T22:51:39.837102+00:00"
"2026/cve-2026-43051.json","2026-09-29T22:51:39.715079+00:00"
"2026/cve-2026-31709.json","2026-09-29T22:51:39.549489+00:00"
"2026/cve-2026-31685.json","2026-09-29T22:51:39.418254+00:00"
"2026/cve-2026-31684.json","2026-09-29T22:51:39.237042+00:00"
"2026/cve-2026-23455.json","2026-09-29T22:51:39.085971+00:00"
"2025/cve-2025-68183.json","2026-09-29T22:51:38.957265+00:00"
"2026/cve-2026-4775.json","2026-09-29T22:51:38.907804+00:00"
"2025/cve-2025-38154.json","2026-09-29T22:51:38.809615+00:00"
"2026/cve-2026-1642.json","2026-09-29T22:51:38.726308+00:00"
"2023/cve-2023-53240.json","2026-09-29T22:51:38.642374+00:00"
"2025/cve-2025-40251.json","2026-09-29T22:51:38.577738+00:00"
"2026/cve-2026-27145.json","2026-09-29T22:51:38.533265+00:00"
"2026/cve-2026-12505.json","2026-09-29T22:51:38.508333+00:00"
"2025/cve-2025-54571.json","2026-09-29T22:51:38.447568+00:00"
"2025/cve-2025-9301.json","2026-09-29T22:51:38.406510+00:00"
"2025/cve-2025-54350.json","2026-09-29T22:51:38.365000+00:00"
"2026/cve-2026-5172.json","2026-09-29T22:51:38.323271+00:00"
"2026/cve-2026-31408.json","2026-09-29T22:51:38.271627+00:00"
"2026/cve-2026-31677.json","2026-09-29T22:51:38.131243+00:00"
"2026/cve-2026-31431.json","2026-09-29T22:51:37.837846+00:00"
"2026/cve-2026-23060.json","2026-09-29T22:51:37.564981+00:00"
"2025/cve-2025-37882.json","2026-09-29T22:51:37.416256+00:00"
"2025/cve-2025-37869.json","2026-09-29T22:51:37.346833+00:00"
"2025/cve-2025-37861.json","2026-09-29T22:51:37.278633+00:00"
"2026/cve-2026-2006.json","2026-09-29T22:51:37.202152+00:00"
"2025/cve-2025-11234.json","2026-09-29T22:51:37.046197+00:00"
"2026/cve-2026-23534.json","2026-09-29T22:51:36.977464+00:00"
"2025/cve-2025-40158.json","2026-09-29T22:51:36.914907+00:00"
"2021/cve-2021-31535.json","2026-09-29T22:51:36.847103+00:00"
"2022/cve-2022-23219.json","2026-09-29T22:51:36.828308+00:00"
"2022/cve-2022-23218.json","2026-09-29T22:51:36.808431+00:00"
"2026/cve-2026-50651.json","2026-09-29T22:51:36.781254+00:00"
"2026/cve-2026-50650.json","2026-09-29T22:51:36.731123+00:00"
"2026/cve-2026-50649.json","2026-09-29T22:51:36.681912+00:00"
"2026/cve-2026-50648.json","2026-09-29T22:51:36.635376+00:00"
"2026/cve-2026-50646.json","2026-09-29T22:51:36.536795+00:00"
"2026/cve-2026-50528.json","2026-09-29T22:51:36.488437+00:00"
"2026/cve-2026-50527.json","2026-09-29T22:51:36.439657+00:00"
"2026/cve-2026-50526.json","2026-09-29T22:51:36.392882+00:00"
"2026/cve-2026-50524.json","2026-09-29T22:51:36.346365+00:00"
"2026/cve-2026-47304.json","2026-09-29T22:51:36.299199+00:00"
"2026/cve-2026-47303.json","2026-09-29T22:51:36.123083+00:00"
"2026/cve-2026-47302.json","2026-09-29T22:51:36.075026+00:00"
"2026/cve-2026-47300.json","2026-09-29T22:51:35.975385+00:00"
"2026/cve-2026-54512.json","2026-09-29T22:51:35.931019+00:00"
"2024/cve-2024-50125.json","2026-09-29T22:51:35.897628+00:00"
"2024/cve-2024-38384.json","2026-09-29T22:51:35.841492+00:00"
"2026/cve-2026-43499.json","2026-09-29T22:51:35.756181+00:00"
"2026/cve-2026-53359.json","2026-09-29T22:51:35.606507+00:00"
"2026/cve-2026-48165.json","2026-09-29T22:51:35.519022+00:00"
"2026/cve-2026-48163.json","2026-09-29T22:51:35.501252+00:00"
"2026/cve-2026-44173.json","2026-09-29T22:51:35.482958+00:00"
"2026/cve-2026-44172.json","2026-09-29T22:51:35.462695+00:00"
"2026/cve-2026-44171.json","2026-09-29T22:51:35.442748+00:00"
"2026/cve-2026-44170.json","2026-09-29T22:51:35.424051+00:00"
"2026/cve-2026-44169.json","2026-09-29T22:51:35.405709+00:00"
"2026/cve-2026-44168.json","2026-09-29T22:51:35.386860+00:00"
"2026/cve-2026-45898.json","2026-09-29T22:51:35.350203+00:00"
"2026/cve-2026-43198.json","2026-09-29T22:51:35.298661+00:00"
"2025/cve-2025-40918.json","2026-09-29T22:51:35.257861+00:00"
"2025/cve-2025-50181.json","2026-09-29T22:51:35.216117+00:00"
"2026/cve-2026-41651.json","2026-09-29T22:51:35.168415+00:00"
"2025/cve-2025-38206.json","2026-09-29T22:51:35.036908+00:00"
"2025/cve-2025-21724.json","2026-09-29T22:51:34.902508+00:00"
"2025/cve-2025-71085.json","2026-09-29T22:51:34.759824+00:00"
"2026/cve-2026-2005.json","2026-09-29T22:51:34.609886+00:00"
"2025/cve-2025-38684.json","2026-09-29T22:51:34.469424+00:00"
"2024/cve-2024-26846.json","2026-09-29T22:51:34.406987+00:00"
"2025/cve-2025-40318.json","2026-09-29T22:51:34.343424+00:00"
"2025/cve-2025-38568.json","2026-09-29T22:51:34.280458+00:00"
"2023/cve-2023-52635.json","2026-09-29T22:51:34.195913+00:00"
"2026/cve-2026-23001.json","2026-09-29T22:51:34.068059+00:00"
"2026/cve-2026-4111.json","2026-09-29T22:51:33.968507+00:00"
"2026/cve-2026-2004.json","2026-09-29T22:51:33.890920+00:00"
"2023/cve-2023-7324.json","2026-09-29T22:51:33.749205+00:00"
"2024/cve-2024-26638.json","2026-09-29T22:51:33.685718+00:00"
"2020/cve-2020-16156.json","2026-09-29T22:51:33.642528+00:00"
"2025/cve-2025-40170.json","2026-09-29T22:51:33.589151+00:00"
"2025/cve-2025-68800.json","2026-09-29T22:51:33.455278+00:00"
"2026/cve-2026-23097.json","2026-09-29T22:51:33.321062+00:00"
"2025/cve-2025-68121.json","2026-09-29T22:51:33.272472+00:00"
"2024/cve-2024-41064.json","2026-09-29T22:51:33.213444+00:00"
"2026/cve-2026-23883.json","2026-09-29T22:51:33.169912+00:00"
"2025/cve-2025-40271.json","2026-09-29T22:51:33.108872+00:00"
"2025/cve-2025-38022.json","2026-09-29T22:51:32.991084+00:00"
"2021/cve-2021-3115.json","2026-09-29T22:51:32.893089+00:00"
"2020/cve-2020-35357.json","2026-09-29T22:51:32.848543+00:00"
"2025/cve-2025-32464.json","2026-09-29T22:51:32.706030+00:00"
"2025/cve-2025-27113.json","2026-09-29T22:51:32.664952+00:00"
"2026/cve-2026-43163.json","2026-09-29T22:51:32.573739+00:00"
"2026/cve-2026-43128.json","2026-09-29T22:51:32.456107+00:00"
"2026/cve-2026-31607.json","2026-09-29T22:51:32.367908+00:00"
"2026/cve-2026-22990.json","2026-09-29T22:51:32.264440+00:00"
"2026/cve-2026-22984.json","2026-09-29T22:51:32.140748+00:00"
"2025/cve-2025-71116.json","2026-09-29T22:51:32.016014+00:00"
"2025/cve-2025-11411.json","2026-09-29T22:51:31.905645+00:00"
"2026/cve-2026-33810.json","2026-09-29T22:51:31.814360+00:00"
"2026/cve-2026-33186.json","2026-09-29T22:51:31.713995+00:00"
"2026/cve-2026-32281.json","2026-09-29T22:51:31.691045+00:00"
"2026/cve-2026-24842.json","2026-09-29T22:51:31.648011+00:00"
"2026/cve-2026-23950.json","2026-09-29T22:51:31.627531+00:00"
"2026/cve-2026-23745.json","2026-09-29T22:51:31.607845+00:00"
"2025/cve-2025-15284.json","2026-09-29T22:51:31.588298+00:00"
"2026/cve-2026-5260.json","2026-09-29T22:51:31.569939+00:00"
"2025/cve-2025-40220.json","2026-09-29T22:51:31.532142+00:00"
"2024/cve-2024-26673.json","2026-09-29T22:51:31.461606+00:00"
"2024/cve-2024-26601.json","2026-09-29T22:51:31.233628+00:00"
"2025/cve-2025-68114.json","2026-09-29T22:51:31.159559+00:00"
"2026/cve-2026-22801.json","2026-09-29T22:51:31.134961+00:00"
"2025/cve-2025-61732.json","2026-09-29T22:51:31.087040+00:00"
"2025/cve-2025-40135.json","2026-09-29T22:51:31.009767+00:00"
"2025/cve-2025-37819.json","2026-09-29T22:51:30.923372+00:00"
"2021/cve-2021-39191.json","2026-09-29T22:51:30.877342+00:00"
"2021/cve-2021-32792.json","2026-09-29T22:51:30.836360+00:00"
"2021/cve-2021-32786.json","2026-09-29T22:51:30.793062+00:00"
"2026/cve-2026-42010.json","2026-09-29T22:51:30.751298+00:00"
"2026/cve-2026-4893.json","2026-09-29T22:51:30.725260+00:00"
"2026/cve-2026-4890.json","2026-09-29T22:51:30.619912+00:00"
"2026/cve-2026-2291.json","2026-09-29T22:51:30.531913+00:00"
"2026/cve-2026-34043.json","2026-09-29T22:51:30.433574+00:00"
"2026/cve-2026-4224.json","2026-09-29T22:51:30.412167+00:00"
"2026/cve-2026-3644.json","2026-09-29T22:51:30.371289+00:00"
"2026/cve-2026-2297.json","2026-09-29T22:51:30.263920+00:00"
"2026/cve-2026-1502.json","2026-09-29T22:51:30.219065+00:00"
"2026/cve-2026-0672.json","2026-09-29T22:51:30.154208+00:00"
"2025/cve-2025-15282.json","2026-09-29T22:51:30.092649+00:00"
"2025/cve-2025-13837.json","2026-09-29T22:51:30.049445+00:00"
"2026/cve-2026-35535.json","2026-09-29T22:51:29.876894+00:00"
"2026/cve-2026-22695.json","2026-09-29T22:51:29.833266+00:00"
"2025/cve-2025-61728.json","2026-09-29T22:51:29.786740+00:00"
"2020/cve-2020-1472.json","2026-09-29T22:51:29.731204+00:00"
"2021/cve-2021-3393.json","2026-09-29T22:51:29.689696+00:00"
"2026/cve-2026-43329.json","2026-09-29T22:51:29.644398+00:00"
"2026/cve-2026-6893.json","2026-09-29T22:51:29.570335+00:00"
"2026/cve-2026-43964.json","2026-09-29T22:51:29.499280+00:00"
"2026/cve-2026-46135.json","2026-09-29T22:51:29.431590+00:00"
"2026/cve-2026-43279.json","2026-09-29T22:51:29.350853+00:00"
"2026/cve-2026-31488.json","2026-09-29T22:51:29.197843+00:00"
"2026/cve-2026-46331.json","2026-09-29T22:51:29.120190+00:00"
"2026/cve-2026-46173.json","2026-09-29T22:51:29.007670+00:00"
"2026/cve-2026-46166.json","2026-09-29T22:51:28.927608+00:00"
"2026/cve-2026-46152.json","2026-09-29T22:51:28.750938+00:00"
"2026/cve-2026-31787.json","2026-09-29T22:51:28.584130+00:00"
"2026/cve-2026-31669.json","2026-09-29T22:51:28.512858+00:00"
"2026/cve-2026-46333.json","2026-09-29T22:51:28.402638+00:00"
"2026/cve-2026-23273.json","2026-09-29T22:51:28.227256+00:00"
"2025/cve-2025-39881.json","2026-09-29T22:51:28.028027+00:00"
"2025/cve-2025-38129.json","2026-09-29T22:51:27.915575+00:00"
"2025/cve-2025-38106.json","2026-09-29T22:51:27.780996+00:00"
"2025/cve-2025-61726.json","2026-09-29T22:51:27.729593+00:00"
"2026/cve-2026-53059.json","2026-09-29T22:51:27.628618+00:00"
"2026/cve-2026-6507.json","2026-09-29T22:51:27.455012+00:00"
"2025/cve-2025-12198.json","2026-09-29T22:51:27.435365+00:00"
"2024/cve-2024-27398.json","2026-09-29T22:51:27.257816+00:00"
"2026/cve-2026-46113.json","2026-09-29T22:51:27.174873+00:00"
"2026/cve-2026-39821.json","2026-09-29T22:51:27.028054+00:00"
"2026/cve-2026-6722.json","2026-09-29T22:51:27.000864+00:00"
"2026/cve-2026-32289.json","2026-09-29T22:51:26.949619+00:00"
"2025/cve-2025-68119.json","2026-09-29T22:51:26.897022+00:00"
"2025/cve-2025-61730.json","2026-09-29T22:51:26.850586+00:00"
"2026/cve-2026-6478.json","2026-09-29T22:51:26.768711+00:00"
"2026/cve-2026-6477.json","2026-09-29T22:51:26.614265+00:00"
"2026/cve-2026-6475.json","2026-09-29T22:51:26.458152+00:00"
"2026/cve-2026-6473.json","2026-09-29T22:51:26.306389+00:00"
"2026/cve-2026-26740.json","2026-09-29T22:51:26.180874+00:00"
"2026/cve-2026-5201.json","2026-09-29T22:51:26.158291+00:00"
"2026/cve-2026-27877.json","2026-09-29T22:51:26.132559+00:00"
"2025/cve-2025-39766.json","2026-09-29T22:51:26.055642+00:00"
"2026/cve-2026-34986.json","2026-09-29T22:51:25.960381+00:00"
"2026/cve-2026-6100.json","2026-09-29T22:51:25.934004+00:00"
"2026/cve-2026-4786.json","2026-09-29T22:51:25.865068+00:00"
"2026/cve-2026-4800.json","2026-09-29T22:51:25.802787+00:00"
"2025/cve-2025-37789.json","2026-09-29T22:51:25.744795+00:00"
"2025/cve-2025-68811.json","2026-09-29T22:51:25.655394+00:00"
"2021/cve-2021-23239.json","2026-09-29T22:51:25.608131+00:00"
"2026/cve-2026-42535.json","2026-09-29T22:51:25.475106+00:00"
"2026/cve-2026-33006.json","2026-09-29T22:51:25.424904+00:00"
"2026/cve-2026-24072.json","2026-09-29T22:51:25.377982+00:00"
"2026/cve-2026-54370.json","2026-09-29T22:51:25.331918+00:00"
"2026/cve-2026-54369.json","2026-09-29T22:51:25.267557+00:00"
"2026/cve-2026-33630.json","2026-09-29T22:51:25.208218+00:00"
"2026/cve-2026-14476.json","2026-09-29T22:51:25.179686+00:00"
"2026/cve-2026-14474.json","2026-09-29T22:51:25.127332+00:00"
"2026/cve-2026-55380.json","2026-09-29T22:51:25.084708+00:00"
"2026/cve-2026-55379.json","2026-09-29T22:51:25.066292+00:00"
"2026/cve-2026-54060.json","2026-09-29T22:51:25.048701+00:00"
"2026/cve-2026-54059.json","2026-09-29T22:51:25.030088+00:00"
"2026/cve-2026-48914.json","2026-09-29T22:51:24.984197+00:00"
"2026/cve-2026-42216.json","2026-09-29T22:51:24.783599+00:00"
"2026/cve-2026-44631.json","2026-09-29T22:51:24.756691+00:00"
"2026/cve-2026-44185.json","2026-09-29T22:51:24.709255+00:00"
"2026/cve-2026-42536.json","2026-09-29T22:51:24.663598+00:00"
"2026/cve-2026-34356.json","2026-09-29T22:51:24.615807+00:00"
"2026/cve-2026-34355.json","2026-09-29T22:51:24.559193+00:00"
"2026/cve-2026-3238.json","2026-09-29T22:51:24.443550+00:00"
"2025/cve-2025-64506.json","2026-09-29T22:51:24.350917+00:00"
"2025/cve-2025-61727.json","2026-09-29T22:51:24.283949+00:00"
"2025/cve-2025-58185.json","2026-09-29T22:51:24.237937+00:00"
"2026/cve-2026-9256.json","2026-09-29T22:51:24.181527+00:00"
"2026/cve-2026-46317.json","2026-09-29T22:51:24.100853+00:00"
"2026/cve-2026-44608.json","2026-09-29T22:51:24.039721+00:00"
"2026/cve-2026-43620.json","2026-09-29T22:51:23.940743+00:00"
"2026/cve-2026-43618.json","2026-09-29T22:51:23.825329+00:00"
"2026/cve-2026-42534.json","2026-09-29T22:51:23.696803+00:00"
"2026/cve-2026-3592.json","2026-09-29T22:51:23.556728+00:00"
"2026/cve-2026-23066.json","2026-09-29T22:51:23.431276+00:00"
"2025/cve-2025-40324.json","2026-09-29T22:51:23.368224+00:00"
"2024/cve-2024-43168.json","2026-09-29T22:51:23.305268+00:00"
"2023/cve-2023-53556.json","2026-09-29T22:51:23.205150+00:00"
"2023/cve-2023-53393.json","2026-09-29T22:51:23.150838+00:00"
"2023/cve-2023-53192.json","2026-09-29T22:51:23.090950+00:00"
"2023/cve-2023-52518.json","2026-09-29T22:51:23.031666+00:00"
"2023/cve-2023-52450.json","2026-09-29T22:51:22.970642+00:00"
"2022/cve-2022-50615.json","2026-09-29T22:51:22.916299+00:00"
"2022/cve-2022-50272.json","2026-09-29T22:51:22.863618+00:00"
"2026/cve-2026-42945.json","2026-09-29T22:51:22.807089+00:00"
"2025/cve-2025-68741.json","2026-09-29T22:51:22.706352+00:00"
"2025/cve-2025-65637.json","2026-09-29T22:51:22.636652+00:00"
"2025/cve-2025-40304.json","2026-09-29T22:51:22.527661+00:00"
"2021/cve-2021-32791.json","2026-09-29T22:51:22.411482+00:00"
"2022/cve-2022-24903.json","2026-09-29T22:51:22.348978+00:00"
"2025/cve-2025-64505.json","2026-09-29T22:51:22.262310+00:00"
"2025/cve-2025-61725.json","2026-09-29T22:51:22.215569+00:00"
"2025/cve-2025-47912.json","2026-09-29T22:51:22.169244+00:00"
"2026/cve-2026-5950.json","2026-09-29T22:51:22.095189+00:00"
"2026/cve-2026-46316.json","2026-09-29T22:51:21.967059+00:00"
"2026/cve-2026-45232.json","2026-09-29T22:51:21.908895+00:00"
"2026/cve-2026-44390.json","2026-09-29T22:51:21.772661+00:00"
"2026/cve-2026-43619.json","2026-09-29T22:51:21.675923+00:00"
"2026/cve-2026-43617.json","2026-09-29T22:51:21.447013+00:00"
"2026/cve-2026-42960.json","2026-09-29T22:51:21.345623+00:00"
"2026/cve-2026-42923.json","2026-09-29T22:51:21.241475+00:00"
"2026/cve-2026-41292.json","2026-09-29T22:51:21.136737+00:00"
"2026/cve-2026-40622.json","2026-09-29T22:51:21.027427+00:00"
"2026/cve-2026-32792.json","2026-09-29T22:51:20.919315+00:00"
"2026/cve-2026-29518.json","2026-09-29T22:51:20.819310+00:00"
"2025/cve-2025-68325.json","2026-09-29T22:51:20.664457+00:00"
"2025/cve-2025-10263.json","2026-09-29T22:51:20.399237+00:00"
"2024/cve-2024-53164.json","2026-09-29T22:51:20.270084+00:00"
"2024/cve-2024-43167.json","2026-09-29T22:51:20.207125+00:00"
"2024/cve-2024-26931.json","2026-09-29T22:51:20.096156+00:00"
"2023/cve-2023-54270.json","2026-09-29T22:51:20.040635+00:00"
"2023/cve-2023-53421.json","2026-09-29T22:51:19.973101+00:00"
"2023/cve-2023-53241.json","2026-09-29T22:51:19.909670+00:00"
"2023/cve-2023-53015.json","2026-09-29T22:51:19.855283+00:00"
"2023/cve-2023-52880.json","2026-09-29T22:51:19.793427+00:00"
"2023/cve-2023-52562.json","2026-09-29T22:51:19.729928+00:00"
"2022/cve-2022-50318.json","2026-09-29T22:51:19.672638+00:00"
"2022/cve-2022-49908.json","2026-09-29T22:51:19.618045+00:00"
"2026/cve-2026-46300.json","2026-09-29T22:51:19.500729+00:00"
"2026/cve-2026-31532.json","2026-09-29T22:51:19.312956+00:00"
"2026/cve-2026-23243.json","2026-09-29T22:51:19.168134+00:00"
"2025/cve-2025-38248.json","2026-09-29T22:51:19.009331+00:00"
"2022/cve-2022-50243.json","2026-09-29T22:51:18.876775+00:00"
"2022/cve-2022-50213.json","2026-09-29T22:51:18.824753+00:00"
"2022/cve-2022-48701.json","2026-09-29T22:51:18.762944+00:00"
"2022/cve-2022-48695.json","2026-09-29T22:51:18.686112+00:00"
"2022/cve-2022-48687.json","2026-09-29T22:51:18.633280+00:00"
"2022/cve-2022-48686.json","2026-09-29T22:51:18.580195+00:00"
"2022/cve-2022-48659.json","2026-09-29T22:51:18.527248+00:00"
"2025/cve-2025-68349.json","2026-09-29T22:51:18.427896+00:00"
"2026/cve-2026-45984.json","2026-09-29T22:51:18.271816+00:00"
"2026/cve-2026-43414.json","2026-09-29T22:51:18.170138+00:00"
"2025/cve-2025-5278.json","2026-09-29T22:51:18.126059+00:00"
"2026/cve-2026-27139.json","2026-09-29T22:51:18.076285+00:00"
"2025/cve-2025-61724.json","2026-09-29T22:51:17.932715+00:00"
"2025/cve-2025-47910.json","2026-09-29T22:51:17.879915+00:00"
"2026/cve-2026-43038.json","2026-09-29T22:51:17.721254+00:00"
"2026/cve-2026-31613.json","2026-09-29T22:51:17.590615+00:00"
"2025/cve-2025-21858.json","2026-09-29T22:51:17.539349+00:00"
"2026/cve-2026-46181.json","2026-09-29T22:51:17.458996+00:00"
"2026/cve-2026-45852.json","2026-09-29T22:51:17.324932+00:00"
"2026/cve-2026-43037.json","2026-09-29T22:51:17.101832+00:00"
"2026/cve-2026-45446.json","2026-09-29T22:51:16.963154+00:00"
"2026/cve-2026-42769.json","2026-09-29T22:51:16.942820+00:00"
"2026/cve-2026-42767.json","2026-09-29T22:51:16.922290+00:00"
"2026/cve-2026-42764.json","2026-09-29T22:51:16.902973+00:00"
"2026/cve-2026-34183.json","2026-09-29T22:51:16.882720+00:00"
"2026/cve-2026-34182.json","2026-09-29T22:51:16.862610+00:00"
"2026/cve-2026-34181.json","2026-09-29T22:51:16.844073+00:00"
"2026/cve-2026-41035.json","2026-09-29T22:51:16.814641+00:00"
"2025/cve-2025-38323.json","2026-09-29T22:51:16.629626+00:00"
"2022/cve-2022-49674.json","2026-09-29T22:51:16.481472+00:00"
"2026/cve-2026-23074.json","2026-09-29T22:51:16.424563+00:00"
"2023/cve-2023-53821.json","2026-09-29T22:51:16.348667+00:00"
"2022/cve-2022-50410.json","2026-09-29T22:51:16.294767+00:00"
"2022/cve-2022-49290.json","2026-09-29T22:51:16.240571+00:00"
"2025/cve-2025-40168.json","2026-09-29T22:51:16.170237+00:00"
"2025/cve-2025-38730.json","2026-09-29T22:51:16.086378+00:00"
"2022/cve-2022-32206.json","2026-09-29T22:51:16.043965+00:00"
"2026/cve-2026-29169.json","2026-09-29T22:51:16.017523+00:00"
"2026/cve-2026-43187.json","2026-09-29T22:51:15.965355+00:00"
"2026/cve-2026-32288.json","2026-09-29T22:51:15.907708+00:00"
"2026/cve-2026-27142.json","2026-09-29T22:51:15.859454+00:00"
"2025/cve-2025-61723.json","2026-09-29T22:51:15.812823+00:00"
"2025/cve-2025-47907.json","2026-09-29T22:51:15.766336+00:00"
"2026/cve-2026-46243.json","2026-09-29T22:51:15.670561+00:00"
"2026/cve-2026-40170.json","2026-09-29T22:51:15.534283+00:00"
"2026/cve-2026-2340.json","2026-09-29T22:51:15.471403+00:00"
"2026/cve-2026-1933.json","2026-09-29T22:51:15.368773+00:00"
"2026/cve-2026-4891.json","2026-09-29T22:51:15.313382+00:00"
"2026/cve-2026-4892.json","2026-09-29T22:51:15.202617+00:00"
"2026/cve-2026-27137.json","2026-09-29T22:51:15.096890+00:00"
"2026/cve-2026-25749.json","2026-09-29T22:51:15.033913+00:00"
"2025/cve-2025-40269.json","2026-09-29T22:51:14.834288+00:00"
"2021/cve-2021-22923.json","2026-09-29T22:51:14.739860+00:00"
"2026/cve-2026-27138.json","2026-09-29T22:51:14.716305+00:00"
"2025/cve-2025-58189.json","2026-09-29T22:51:14.669305+00:00"
"2025/cve-2025-22874.json","2026-09-29T22:51:14.614367+00:00"
"2025/cve-2025-22870.json","2026-09-29T22:51:14.585191+00:00"
"2026/cve-2026-40356.json","2026-09-29T22:51:14.538164+00:00"
"2026/cve-2026-40355.json","2026-09-29T22:51:14.494309+00:00"
"2026/cve-2026-40164.json","2026-09-29T22:51:14.400022+00:00"
"2026/cve-2026-39979.json","2026-09-29T22:51:14.333812+00:00"
"2026/cve-2026-5121.json","2026-09-29T22:51:14.245595+00:00"
"2026/cve-2026-4424.json","2026-09-29T22:51:14.171620+00:00"
"2026/cve-2026-33116.json","2026-09-29T22:51:14.089965+00:00"
"2026/cve-2026-32203.json","2026-09-29T22:51:14.042529+00:00"
"2026/cve-2026-32178.json","2026-09-29T22:51:13.877703+00:00"
"2026/cve-2026-26171.json","2026-09-29T22:51:13.830560+00:00"
"2026/cve-2026-26130.json","2026-09-29T22:51:13.779601+00:00"
"2026/cve-2026-25506.json","2026-09-29T22:51:13.719044+00:00"
"2021/cve-2021-22922.json","2026-09-29T22:51:13.607806+00:00"
"2026/cve-2026-44432.json","2026-09-29T22:51:13.589957+00:00"
"2026/cve-2026-44431.json","2026-09-29T22:51:13.526207+00:00"
"2026/cve-2026-34757.json","2026-09-29T22:51:13.459971+00:00"
"2025/cve-2025-58188.json","2026-09-29T22:51:13.406022+00:00"
"2025/cve-2025-22873.json","2026-09-29T22:51:13.358190+00:00"
"2023/cve-2023-39323.json","2026-09-29T22:51:13.309070+00:00"
"2026/cve-2026-4480.json","2026-09-29T22:51:13.220090+00:00"
"2026/cve-2026-4408.json","2026-09-29T22:51:13.087614+00:00"
"2026/cve-2026-3012.json","2026-09-29T22:51:12.955233+00:00"
"2026/cve-2026-23216.json","2026-09-29T22:51:12.792976+00:00"
"2026/cve-2026-27622.json","2026-09-29T22:51:12.657400+00:00"
"2026/cve-2026-26127.json","2026-09-29T22:51:12.631764+00:00"
"2025/cve-2025-13465.json","2026-09-29T22:51:12.589296+00:00"
"2022/cve-2022-35737.json","2026-09-29T22:51:12.569401+00:00"
"2024/cve-2024-35852.json","2026-09-29T22:51:12.504325+00:00"
"2024/cve-2024-26897.json","2026-09-29T22:51:12.421414+00:00"
"2024/cve-2024-26828.json","2026-09-29T22:51:12.356125+00:00"
"2024/cve-2024-38573.json","2026-09-29T22:51:12.293116+00:00"
"2024/cve-2024-36270.json","2026-09-29T22:51:12.225417+00:00"
"2024/cve-2024-36017.json","2026-09-29T22:51:12.137251+00:00"
"2024/cve-2024-5564.json","2026-09-29T22:51:12.063382+00:00"
"2024/cve-2024-28757.json","2026-09-29T22:51:11.952015+00:00"
"2025/cve-2025-1217.json","2026-09-29T22:51:11.895997+00:00"
"2024/cve-2024-28176.json","2026-09-29T22:51:11.821844+00:00"
"2024/cve-2024-27012.json","2026-09-29T22:51:11.325550+00:00"
"2024/cve-2024-2616.json","2026-09-29T22:51:11.267512+00:00"
"2024/cve-2024-2608.json","2026-09-29T22:51:11.146685+00:00"
"2024/cve-2024-2511.json","2026-09-29T22:51:10.985548+00:00"
"2024/cve-2024-24791.json","2026-09-29T22:51:10.905373+00:00"
"2024/cve-2024-24784.json","2026-09-29T22:51:10.281863+00:00"
"2024/cve-2024-23984.json","2026-09-29T22:51:09.724508+00:00"
"2024/cve-2024-2398.json","2026-09-29T22:51:09.502903+00:00"
"2024/cve-2024-23672.json","2026-09-29T22:51:09.394741+00:00"
"2024/cve-2024-23638.json","2026-09-29T22:51:09.312740+00:00"
"2024/cve-2024-2199.json","2026-09-29T22:51:09.267352+00:00"
"2023/cve-2023-50447.json","2026-09-29T22:51:09.216054+00:00"
"2023/cve-2023-50269.json","2026-09-29T22:51:09.142398+00:00"
"2023/cve-2023-47855.json","2026-09-29T22:51:09.016464+00:00"
"2023/cve-2023-4692.json","2026-09-29T22:51:08.967549+00:00"
"2025/cve-2025-38556.json","2026-09-29T22:51:08.868680+00:00"
"2023/cve-2023-46809.json","2026-09-29T22:51:08.769882+00:00"
"2023/cve-2023-46724.json","2026-09-29T22:51:08.677727+00:00"
"2023/cve-2023-46103.json","2026-09-29T22:51:08.551519+00:00"
"2023/cve-2023-4583.json","2026-09-29T22:51:08.450797+00:00"
"2023/cve-2023-4580.json","2026-09-29T22:51:08.384556+00:00"
"2023/cve-2023-4574.json","2026-09-29T22:51:08.319042+00:00"
"2023/cve-2023-45285.json","2026-09-29T22:51:08.246791+00:00"
"2023/cve-2023-53386.json","2026-09-29T22:51:08.046214+00:00"
"2023/cve-2023-45231.json","2026-09-29T22:51:07.880299+00:00"
"2023/cve-2023-43804.json","2026-09-29T22:51:07.765308+00:00"
"2023/cve-2023-43786.json","2026-09-29T22:51:07.314029+00:00"
"2023/cve-2023-43758.json","2026-09-29T22:51:07.270667+00:00"
"2023/cve-2023-3090.json","2026-09-29T22:51:07.131417+00:00"
"2023/cve-2023-30590.json","2026-09-29T22:51:07.055328+00:00"
"2023/cve-2023-30589.json","2026-09-29T22:51:06.932240+00:00"
"2023/cve-2023-30588.json","2026-09-29T22:51:06.809355+00:00"
"2023/cve-2023-30581.json","2026-09-29T22:51:06.684994+00:00"
"2023/cve-2023-30570.json","2026-09-29T22:51:06.573975+00:00"
"2023/cve-2023-3019.json","2026-09-29T22:51:06.512741+00:00"
"2023/cve-2023-2975.json","2026-09-29T22:51:06.463485+00:00"
"2023/cve-2023-29552.json","2026-09-29T22:51:06.365524+00:00"
"2023/cve-2023-2953.json","2026-09-29T22:51:06.338664+00:00"
"2023/cve-2023-29491.json","2026-09-29T22:51:06.273630+00:00"
"2023/cve-2023-29469.json","2026-09-29T22:51:06.184812+00:00"
"2023/cve-2023-29409.json","2026-09-29T22:51:06.061933+00:00"
"2023/cve-2023-29405.json","2026-09-29T22:51:05.050868+00:00"
"2023/cve-2023-29404.json","2026-09-29T22:51:04.958892+00:00"
"2023/cve-2023-29403.json","2026-09-29T22:51:04.864677+00:00"
"2023/cve-2023-29402.json","2026-09-29T22:51:04.777411+00:00"
"2023/cve-2023-29337.json","2026-09-29T22:51:04.685335+00:00"
"2023/cve-2023-29331.json","2026-09-29T22:51:04.634332+00:00"
"2023/cve-2023-29007.json","2026-09-29T22:51:04.585122+00:00"
"2023/cve-2023-28879.json","2026-09-29T22:51:04.511474+00:00"
"2023/cve-2023-28746.json","2026-09-29T22:51:04.382930+00:00"
"2023/cve-2023-28617.json","2026-09-29T22:51:04.230729+00:00"
"2023/cve-2023-28487.json","2026-09-29T22:51:04.182376+00:00"
"2023/cve-2023-28486.json","2026-09-29T22:51:04.093589+00:00"
"2023/cve-2023-28484.json","2026-09-29T22:51:04.007834+00:00"
"2023/cve-2023-28466.json","2026-09-29T22:51:03.923260+00:00"
"2023/cve-2023-28464.json","2026-09-29T22:51:03.792947+00:00"
"2023/cve-2023-28450.json","2026-09-29T22:51:03.676040+00:00"
"2023/cve-2023-28370.json","2026-09-29T22:51:03.591335+00:00"
"2023/cve-2023-28322.json","2026-09-29T22:51:03.536869+00:00"
"2022/cve-2022-21499.json","2026-09-29T22:51:03.328764+00:00"
"2022/cve-2022-45869.json","2026-09-29T22:51:03.258794+00:00"
"2024/cve-2024-36924.json","2026-09-29T22:51:03.200624+00:00"
"2024/cve-2024-35857.json","2026-09-29T22:51:03.143124+00:00"
"2023/cve-2023-52458.json","2026-09-29T22:51:03.082978+00:00"
"2024/cve-2024-41073.json","2026-09-29T22:51:03.023868+00:00"
"2024/cve-2024-26946.json","2026-09-29T22:51:02.964167+00:00"
"2024/cve-2024-29944.json","2026-09-29T22:51:02.916810+00:00"
"2024/cve-2024-2947.json","2026-09-29T22:51:02.830680+00:00"
"2024/cve-2024-28834.json","2026-09-29T22:51:02.759168+00:00"
"2025/cve-2025-1219.json","2026-09-29T22:51:02.527263+00:00"
"2024/cve-2024-27020.json","2026-09-29T22:51:02.466067+00:00"
"2024/cve-2024-26923.json","2026-09-29T22:51:02.373368+00:00"
"2025/cve-2025-21764.json","2026-09-29T22:51:02.234904+00:00"
"2024/cve-2024-25062.json","2026-09-29T22:51:02.088181+00:00"
"2024/cve-2024-24806.json","2026-09-29T22:51:01.977626+00:00"
"2024/cve-2024-24790.json","2026-09-29T22:51:01.839792+00:00"
"2024/cve-2024-24783.json","2026-09-29T22:51:01.689287+00:00"
"2024/cve-2024-24549.json","2026-09-29T22:51:01.206386+00:00"
"2024/cve-2024-23918.json","2026-09-29T22:51:01.144481+00:00"
"2024/cve-2024-2357.json","2026-09-29T22:51:00.779859+00:00"
"2024/cve-2024-22019.json","2026-09-29T22:51:00.692329+00:00"
"2024/cve-2024-21404.json","2026-09-29T22:51:00.589863+00:00"
"2024/cve-2024-21319.json","2026-09-29T22:51:00.497091+00:00"
"2023/cve-2023-50387.json","2026-09-29T22:51:00.378016+00:00"
"2023/cve-2023-50186.json","2026-09-29T22:50:59.949208+00:00"
"2023/cve-2023-4693.json","2026-09-29T22:50:59.836383+00:00"
"2023/cve-2023-46589.json","2026-09-29T22:50:59.766360+00:00"
"2025/cve-2025-39757.json","2026-09-29T22:50:59.545371+00:00"
"2023/cve-2023-45802.json","2026-09-29T22:50:59.349909+00:00"
"2023/cve-2023-4578.json","2026-09-29T22:50:59.200105+00:00"
"2025/cve-2025-39817.json","2026-09-29T22:50:59.050181+00:00"
"2023/cve-2023-45234.json","2026-09-29T22:50:58.859888+00:00"
"2023/cve-2023-45230.json","2026-09-29T22:50:58.777444+00:00"
"2023/cve-2023-44446.json","2026-09-29T22:50:58.706717+00:00"
"2023/cve-2023-44441.json","2026-09-29T22:50:58.617584+00:00"
"2023/cve-2023-43490.json","2026-09-29T22:50:58.576008+00:00"
"2025/cve-2025-39751.json","2026-09-29T22:50:58.386378+00:00"
"2023/cve-2023-42667.json","2026-09-29T22:50:58.205687+00:00"
"2023/cve-2023-28321.json","2026-09-29T22:50:57.926715+00:00"
"2022/cve-2022-3500.json","2026-09-29T22:50:57.864396+00:00"
"2024/cve-2024-36952.json","2026-09-29T22:50:57.795145+00:00"
"2024/cve-2024-35885.json","2026-09-29T22:50:57.713832+00:00"
"2024/cve-2024-27030.json","2026-09-29T22:50:57.653343+00:00"
"2023/cve-2023-52809.json","2026-09-29T22:50:57.593375+00:00"
"2024/cve-2024-31082.json","2026-09-29T22:50:57.515875+00:00"
"2024/cve-2024-28219.json","2026-09-29T22:50:57.377356+00:00"
"2024/cve-2024-27017.json","2026-09-29T22:50:57.296333+00:00"
"2024/cve-2024-2698.json","2026-09-29T22:50:57.244144+00:00"
"2024/cve-2024-26668.json","2026-09-29T22:50:57.183168+00:00"
"2024/cve-2024-26598.json","2026-09-29T22:50:57.101212+00:00"
"2024/cve-2024-26585.json","2026-09-29T22:50:56.968802+00:00"
"2024/cve-2024-2611.json","2026-09-29T22:50:56.870859+00:00"
"2024/cve-2024-8508.json","2026-09-29T22:50:56.683095+00:00"
"2024/cve-2024-2609.json","2026-09-29T22:50:56.593199+00:00"
"2024/cve-2024-25744.json","2026-09-29T22:50:56.494139+00:00"
"2024/cve-2024-24968.json","2026-09-29T22:50:56.448572+00:00"
"2024/cve-2024-24788.json","2026-09-29T22:50:56.317317+00:00"
"2024/cve-2024-22365.json","2026-09-29T22:50:55.859483+00:00"
"2024/cve-2024-21892.json","2026-09-29T22:50:55.748171+00:00"
"2024/cve-2024-21885.json","2026-09-29T22:50:55.615525+00:00"
"2024/cve-2024-21733.json","2026-09-29T22:50:55.245270+00:00"
"2024/cve-2024-21238.json","2026-09-29T22:50:55.213607+00:00"
"2023/cve-2023-4921.json","2026-09-29T22:50:55.114397+00:00"
"2023/cve-2023-48161.json","2026-09-29T22:50:54.815088+00:00"
"2023/cve-2023-47235.json","2026-09-29T22:50:54.510828+00:00"
"2023/cve-2023-46728.json","2026-09-29T22:50:54.434897+00:00"
"2023/cve-2023-4623.json","2026-09-29T22:50:54.176467+00:00"
"2023/cve-2023-46218.json","2026-09-29T22:50:53.980143+00:00"
"2023/cve-2023-53373.json","2026-09-29T22:50:53.793869+00:00"
"2023/cve-2023-4581.json","2026-09-29T22:50:53.540733+00:00"
"2023/cve-2023-4575.json","2026-09-29T22:50:53.473427+00:00"
"2023/cve-2023-45289.json","2026-09-29T22:50:53.361896+00:00"
"2023/cve-2023-45287.json","2026-09-29T22:50:53.242706+00:00"
"2023/cve-2023-53297.json","2026-09-29T22:50:52.189425+00:00"
"2023/cve-2023-45232.json","2026-09-29T22:50:52.008353+00:00"
"2025/cve-2025-39849.json","2026-09-29T22:50:51.894095+00:00"
"2023/cve-2023-44443.json","2026-09-29T22:50:51.839417+00:00"
"2023/cve-2023-43787.json","2026-09-29T22:50:51.780960+00:00"
"2023/cve-2023-42917.json","2026-09-29T22:50:51.733458+00:00"
"2023/cve-2023-42756.json","2026-09-29T22:50:51.636285+00:00"
"2025/cve-2025-39718.json","2026-09-29T22:50:51.562962+00:00"
"2023/cve-2023-4218.json","2026-09-29T22:50:51.501256+00:00"
"2023/cve-2023-4207.json","2026-09-29T22:50:51.376367+00:00"
"2023/cve-2023-41993.json","2026-09-29T22:50:51.070733+00:00"
"2023/cve-2023-2828.json","2026-09-29T22:50:50.950892+00:00"
"2023/cve-2023-52598.json","2026-09-29T22:50:50.836349+00:00"
"2024/cve-2024-27046.json","2026-09-29T22:50:50.765590+00:00"
"2024/cve-2024-26737.json","2026-09-29T22:50:50.702043+00:00"
"2024/cve-2024-36979.json","2026-09-29T22:50:50.640953+00:00"
"2024/cve-2024-35791.json","2026-09-29T22:50:50.582101+00:00"
"2024/cve-2024-31068.json","2026-09-29T22:50:50.534040+00:00"
"2024/cve-2024-30205.json","2026-09-29T22:50:50.405568+00:00"
"2024/cve-2024-30202.json","2026-09-29T22:50:50.342825+00:00"
"2024/cve-2024-30156.json","2026-09-29T22:50:50.318504+00:00"
"2024/cve-2024-29214.json","2026-09-29T22:50:50.274698+00:00"
"2025/cve-2025-1861.json","2026-09-29T22:50:50.146089+00:00"
"2024/cve-2024-27019.json","2026-09-29T22:50:50.100500+00:00"
"2024/cve-2024-26925.json","2026-09-29T22:50:50.035821+00:00"
"2024/cve-2024-26704.json","2026-09-29T22:50:49.907699+00:00"
"2024/cve-2024-26669.json","2026-09-29T22:50:49.759390+00:00"
"2024/cve-2024-26665.json","2026-09-29T22:50:49.670210+00:00"
"2024/cve-2024-26642.json","2026-09-29T22:50:49.548340+00:00"
"2024/cve-2024-26588.json","2026-09-29T22:50:49.459541+00:00"
"2024/cve-2024-25617.json","2026-09-29T22:50:49.275110+00:00"
"2024/cve-2024-24980.json","2026-09-29T22:50:49.151108+00:00"
"2024/cve-2024-24789.json","2026-09-29T22:50:48.897100+00:00"
"2024/cve-2024-24582.json","2026-09-29T22:50:48.369404+00:00"
"2024/cve-2024-24259.json","2026-09-29T22:50:48.244973+00:00"
"2024/cve-2024-21886.json","2026-09-29T22:50:48.152076+00:00"
"2024/cve-2024-21853.json","2026-09-29T22:50:47.933567+00:00"
"2024/cve-2024-21626.json","2026-09-29T22:50:47.753337+00:00"
"2024/cve-2024-21386.json","2026-09-29T22:50:46.875438+00:00"
"2024/cve-2024-21237.json","2026-09-29T22:50:46.767013+00:00"
"2023/cve-2023-49569.json","2026-09-29T22:50:46.703400+00:00"
"2023/cve-2023-49285.json","2026-09-29T22:50:46.654920+00:00"
"2023/cve-2023-48795.json","2026-09-29T22:50:46.459262+00:00"
"2023/cve-2023-4813.json","2026-09-29T22:50:45.727175+00:00"
"2023/cve-2023-4727.json","2026-09-29T22:50:45.575227+00:00"
"2023/cve-2023-46233.json","2026-09-29T22:50:45.486529+00:00"
"2023/cve-2023-4622.json","2026-09-29T22:50:45.366927+00:00"
"2023/cve-2023-4585.json","2026-09-29T22:50:45.319484+00:00"
"2023/cve-2023-45803.json","2026-09-29T22:50:45.226206+00:00"
"2023/cve-2023-4577.json","2026-09-29T22:50:44.718945+00:00"
"2023/cve-2023-4573.json","2026-09-29T22:50:44.642350+00:00"
"2025/cve-2025-38571.json","2026-09-29T22:50:44.546989+00:00"
"2025/cve-2025-39841.json","2026-09-29T22:50:44.435978+00:00"
"2023/cve-2023-45229.json","2026-09-29T22:50:44.315560+00:00"
"2023/cve-2023-44444.json","2026-09-29T22:50:44.210667+00:00"
"2023/cve-2023-44442.json","2026-09-29T22:50:43.998117+00:00"
"2023/cve-2023-44429.json","2026-09-29T22:50:43.795834+00:00"
"2023/cve-2023-43115.json","2026-09-29T22:50:43.735054+00:00"
"2023/cve-2023-42794.json","2026-09-29T22:50:43.646044+00:00"
"2023/cve-2023-42467.json","2026-09-29T22:50:43.592101+00:00"
"2023/cve-2023-4208.json","2026-09-29T22:50:43.476542+00:00"
"2023/cve-2023-41909.json","2026-09-29T22:50:43.279168+00:00"
"2023/cve-2023-28204.json","2026-09-29T22:50:43.212534+00:00"
"2024/cve-2024-35969.json","2026-09-29T22:50:43.126594+00:00"
"2024/cve-2024-35845.json","2026-09-29T22:50:43.028418+00:00"
"2024/cve-2024-35789.json","2026-09-29T22:50:42.932325+00:00"
"2024/cve-2024-27417.json","2026-09-29T22:50:42.849138+00:00"
"2023/cve-2023-52651.json","2026-09-29T22:50:42.784844+00:00"
"2024/cve-2024-38627.json","2026-09-29T22:50:42.726159+00:00"
"2024/cve-2024-38596.json","2026-09-29T22:50:42.659707+00:00"
"2024/cve-2024-38555.json","2026-09-29T22:50:42.573823+00:00"
"2024/cve-2024-36941.json","2026-09-29T22:50:42.484252+00:00"
"2024/cve-2024-36929.json","2026-09-29T22:50:42.396643+00:00"
"2024/cve-2024-36489.json","2026-09-29T22:50:42.304824+00:00"
"2024/cve-2024-36025.json","2026-09-29T22:50:42.213775+00:00"
"2024/cve-2024-31076.json","2026-09-29T22:50:42.130973+00:00"
"2024/cve-2024-26870.json","2026-09-29T22:50:42.059652+00:00"
"2024/cve-2024-26772.json","2026-09-29T22:50:41.923816+00:00"
"2024/cve-2024-26614.json","2026-09-29T22:50:41.811253+00:00"
"2023/cve-2023-52762.json","2026-09-29T22:50:41.745532+00:00"
"2023/cve-2023-52623.json","2026-09-29T22:50:41.682112+00:00"
"2023/cve-2023-52530.json","2026-09-29T22:50:41.625831+00:00"
"2022/cve-2022-48743.json","2026-09-29T22:50:41.552328+00:00"
"2021/cve-2021-47468.json","2026-09-29T22:50:41.468234+00:00"
"2024/cve-2024-42246.json","2026-09-29T22:50:41.403913+00:00"
"2024/cve-2024-42090.json","2026-09-29T22:50:41.342765+00:00"
"2024/cve-2024-31080.json","2026-09-29T22:50:41.245282+00:00"
"2024/cve-2024-3044.json","2026-09-29T22:50:40.917914+00:00"
"2024/cve-2024-30203.json","2026-09-29T22:50:40.844670+00:00"
"2024/cve-2024-3019.json","2026-09-29T22:50:40.417098+00:00"
"2025/cve-2025-31492.json","2026-09-29T22:50:40.329549+00:00"
"2025/cve-2025-1736.json","2026-09-29T22:50:40.279023+00:00"
"2024/cve-2024-28180.json","2026-09-29T22:50:40.088071+00:00"
"2024/cve-2024-28127.json","2026-09-29T22:50:39.599105+00:00"
"2024/cve-2024-27983.json","2026-09-29T22:50:39.471807+00:00"
"2024/cve-2024-27316.json","2026-09-29T22:50:39.393712+00:00"
"2024/cve-2024-26852.json","2026-09-29T22:50:39.121746+00:00"
"2024/cve-2024-26643.json","2026-09-29T22:50:38.978386+00:00"
"2024/cve-2024-26306.json","2026-09-29T22:50:38.875245+00:00"
"2024/cve-2024-2614.json","2026-09-29T22:50:38.733577+00:00"
"2024/cve-2024-2607.json","2026-09-29T22:50:38.496814+00:00"
"2024/cve-2024-25629.json","2026-09-29T22:50:38.300454+00:00"
"2024/cve-2024-25111.json","2026-09-29T22:50:38.243613+00:00"
"2024/cve-2024-24785.json","2026-09-29T22:50:38.102725+00:00"
"2024/cve-2024-24258.json","2026-09-29T22:50:38.053937+00:00"
"2024/cve-2024-23650.json","2026-09-29T22:50:37.984158+00:00"
"2024/cve-2024-21820.json","2026-09-29T22:50:37.446017+00:00"
"2024/cve-2024-21241.json","2026-09-29T22:50:36.928560+00:00"
"2024/cve-2024-21236.json","2026-09-29T22:50:36.843462+00:00"
"2025/cve-2025-52999.json","2026-09-29T22:50:36.768406+00:00"
"2023/cve-2023-49286.json","2026-09-29T22:50:36.635071+00:00"
"2023/cve-2023-4911.json","2026-09-29T22:50:36.420361+00:00"
"2023/cve-2023-4863.json","2026-09-29T22:50:36.254691+00:00"
"2023/cve-2023-4806.json","2026-09-29T22:50:36.077582+00:00"
"2023/cve-2023-4732.json","2026-09-29T22:50:35.911710+00:00"
"2023/cve-2023-46847.json","2026-09-29T22:50:35.858121+00:00"
"2023/cve-2023-46813.json","2026-09-29T22:50:35.690626+00:00"
"2023/cve-2023-45871.json","2026-09-29T22:50:35.560821+00:00"
"2023/cve-2023-4584.json","2026-09-29T22:50:35.417421+00:00"
"2023/cve-2023-45733.json","2026-09-29T22:50:35.347122+00:00"
"2023/cve-2023-4527.json","2026-09-29T22:50:35.145483+00:00"
"2023/cve-2023-4459.json","2026-09-29T22:50:34.671381+00:00"
"2023/cve-2023-4408.json","2026-09-29T22:50:34.575252+00:00"
"2023/cve-2023-43785.json","2026-09-29T22:50:34.368715+00:00"
"2023/cve-2023-42669.json","2026-09-29T22:50:34.229023+00:00"
"2023/cve-2023-42465.json","2026-09-29T22:50:34.070044+00:00"
"2023/cve-2023-4128.json","2026-09-29T22:50:33.950738+00:00"
"2023/cve-2023-28205.json","2026-09-29T22:50:33.852110+00:00"
"2023/cve-2023-28100.json","2026-09-29T22:50:33.805845+00:00"
"2025/cve-2025-52565.json","2026-09-29T22:50:33.733731+00:00"
"2025/cve-2025-31133.json","2026-09-29T22:50:33.251122+00:00"
"2023/cve-2023-27536.json","2026-09-29T22:50:32.681522+00:00"
"2023/cve-2023-27535.json","2026-09-29T22:50:32.589977+00:00"
"2023/cve-2023-27522.json","2026-09-29T22:50:32.528698+00:00"
"2023/cve-2023-2731.json","2026-09-29T22:50:32.410714+00:00"
"2023/cve-2023-27043.json","2026-09-29T22:50:32.344363+00:00"
"2023/cve-2023-3978.json","2026-09-29T22:50:32.156393+00:00"
"2023/cve-2023-29406.json","2026-09-29T22:50:31.146807+00:00"
"2023/cve-2023-29400.json","2026-09-29T22:50:30.036790+00:00"
"2023/cve-2023-28642.json","2026-09-29T22:50:28.991067+00:00"
"2023/cve-2023-27561.json","2026-09-29T22:50:28.325236+00:00"
"2023/cve-2023-2700.json","2026-09-29T22:50:27.346670+00:00"
"2023/cve-2023-26966.json","2026-09-29T22:50:26.901897+00:00"
"2023/cve-2023-26965.json","2026-09-29T22:50:26.855739+00:00"
"2023/cve-2023-2680.json","2026-09-29T22:50:26.793420+00:00"
"2023/cve-2023-26604.json","2026-09-29T22:50:26.739020+00:00"
"2023/cve-2023-26545.json","2026-09-29T22:50:26.662092+00:00"
"2023/cve-2023-26464.json","2026-09-29T22:50:26.617556+00:00"
"2023/cve-2023-26242.json","2026-09-29T22:50:26.596989+00:00"
"2023/cve-2023-2603.json","2026-09-29T22:50:26.575898+00:00"
"2023/cve-2023-2602.json","2026-09-29T22:50:26.529995+00:00"
"2023/cve-2023-25815.json","2026-09-29T22:50:26.478805+00:00"
"2025/cve-2025-59375.json","2026-09-29T22:50:26.436355+00:00"
"2023/cve-2023-25809.json","2026-09-29T22:50:26.338123+00:00"
"2023/cve-2023-25690.json","2026-09-29T22:50:25.441855+00:00"
"2023/cve-2023-25652.json","2026-09-29T22:50:25.330736+00:00"
"2023/cve-2023-25433.json","2026-09-29T22:50:25.281153+00:00"
"2023/cve-2023-25180.json","2026-09-29T22:50:25.213827+00:00"
"2023/cve-2023-25173.json","2026-09-29T22:50:24.952651+00:00"
"2025/cve-2025-39730.json","2026-09-29T22:50:23.995163+00:00"
"2023/cve-2023-2513.json","2026-09-29T22:50:23.819360+00:00"
"2023/cve-2023-24998.json","2026-09-29T22:50:23.772898+00:00"
"2023/cve-2023-24936.json","2026-09-29T22:50:23.719873+00:00"
"2023/cve-2023-2491.json","2026-09-29T22:50:23.668604+00:00"
"2023/cve-2023-24805.json","2026-09-29T22:50:23.587594+00:00"
"2023/cve-2023-24593.json","2026-09-29T22:50:23.414097+00:00"
"2023/cve-2023-24540.json","2026-09-29T22:50:23.128380+00:00"
"2023/cve-2023-24539.json","2026-09-29T22:50:21.948669+00:00"
"2023/cve-2023-24538.json","2026-09-29T22:50:20.844884+00:00"
"2023/cve-2023-24537.json","2026-09-29T22:50:19.756842+00:00"
"2023/cve-2023-24536.json","2026-09-29T22:50:18.629861+00:00"
"2023/cve-2023-24534.json","2026-09-29T22:50:17.527012+00:00"
"2023/cve-2023-24329.json","2026-09-29T22:50:16.452651+00:00"
"2023/cve-2023-23946.json","2026-09-29T22:50:15.487995+00:00"
"2023/cve-2023-23931.json","2026-09-29T22:50:15.445660+00:00"
"2023/cve-2023-23916.json","2026-09-29T22:50:15.398573+00:00"
"2023/cve-2023-23908.json","2026-09-29T22:50:15.356269+00:00"
"2025/cve-2025-9566.json","2026-09-29T22:50:15.269468+00:00"
"2023/cve-2023-23583.json","2026-09-29T22:50:14.810071+00:00"
"2025/cve-2025-4953.json","2026-09-29T22:50:14.660066+00:00"
"2023/cve-2023-23529.json","2026-09-29T22:50:14.638636+00:00"
"2023/cve-2023-23454.json","2026-09-29T22:50:14.583442+00:00"
"2023/cve-2023-23009.json","2026-09-29T22:50:14.538097+00:00"
"2025/cve-2025-46817.json","2026-09-29T22:50:14.498235+00:00"
"2023/cve-2023-2295.json","2026-09-29T22:50:14.457986+00:00"
"2023/cve-2023-2283.json","2026-09-29T22:50:14.414298+00:00"
"2023/cve-2023-22809.json","2026-09-29T22:50:14.370726+00:00"
"2023/cve-2023-22655.json","2026-09-29T22:50:14.325520+00:00"
"2023/cve-2023-22490.json","2026-09-29T22:50:14.216886+00:00"
"2023/cve-2023-2235.json","2026-09-29T22:50:14.158047+00:00"
"2023/cve-2023-22115.json","2026-09-29T22:50:14.069790+00:00"
"2023/cve-2023-22114.json","2026-09-29T22:50:13.855567+00:00"
"2023/cve-2023-22113.json","2026-09-29T22:50:13.643691+00:00"
"2023/cve-2023-22112.json","2026-09-29T22:50:13.433526+00:00"
"2023/cve-2023-22111.json","2026-09-29T22:50:13.224987+00:00"
"2023/cve-2023-22110.json","2026-09-29T22:50:13.016683+00:00"
"2023/cve-2023-22104.json","2026-09-29T22:50:12.801734+00:00"
"2023/cve-2023-22103.json","2026-09-29T22:50:12.593985+00:00"
"2023/cve-2023-22097.json","2026-09-29T22:50:12.385819+00:00"
"2023/cve-2023-22092.json","2026-09-29T22:50:12.173295+00:00"
"2023/cve-2023-22084.json","2026-09-29T22:50:11.953600+00:00"
"2023/cve-2023-3817.json","2026-09-29T22:50:11.722520+00:00"
"2023/cve-2023-22054.json","2026-09-29T22:50:11.612838+00:00"
"2023/cve-2023-22028.json","2026-09-29T22:50:11.413703+00:00"
"2023/cve-2023-22025.json","2026-09-29T22:50:11.295037+00:00"
"2023/cve-2023-22008.json","2026-09-29T22:50:11.226542+00:00"
"2023/cve-2023-23920.json","2026-09-29T22:50:11.028932+00:00"
"2024/cve-2024-35946.json","2026-09-29T22:50:10.919308+00:00"
"2024/cve-2024-35810.json","2026-09-29T22:50:10.843085+00:00"
"2024/cve-2024-26698.json","2026-09-29T22:50:10.762737+00:00"
"2023/cve-2023-52811.json","2026-09-29T22:50:10.631641+00:00"
"2023/cve-2023-52791.json","2026-09-29T22:50:10.568849+00:00"
"2023/cve-2023-52775.json","2026-09-29T22:50:10.505276+00:00"
"2023/cve-2023-52756.json","2026-09-29T22:50:10.441781+00:00"
"2023/cve-2023-52679.json","2026-09-29T22:50:10.379211+00:00"
"2023/cve-2023-52486.json","2026-09-29T22:50:10.325413+00:00"
"2021/cve-2021-47548.json","2026-09-29T22:50:10.255488+00:00"
"2024/cve-2024-42152.json","2026-09-29T22:50:10.168817+00:00"
"2024/cve-2024-31081.json","2026-09-29T22:50:10.078657+00:00"
"2025/cve-2025-21605.json","2026-09-29T22:50:09.853871+00:00"
"2025/cve-2025-1734.json","2026-09-29T22:50:09.775803+00:00"
"2024/cve-2024-28182.json","2026-09-29T22:50:09.727056+00:00"
"2024/cve-2024-27982.json","2026-09-29T22:50:09.660503+00:00"
"2024/cve-2024-27065.json","2026-09-29T22:50:09.419295+00:00"
"2024/cve-2024-26886.json","2026-09-29T22:50:09.334638+00:00"
"2024/cve-2024-26581.json","2026-09-29T22:50:09.258021+00:00"
"2024/cve-2024-2612.json","2026-09-29T22:50:09.205470+00:00"
"2024/cve-2024-2610.json","2026-09-29T22:50:09.051266+00:00"
"2024/cve-2024-25939.json","2026-09-29T22:50:08.894336+00:00"
"2024/cve-2024-25742.json","2026-09-29T22:50:08.644932+00:00"
"2024/cve-2024-24853.json","2026-09-29T22:50:08.552496+00:00"
"2024/cve-2024-24786.json","2026-09-29T22:50:08.263434+00:00"
"2024/cve-2024-22025.json","2026-09-29T22:50:07.380857+00:00"
"2024/cve-2024-21785.json","2026-09-29T22:50:07.217403+00:00"
"2024/cve-2024-21247.json","2026-09-29T22:50:07.165231+00:00"
"2024/cve-2024-21239.json","2026-09-29T22:50:07.094764+00:00"
"2024/cve-2024-21235.json","2026-09-29T22:50:06.818649+00:00"
"2023/cve-2023-49141.json","2026-09-29T22:50:06.562351+00:00"
"2023/cve-2023-47234.json","2026-09-29T22:50:06.338248+00:00"
"2023/cve-2023-46846.json","2026-09-29T22:50:06.275611+00:00"
"2023/cve-2023-45322.json","2026-09-29T22:50:06.214261+00:00"
"2023/cve-2023-45290.json","2026-09-29T22:50:06.140014+00:00"
"2023/cve-2023-45288.json","2026-09-29T22:50:05.613276+00:00"
"2023/cve-2023-45235.json","2026-09-29T22:50:05.414040+00:00"
"2023/cve-2023-45233.json","2026-09-29T22:50:05.325473+00:00"
"2023/cve-2023-44488.json","2026-09-29T22:50:05.237631+00:00"
"2023/cve-2023-44466.json","2026-09-29T22:50:05.176897+00:00"
"2023/cve-2023-42753.json","2026-09-29T22:50:05.053964+00:00"
"2023/cve-2023-53331.json","2026-09-29T22:50:04.859088+00:00"
"2023/cve-2023-4244.json","2026-09-29T22:50:04.715245+00:00"
"2023/cve-2023-4206.json","2026-09-29T22:50:04.561983+00:00"
"2023/cve-2023-41175.json","2026-09-29T22:50:04.375493+00:00"
"2023/cve-2023-22078.json","2026-09-29T22:50:04.290749+00:00"
"2023/cve-2023-22068.json","2026-09-29T22:50:04.076103+00:00"
"2023/cve-2023-22066.json","2026-09-29T22:50:03.856423+00:00"
"2023/cve-2023-5678.json","2026-09-29T22:50:03.648965+00:00"
"2023/cve-2023-3446.json","2026-09-29T22:50:03.537472+00:00"
"2023/cve-2023-22058.json","2026-09-29T22:50:03.383189+00:00"
"2023/cve-2023-22056.json","2026-09-29T22:50:03.166731+00:00"
"2023/cve-2023-22046.json","2026-09-29T22:50:02.951350+00:00"
"2023/cve-2023-22033.json","2026-09-29T22:50:02.733116+00:00"
"2023/cve-2023-22007.json","2026-09-29T22:50:02.512426+00:00"
"2023/cve-2023-21980.json","2026-09-29T22:50:02.293883+00:00"
"2024/cve-2024-35823.json","2026-09-29T22:50:02.048745+00:00"
"2024/cve-2024-26773.json","2026-09-29T22:50:01.944371+00:00"
"2023/cve-2023-52834.json","2026-09-29T22:50:01.853570+00:00"
"2023/cve-2023-52803.json","2026-09-29T22:50:01.788450+00:00"
"2023/cve-2023-52784.json","2026-09-29T22:50:01.720975+00:00"
"2023/cve-2023-52730.json","2026-09-29T22:50:01.655563+00:00"
"2023/cve-2023-52662.json","2026-09-29T22:50:01.593929+00:00"
"2023/cve-2023-52648.json","2026-09-29T22:50:01.533695+00:00"
"2023/cve-2023-52619.json","2026-09-29T22:50:01.452502+00:00"
"2024/cve-2024-41076.json","2026-09-29T22:50:01.371003+00:00"
"2024/cve-2024-31449.json","2026-09-29T22:50:01.329419+00:00"
"2024/cve-2024-21212.json","2026-09-29T22:50:01.281215+00:00"
"2024/cve-2024-21147.json","2026-09-29T22:50:01.050542+00:00"
"2024/cve-2024-21049.json","2026-09-29T22:50:00.682073+00:00"
"2024/cve-2024-20974.json","2026-09-29T22:50:00.473889+00:00"
"2025/cve-2025-22004.json","2026-09-29T22:50:00.226247+00:00"
"2024/cve-2024-1936.json","2026-09-29T22:50:00.073559+00:00"
"2024/cve-2024-1737.json","2026-09-29T22:49:59.983531+00:00"
"2024/cve-2024-1549.json","2026-09-29T22:49:59.797895+00:00"
"2024/cve-2024-1547.json","2026-09-29T22:49:59.636954+00:00"
"2025/cve-2025-49794.json","2026-09-29T22:49:59.474639+00:00"
"2024/cve-2024-12747.json","2026-09-29T22:49:59.336629+00:00"
"2023/cve-2023-4091.json","2026-09-29T22:49:59.162073+00:00"
"2023/cve-2023-40550.json","2026-09-29T22:49:59.068705+00:00"
"2023/cve-2023-40549.json","2026-09-29T22:49:59.008480+00:00"
"2023/cve-2023-4053.json","2026-09-29T22:49:58.945336+00:00"
"2023/cve-2023-53178.json","2026-09-29T22:49:58.865554+00:00"
"2023/cve-2023-4047.json","2026-09-29T22:49:58.822051+00:00"
"2023/cve-2023-40217.json","2026-09-29T22:49:58.771295+00:00"
"2023/cve-2023-4004.json","2026-09-29T22:49:58.679291+00:00"
"2023/cve-2023-38802.json","2026-09-29T22:49:58.607877+00:00"
"2023/cve-2023-22081.json","2026-09-29T22:49:58.508818+00:00"
"2023/cve-2023-22064.json","2026-09-29T22:49:58.400064+00:00"
"2023/cve-2023-22053.json","2026-09-29T22:49:58.189227+00:00"
"2023/cve-2023-2203.json","2026-09-29T22:49:57.996954+00:00"
"2023/cve-2023-22026.json","2026-09-29T22:49:57.946174+00:00"
"2023/cve-2023-22015.json","2026-09-29T22:49:57.830263+00:00"
"2023/cve-2023-21982.json","2026-09-29T22:49:57.606590+00:00"
"2023/cve-2023-21976.json","2026-09-29T22:49:57.396826+00:00"
"2024/cve-2024-40978.json","2026-09-29T22:49:57.089786+00:00"
"2024/cve-2024-38559.json","2026-09-29T22:49:57.034619+00:00"
"2024/cve-2024-37356.json","2026-09-29T22:49:56.978906+00:00"
"2024/cve-2024-36920.json","2026-09-29T22:49:56.908269+00:00"
"2024/cve-2024-35884.json","2026-09-29T22:49:56.853659+00:00"
"2022/cve-2022-33065.json","2026-09-29T22:49:56.803870+00:00"
"2024/cve-2024-21230.json","2026-09-29T22:49:56.754211+00:00"
"2024/cve-2024-21218.json","2026-09-29T22:49:56.682679+00:00"
"2024/cve-2024-21210.json","2026-09-29T22:49:56.468022+00:00"
"2024/cve-2024-21193.json","2026-09-29T22:49:56.202884+00:00"
"2024/cve-2024-21052.json","2026-09-29T22:49:56.115283+00:00"
"2024/cve-2024-21050.json","2026-09-29T22:49:55.892753+00:00"
"2024/cve-2024-20993.json","2026-09-29T22:49:55.670648+00:00"
"2024/cve-2024-20982.json","2026-09-29T22:49:55.440442+00:00"
"2025/cve-2025-4674.json","2026-09-29T22:49:55.222647+00:00"
"2024/cve-2024-20969.json","2026-09-29T22:49:55.178968+00:00"
"2024/cve-2024-20967.json","2026-09-29T22:49:54.961779+00:00"
"2024/cve-2024-20961.json","2026-09-29T22:49:54.742992+00:00"
"2024/cve-2024-1975.json","2026-09-29T22:49:54.504568+00:00"
"2024/cve-2024-1550.json","2026-09-29T22:49:54.325202+00:00"
"2024/cve-2024-1546.json","2026-09-29T22:49:54.170267+00:00"
"2024/cve-2024-1394.json","2026-09-29T22:49:53.978740+00:00"
"2025/cve-2025-49796.json","2026-09-29T22:49:53.265358+00:00"
"2024/cve-2024-12705.json","2026-09-29T22:49:53.140129+00:00"
"2023/cve-2023-40745.json","2026-09-29T22:49:53.118116+00:00"
"2025/cve-2025-9900.json","2026-09-29T22:49:53.065140+00:00"
"2023/cve-2023-4056.json","2026-09-29T22:49:52.959491+00:00"
"2023/cve-2023-4055.json","2026-09-29T22:49:52.857891+00:00"
"2025/cve-2025-6965.json","2026-09-29T22:49:52.666053+00:00"
"2023/cve-2023-4001.json","2026-09-29T22:49:52.532612+00:00"
"2024/cve-2024-56645.json","2026-09-29T22:49:52.472659+00:00"
"2023/cve-2023-39322.json","2026-09-29T22:49:52.368626+00:00"
"2023/cve-2023-3899.json","2026-09-29T22:49:51.342997+00:00"
"2023/cve-2023-38709.json","2026-09-29T22:49:51.283827+00:00"
"2023/cve-2023-22079.json","2026-09-29T22:49:51.149741+00:00"
"2023/cve-2023-22070.json","2026-09-29T22:49:50.932460+00:00"
"2024/cve-2024-56433.json","2026-09-29T22:49:50.691239+00:00"
"2023/cve-2023-22057.json","2026-09-29T22:49:50.629716+00:00"
"2023/cve-2023-22048.json","2026-09-29T22:49:50.425606+00:00"
"2023/cve-2023-21972.json","2026-09-29T22:49:50.220534+00:00"
"2024/cve-2024-40988.json","2026-09-29T22:49:50.015282+00:00"
"2024/cve-2024-38558.json","2026-09-29T22:49:49.959674+00:00"
"2024/cve-2024-35944.json","2026-09-29T22:49:49.890726+00:00"
"2024/cve-2024-26880.json","2026-09-29T22:49:49.831512+00:00"
"2021/cve-2021-47386.json","2026-09-29T22:49:49.767931+00:00"
"2021/cve-2021-47101.json","2026-09-29T22:49:49.707755+00:00"
"2024/cve-2024-21213.json","2026-09-29T22:49:49.654609+00:00"
"2024/cve-2024-21203.json","2026-09-29T22:49:49.585017+00:00"
"2024/cve-2024-21200.json","2026-09-29T22:49:49.501314+00:00"
"2024/cve-2024-21198.json","2026-09-29T22:49:49.307262+00:00"
"2024/cve-2024-21196.json","2026-09-29T22:49:49.237637+00:00"
"2025/cve-2025-21919.json","2026-09-29T22:49:49.152013+00:00"
"2024/cve-2024-21145.json","2026-09-29T22:49:48.894152+00:00"
"2024/cve-2024-21055.json","2026-09-29T22:49:48.548833+00:00"
"2024/cve-2024-20978.json","2026-09-29T22:49:48.339788+00:00"
"2024/cve-2024-20976.json","2026-09-29T22:49:48.129336+00:00"
"2024/cve-2024-20973.json","2026-09-29T22:49:47.921503+00:00"
"2024/cve-2024-20971.json","2026-09-29T22:49:47.713768+00:00"
"2025/cve-2025-21887.json","2026-09-29T22:49:47.502252+00:00"
"2024/cve-2024-1548.json","2026-09-29T22:49:47.448566+00:00"
"2024/cve-2024-12797.json","2026-09-29T22:49:47.298366+00:00"
"2024/cve-2024-11218.json","2026-09-29T22:49:47.226792+00:00"
"2023/cve-2023-4057.json","2026-09-29T22:49:46.730373+00:00"
"2023/cve-2023-4050.json","2026-09-29T22:49:46.690188+00:00"
"2024/cve-2024-56603.json","2026-09-29T22:49:46.632903+00:00"
"2024/cve-2024-53229.json","2026-09-29T22:49:46.568501+00:00"
"2023/cve-2023-39318.json","2026-09-29T22:49:46.463736+00:00"
"2023/cve-2023-39191.json","2026-09-29T22:49:45.453188+00:00"
"2023/cve-2023-22067.json","2026-09-29T22:49:45.302906+00:00"
"2023/cve-2023-22065.json","2026-09-29T22:49:45.232958+00:00"
"2023/cve-2023-22059.json","2026-09-29T22:49:44.979118+00:00"
"2023/cve-2023-22038.json","2026-09-29T22:49:44.727047+00:00"
"2023/cve-2023-22032.json","2026-09-29T22:49:44.471329+00:00"
"2023/cve-2023-23918.json","2026-09-29T22:49:44.278522+00:00"
"2023/cve-2023-22005.json","2026-09-29T22:49:44.167422+00:00"
"2025/cve-2025-47906.json","2026-09-29T22:49:43.976192+00:00"
"2023/cve-2023-21977.json","2026-09-29T22:49:43.932574+00:00"
"2025/cve-2025-39825.json","2026-09-29T22:49:43.705645+00:00"
"2023/cve-2023-53513.json","2026-09-29T22:49:43.593208+00:00"
"2023/cve-2023-21968.json","2026-09-29T22:49:43.442846+00:00"
"2023/cve-2023-21967.json","2026-09-29T22:49:43.214008+00:00"
"2023/cve-2023-21966.json","2026-09-29T22:49:43.104716+00:00"
"2023/cve-2023-21963.json","2026-09-29T22:49:42.903406+00:00"
"2023/cve-2023-21962.json","2026-09-29T22:49:42.776081+00:00"
"2023/cve-2023-21955.json","2026-09-29T22:49:42.557570+00:00"
"2025/cve-2025-39955.json","2026-09-29T22:49:42.272897+00:00"
"2025/cve-2025-39864.json","2026-09-29T22:49:42.019245+00:00"
"2023/cve-2023-21954.json","2026-09-29T22:49:41.835600+00:00"
"2023/cve-2023-44487.json","2026-09-29T22:49:41.646520+00:00"
"2023/cve-2023-21953.json","2026-09-29T22:49:41.172412+00:00"
"2023/cve-2023-21947.json","2026-09-29T22:49:40.958137+00:00"
"2023/cve-2023-21946.json","2026-09-29T22:49:40.737042+00:00"
"2023/cve-2023-21945.json","2026-09-29T22:49:40.525425+00:00"
"2023/cve-2023-21940.json","2026-09-29T22:49:40.319349+00:00"
"2023/cve-2023-21939.json","2026-09-29T22:49:40.092837+00:00"
"2025/cve-2025-39971.json","2026-09-29T22:49:39.944256+00:00"
"2025/cve-2025-39918.json","2026-09-29T22:49:39.810100+00:00"
"2025/cve-2025-39898.json","2026-09-29T22:49:39.715552+00:00"
"2023/cve-2023-21938.json","2026-09-29T22:49:39.603208+00:00"
"2025/cve-2025-38724.json","2026-09-29T22:49:39.431468+00:00"
"2023/cve-2023-21937.json","2026-09-29T22:49:39.298834+00:00"
"2023/cve-2023-21935.json","2026-09-29T22:49:39.190063+00:00"
"2023/cve-2023-21933.json","2026-09-29T22:49:38.975721+00:00"
"2023/cve-2023-21930.json","2026-09-29T22:49:38.629923+00:00"
"2023/cve-2023-21929.json","2026-09-29T22:49:38.520726+00:00"
"2023/cve-2023-21920.json","2026-09-29T22:49:38.314541+00:00"
"2023/cve-2023-21919.json","2026-09-29T22:49:38.104709+00:00"
"2023/cve-2023-21917.json","2026-09-29T22:49:37.904584+00:00"
"2023/cve-2023-21913.json","2026-09-29T22:49:37.792581+00:00"
"2023/cve-2023-21912.json","2026-09-29T22:49:37.679149+00:00"
"2023/cve-2023-21911.json","2026-09-29T22:49:37.550806+00:00"
"2023/cve-2023-21887.json","2026-09-29T22:49:37.354722+00:00"
"2023/cve-2023-21883.json","2026-09-29T22:49:37.242904+00:00"
"2023/cve-2023-21882.json","2026-09-29T22:49:37.132966+00:00"
"2023/cve-2023-21881.json","2026-09-29T22:49:37.020687+00:00"
"2023/cve-2023-21880.json","2026-09-29T22:49:36.902068+00:00"
"2023/cve-2023-21879.json","2026-09-29T22:49:36.784532+00:00"
"2023/cve-2023-21878.json","2026-09-29T22:49:36.672545+00:00"
"2023/cve-2023-21877.json","2026-09-29T22:49:36.561124+00:00"
"2023/cve-2023-21876.json","2026-09-29T22:49:36.451610+00:00"
"2023/cve-2023-21875.json","2026-09-29T22:49:36.340057+00:00"
"2023/cve-2023-21874.json","2026-09-29T22:49:36.224878+00:00"
"2023/cve-2023-21873.json","2026-09-29T22:49:36.109714+00:00"
"2023/cve-2023-21871.json","2026-09-29T22:49:35.989433+00:00"
"2023/cve-2023-21870.json","2026-09-29T22:49:35.869968+00:00"
"2023/cve-2023-21869.json","2026-09-29T22:49:35.749283+00:00"
"2023/cve-2023-21868.json","2026-09-29T22:49:35.636637+00:00"
"2023/cve-2023-21867.json","2026-09-29T22:49:35.518975+00:00"
"2023/cve-2023-21865.json","2026-09-29T22:49:35.404728+00:00"
"2023/cve-2023-21864.json","2026-09-29T22:49:35.288362+00:00"
"2023/cve-2023-21863.json","2026-09-29T22:49:35.171172+00:00"
"2023/cve-2023-21843.json","2026-09-29T22:49:34.917599+00:00"
"2023/cve-2023-21836.json","2026-09-29T22:49:34.783301+00:00"
"2025/cve-2025-55752.json","2026-09-29T22:49:34.524235+00:00"
"2023/cve-2023-53401.json","2026-09-29T22:49:34.342741+00:00"
"2022/cve-2022-50543.json","2026-09-29T22:49:34.163079+00:00"
"2023/cve-2023-21835.json","2026-09-29T22:49:34.063450+00:00"
"2023/cve-2023-21830.json","2026-09-29T22:49:33.932586+00:00"
"2023/cve-2023-2177.json","2026-09-29T22:49:33.885129+00:00"
"2023/cve-2023-2176.json","2026-09-29T22:49:33.807513+00:00"
"2023/cve-2023-2163.json","2026-09-29T22:49:33.662368+00:00"
"2023/cve-2023-2162.json","2026-09-29T22:49:33.487171+00:00"
"2023/cve-2023-21538.json","2026-09-29T22:49:33.435457+00:00"
"2023/cve-2023-2124.json","2026-09-29T22:49:33.371408+00:00"
"2023/cve-2023-20928.json","2026-09-29T22:49:33.283851+00:00"
"2023/cve-2023-20900.json","2026-09-29T22:49:33.261458+00:00"
"2023/cve-2023-20867.json","2026-09-29T22:49:33.216704+00:00"
"2023/cve-2023-20593.json","2026-09-29T22:49:33.055789+00:00"
"2023/cve-2023-20592.json","2026-09-29T22:49:32.930379+00:00"
"2025/cve-2025-12105.json","2026-09-29T22:49:32.887005+00:00"
"2023/cve-2023-20584.json","2026-09-29T22:49:32.853939+00:00"
"2023/cve-2023-20569.json","2026-09-29T22:49:32.752525+00:00"
"2023/cve-2023-2002.json","2026-09-29T22:49:32.659999+00:00"
"2023/cve-2023-1999.json","2026-09-29T22:49:32.615425+00:00"
"2025/cve-2025-39981.json","2026-09-29T22:49:32.553497+00:00"
"2023/cve-2023-1667.json","2026-09-29T22:49:32.504833+00:00"
"2023/cve-2023-1637.json","2026-09-29T22:49:32.461888+00:00"
"2023/cve-2023-1382.json","2026-09-29T22:49:32.407935+00:00"
"2023/cve-2023-1195.json","2026-09-29T22:49:32.352692+00:00"
"2023/cve-2023-1095.json","2026-09-29T22:49:32.295374+00:00"
"2023/cve-2023-0802.json","2026-09-29T22:49:32.248354+00:00"
"2023/cve-2023-0767.json","2026-09-29T22:49:32.170135+00:00"
"2023/cve-2023-0394.json","2026-09-29T22:49:31.958870+00:00"
"2023/cve-2023-0266.json","2026-09-29T22:49:31.886528+00:00"
"2022/cve-2022-50229.json","2026-09-29T22:49:31.762303+00:00"
"2024/cve-2024-26671.json","2026-09-29T22:49:31.658985+00:00"
"2023/cve-2023-52840.json","2026-09-29T22:49:31.597423+00:00"
"2023/cve-2023-52605.json","2026-09-29T22:49:31.534901+00:00"
"2021/cve-2021-47497.json","2026-09-29T22:49:31.471686+00:00"
"2021/cve-2021-47393.json","2026-09-29T22:49:31.416309+00:00"
"2021/cve-2021-47384.json","2026-09-29T22:49:31.336331+00:00"
"2022/cve-2022-49395.json","2026-09-29T22:49:31.211963+00:00"
"2025/cve-2025-23150.json","2026-09-29T22:49:31.039998+00:00"
"2025/cve-2025-32462.json","2026-09-29T22:49:30.850876+00:00"
"2024/cve-2024-21140.json","2026-09-29T22:49:30.471249+00:00"
"2024/cve-2024-21137.json","2026-09-29T22:49:30.129237+00:00"
"2024/cve-2024-21094.json","2026-09-29T22:49:29.776234+00:00"
"2024/cve-2024-21068.json","2026-09-29T22:49:29.357782+00:00"
"2024/cve-2024-21057.json","2026-09-29T22:49:29.065074+00:00"
"2024/cve-2024-21012.json","2026-09-29T22:49:28.694250+00:00"
"2024/cve-2024-20984.json","2026-09-29T22:49:28.505754+00:00"
"2025/cve-2025-54389.json","2026-09-29T22:49:28.316132+00:00"
"2025/cve-2025-6032.json","2026-09-29T22:49:28.244555+00:00"
"2024/cve-2024-20965.json","2026-09-29T22:49:27.766814+00:00"
"2024/cve-2024-20963.json","2026-09-29T22:49:27.545579+00:00"
"2024/cve-2024-20952.json","2026-09-29T22:49:27.219493+00:00"
"2024/cve-2024-20926.json","2026-09-29T22:49:26.739129+00:00"
"2024/cve-2024-20919.json","2026-09-29T22:49:26.397378+00:00"
"2024/cve-2024-1753.json","2026-09-29T22:49:26.091667+00:00"
"2024/cve-2024-1597.json","2026-09-29T22:49:25.165858+00:00"
"2024/cve-2024-1552.json","2026-09-29T22:49:25.096237+00:00"
"2024/cve-2024-12088.json","2026-09-29T22:49:24.931085+00:00"
"2024/cve-2024-12086.json","2026-09-29T22:49:24.788284+00:00"
"2023/cve-2023-40548.json","2026-09-29T22:49:24.612919+00:00"
"2023/cve-2023-4049.json","2026-09-29T22:49:24.552179+00:00"
"2023/cve-2023-40476.json","2026-09-29T22:49:24.508930+00:00"
"2023/cve-2023-40474.json","2026-09-29T22:49:24.467571+00:00"
"2023/cve-2023-4046.json","2026-09-29T22:49:24.426479+00:00"
"2023/cve-2023-4016.json","2026-09-29T22:49:24.379159+00:00"
"2023/cve-2023-40090.json","2026-09-29T22:49:24.292224+00:00"
"2023/cve-2023-39615.json","2026-09-29T22:49:24.244272+00:00"
"2025/cve-2025-21648.json","2026-09-29T22:49:24.169830+00:00"
"2023/cve-2023-39326.json","2026-09-29T22:49:24.090674+00:00"
"2024/cve-2024-47727.json","2026-09-29T22:49:23.470961+00:00"
"2023/cve-2023-39319.json","2026-09-29T22:49:23.370367+00:00"
"2023/cve-2023-39198.json","2026-09-29T22:49:22.906981+00:00"
"2023/cve-2023-1855.json","2026-09-29T22:49:22.829155+00:00"
"2025/cve-2025-40047.json","2026-09-29T22:49:22.762995+00:00"
"2023/cve-2023-1829.json","2026-09-29T22:49:22.694262+00:00"
"2023/cve-2023-1652.json","2026-09-29T22:49:22.561106+00:00"
"2025/cve-2025-61985.json","2026-09-29T22:49:22.491081+00:00"
"2023/cve-2023-1393.json","2026-09-29T22:49:22.413699+00:00"
"2023/cve-2023-1192.json","2026-09-29T22:49:22.225226+00:00"
"2023/cve-2023-0803.json","2026-09-29T22:49:22.179080+00:00"
"2023/cve-2023-0801.json","2026-09-29T22:49:22.134616+00:00"
"2023/cve-2023-0778.json","2026-09-29T22:49:22.066780+00:00"
"2025/cve-2025-52881.json","2026-09-29T22:49:21.574222+00:00"
"2022/cve-2022-50341.json","2026-09-29T22:49:21.098147+00:00"
"2022/cve-2022-50228.json","2026-09-29T22:49:21.000324+00:00"
"2022/cve-2022-50200.json","2026-09-29T22:49:20.867088+00:00"
"2022/cve-2022-50133.json","2026-09-29T22:49:20.806318+00:00"
"2023/cve-2023-52448.json","2026-09-29T22:49:20.733998+00:00"
"2024/cve-2024-24814.json","2026-09-29T22:49:20.669764+00:00"
"2023/cve-2023-47038.json","2026-09-29T22:49:20.627704+00:00"
"2024/cve-2024-21231.json","2026-09-29T22:49:20.598975+00:00"
"2024/cve-2024-21219.json","2026-09-29T22:49:20.517986+00:00"
"2024/cve-2024-21217.json","2026-09-29T22:49:20.195044+00:00"
"2024/cve-2024-21208.json","2026-09-29T22:49:19.563685+00:00"
"2024/cve-2024-21201.json","2026-09-29T22:49:19.290209+00:00"
"2024/cve-2024-21199.json","2026-09-29T22:49:19.218996+00:00"
"2024/cve-2024-21194.json","2026-09-29T22:49:19.147041+00:00"
"2025/cve-2025-22104.json","2026-09-29T22:49:19.042975+00:00"
"2024/cve-2024-21144.json","2026-09-29T22:49:18.797919+00:00"
"2024/cve-2024-21138.json","2026-09-29T22:49:18.307239+00:00"
"2024/cve-2024-21085.json","2026-09-29T22:49:17.885267+00:00"
"2024/cve-2024-21061.json","2026-09-29T22:49:17.649475+00:00"
"2024/cve-2024-20985.json","2026-09-29T22:49:17.440269+00:00"
"2024/cve-2024-20981.json","2026-09-29T22:49:17.231334+00:00"
"2024/cve-2024-20977.json","2026-09-29T22:49:17.024681+00:00"
"2024/cve-2024-20970.json","2026-09-29T22:49:16.806625+00:00"
"2024/cve-2024-20968.json","2026-09-29T22:49:16.587787+00:00"
"2024/cve-2024-20966.json","2026-09-29T22:49:16.368433+00:00"
"2024/cve-2024-20962.json","2026-09-29T22:49:16.085753+00:00"
"2024/cve-2024-20945.json","2026-09-29T22:49:15.753057+00:00"
"2024/cve-2024-1553.json","2026-09-29T22:49:15.401220+00:00"
"2024/cve-2024-1551.json","2026-09-29T22:49:15.244428+00:00"
"2024/cve-2024-1488.json","2026-09-29T22:49:15.081316+00:00"
"2024/cve-2024-1313.json","2026-09-29T22:49:14.912707+00:00"
"2024/cve-2024-12254.json","2026-09-29T22:49:14.867927+00:00"
"2024/cve-2024-12087.json","2026-09-29T22:49:14.705952+00:00"
"2024/cve-2024-11187.json","2026-09-29T22:49:14.511287+00:00"
"2023/cve-2023-40551.json","2026-09-29T22:49:14.338884+00:00"
"2023/cve-2023-40547.json","2026-09-29T22:49:14.277703+00:00"
"2023/cve-2023-4048.json","2026-09-29T22:49:14.215217+00:00"
"2023/cve-2023-40475.json","2026-09-29T22:49:14.174599+00:00"
"2023/cve-2023-4015.json","2026-09-29T22:49:14.109758+00:00"
"2023/cve-2023-3961.json","2026-09-29T22:49:13.997816+00:00"
"2023/cve-2023-39368.json","2026-09-29T22:49:13.896965+00:00"
"2023/cve-2023-39325.json","2026-09-29T22:49:13.786201+00:00"
"2023/cve-2023-39321.json","2026-09-29T22:49:13.531490+00:00"
"2025/cve-2025-53906.json","2026-09-29T22:49:12.509029+00:00"
"2023/cve-2023-1998.json","2026-09-29T22:49:12.326832+00:00"
"2023/cve-2023-1981.json","2026-09-29T22:49:12.239059+00:00"
"2025/cve-2025-39982.json","2026-09-29T22:49:12.090670+00:00"
"2023/cve-2023-1281.json","2026-09-29T22:49:11.968567+00:00"
"2023/cve-2023-1206.json","2026-09-29T22:49:11.834637+00:00"
"2023/cve-2023-1118.json","2026-09-29T22:49:11.773265+00:00"
"2023/cve-2023-1079.json","2026-09-29T22:49:11.718395+00:00"
"2023/cve-2023-0616.json","2026-09-29T22:49:11.563838+00:00"
"2023/cve-2023-0590.json","2026-09-29T22:49:11.513264+00:00"
"2023/cve-2023-0547.json","2026-09-29T22:49:11.464884+00:00"
"2023/cve-2023-0430.json","2026-09-29T22:49:11.366371+00:00"
"2023/cve-2023-0386.json","2026-09-29T22:49:11.191920+00:00"
"2023/cve-2023-0286.json","2026-09-29T22:49:11.088020+00:00"
"2023/cve-2023-0215.json","2026-09-29T22:49:10.982281+00:00"
"2022/cve-2022-50403.json","2026-09-29T22:49:10.866224+00:00"
"2022/cve-2022-50367.json","2026-09-29T22:49:10.703094+00:00"
"2022/cve-2022-50137.json","2026-09-29T22:49:10.546465+00:00"
"2022/cve-2022-50083.json","2026-09-29T22:49:10.476807+00:00"
"2024/cve-2024-26855.json","2026-09-29T22:49:10.063170+00:00"
"2024/cve-2024-26717.json","2026-09-29T22:49:09.997892+00:00"
"2024/cve-2024-26645.json","2026-09-29T22:49:09.937102+00:00"
"2023/cve-2023-52683.json","2026-09-29T22:49:09.874101+00:00"
"2021/cve-2021-47527.json","2026-09-29T22:49:09.809811+00:00"
"2021/cve-2021-47352.json","2026-09-29T22:49:09.754667+00:00"
"2024/cve-2024-36889.json","2026-09-29T22:49:09.695282+00:00"
"2024/cve-2024-21197.json","2026-09-29T22:49:09.086817+00:00"
"2025/cve-2025-37738.json","2026-09-29T22:49:08.949818+00:00"
"2024/cve-2024-21131.json","2026-09-29T22:49:08.603414+00:00"
"2024/cve-2024-21056.json","2026-09-29T22:49:08.167200+00:00"
"2024/cve-2024-21053.json","2026-09-29T22:49:07.952499+00:00"
"2024/cve-2024-21051.json","2026-09-29T22:49:07.725043+00:00"
"2024/cve-2024-21011.json","2026-09-29T22:49:07.380519+00:00"
"2024/cve-2024-20983.json","2026-09-29T22:49:07.081394+00:00"
"2024/cve-2024-20972.json","2026-09-29T22:49:06.859545+00:00"
"2024/cve-2024-20964.json","2026-09-29T22:49:06.631360+00:00"
"2024/cve-2024-20960.json","2026-09-29T22:49:06.404428+00:00"
"2024/cve-2024-20921.json","2026-09-29T22:49:06.067158+00:00"
"2024/cve-2024-20918.json","2026-09-29T22:49:05.550964+00:00"
"2025/cve-2025-6021.json","2026-09-29T22:49:05.196040+00:00"
"2024/cve-2024-12085.json","2026-09-29T22:49:05.082598+00:00"
"2024/cve-2024-11053.json","2026-09-29T22:49:04.945066+00:00"
"2025/cve-2025-8176.json","2026-09-29T22:49:04.849243+00:00"
"2023/cve-2023-40546.json","2026-09-29T22:49:04.761251+00:00"
"2023/cve-2023-4051.json","2026-09-29T22:49:04.567474+00:00"
"2023/cve-2023-4045.json","2026-09-29T22:49:04.494340+00:00"
"2025/cve-2025-47151.json","2026-09-29T22:49:04.450539+00:00"
"2023/cve-2023-40283.json","2026-09-29T22:49:04.345374+00:00"
"2025/cve-2025-53905.json","2026-09-29T22:49:04.221156+00:00"
"2023/cve-2023-38575.json","2026-09-29T22:49:04.110944+00:00"
"2023/cve-2023-1989.json","2026-09-29T22:49:03.997662+00:00"
"2023/cve-2023-1945.json","2026-09-29T22:49:03.953546+00:00"
"2023/cve-2023-1838.json","2026-09-29T22:49:03.898518+00:00"
"2025/cve-2025-39925.json","2026-09-29T22:49:03.819240+00:00"
"2025/cve-2025-61984.json","2026-09-29T22:49:03.686835+00:00"
"2023/cve-2023-1252.json","2026-09-29T22:49:03.611817+00:00"
"2023/cve-2023-1073.json","2026-09-29T22:49:03.506995+00:00"
"2023/cve-2023-0804.json","2026-09-29T22:49:03.460358+00:00"
"2023/cve-2023-0800.json","2026-09-29T22:49:03.412410+00:00"
"2023/cve-2023-0597.json","2026-09-29T22:49:03.339638+00:00"
"2023/cve-2023-0568.json","2026-09-29T22:49:03.261548+00:00"
"2023/cve-2023-0461.json","2026-09-29T22:49:03.183784+00:00"
"2023/cve-2023-0361.json","2026-09-29T22:49:02.965586+00:00"
"2022/cve-2022-50408.json","2026-09-29T22:49:02.817063+00:00"
"2022/cve-2022-50386.json","2026-09-29T22:49:02.676522+00:00"
"2022/cve-2022-50356.json","2026-09-29T22:49:02.515293+00:00"
"2022/cve-2022-50211.json","2026-09-29T22:49:02.447268+00:00"
"2022/cve-2022-50181.json","2026-09-29T22:49:02.358039+00:00"
"2022/cve-2022-50136.json","2026-09-29T22:49:02.311258+00:00"
"2022/cve-2022-50087.json","2026-09-29T22:49:02.203593+00:00"
"2022/cve-2022-50070.json","2026-09-29T22:49:02.073660+00:00"
"2022/cve-2022-50066.json","2026-09-29T22:49:01.872580+00:00"
"2022/cve-2022-50050.json","2026-09-29T22:49:01.716538+00:00"
"2022/cve-2022-50044.json","2026-09-29T22:49:01.668830+00:00"
"2022/cve-2022-50039.json","2026-09-29T22:49:01.622623+00:00"
"2022/cve-2022-50030.json","2026-09-29T22:49:01.573130+00:00"
"2022/cve-2022-50022.json","2026-09-29T22:49:01.508139+00:00"
"2022/cve-2022-50020.json","2026-09-29T22:49:01.282941+00:00"
"2024/cve-2024-9287.json","2026-09-29T22:49:01.028715+00:00"
"2024/cve-2024-11168.json","2026-09-29T22:49:00.954898+00:00"
"2022/cve-2022-49986.json","2026-09-29T22:49:00.898350+00:00"
"2025/cve-2025-13609.json","2026-09-29T22:49:00.795792+00:00"
"2022/cve-2022-49985.json","2026-09-29T22:49:00.715983+00:00"
"2022/cve-2022-49983.json","2026-09-29T22:49:00.599111+00:00"
"2022/cve-2022-49977.json","2026-09-29T22:49:00.496733+00:00"
"2022/cve-2022-49969.json","2026-09-29T22:49:00.329867+00:00"
"2022/cve-2022-49964.json","2026-09-29T22:49:00.258147+00:00"
"2022/cve-2022-49962.json","2026-09-29T22:49:00.209940+00:00"
"2022/cve-2022-49960.json","2026-09-29T22:49:00.163034+00:00"
"2022/cve-2022-49921.json","2026-09-29T22:49:00.086303+00:00"
"2022/cve-2022-49918.json","2026-09-29T22:48:59.935910+00:00"
"2022/cve-2022-49917.json","2026-09-29T22:48:59.873162+00:00"
"2022/cve-2022-49910.json","2026-09-29T22:48:59.819078+00:00"
"2022/cve-2022-49907.json","2026-09-29T22:48:59.730610+00:00"
"2022/cve-2022-49872.json","2026-09-29T22:48:59.621162+00:00"
"2022/cve-2022-49846.json","2026-09-29T22:48:59.439087+00:00"
"2022/cve-2022-49840.json","2026-09-29T22:48:59.241682+00:00"
"2022/cve-2022-49803.json","2026-09-29T22:48:59.122862+00:00"
"2022/cve-2022-49788.json","2026-09-29T22:48:58.847578+00:00"
"2022/cve-2022-49770.json","2026-09-29T22:48:58.633717+00:00"
"2022/cve-2022-49696.json","2026-09-29T22:48:58.578200+00:00"
"2022/cve-2022-49669.json","2026-09-29T22:48:58.513647+00:00"
"2022/cve-2022-49471.json","2026-09-29T22:48:58.456452+00:00"
"2022/cve-2022-49416.json","2026-09-29T22:48:58.405447+00:00"
"2022/cve-2022-49328.json","2026-09-29T22:48:58.342754+00:00"
"2022/cve-2022-49291.json","2026-09-29T22:48:58.264468+00:00"
"2022/cve-2022-49136.json","2026-09-29T22:48:58.207007+00:00"
"2022/cve-2022-49122.json","2026-09-29T22:48:58.133139+00:00"
"2022/cve-2022-49114.json","2026-09-29T22:48:58.071639+00:00"
"2022/cve-2022-49111.json","2026-09-29T22:48:57.974287+00:00"
"2022/cve-2022-49058.json","2026-09-29T22:48:57.821344+00:00"
"2022/cve-2022-49043.json","2026-09-29T22:48:57.691348+00:00"
"2022/cve-2022-4904.json","2026-09-29T22:48:57.551207+00:00"
"2022/cve-2022-49011.json","2026-09-29T22:48:57.361294+00:00"
"2022/cve-2022-4899.json","2026-09-29T22:48:57.272237+00:00"
"2022/cve-2022-48978.json","2026-09-29T22:48:57.079526+00:00"
"2022/cve-2022-48929.json","2026-09-29T22:48:57.018963+00:00"
"2022/cve-2022-48919.json","2026-09-29T22:48:56.931454+00:00"
"2022/cve-2022-48839.json","2026-09-29T22:48:56.852526+00:00"
"2022/cve-2022-4883.json","2026-09-29T22:48:56.801735+00:00"
"2022/cve-2022-48804.json","2026-09-29T22:48:56.731134+00:00"
"2022/cve-2022-48796.json","2026-09-29T22:48:56.668209+00:00"
"2022/cve-2022-48641.json","2026-09-29T22:48:56.601513+00:00"
"2022/cve-2022-48637.json","2026-09-29T22:48:56.522351+00:00"
"2022/cve-2022-48624.json","2026-09-29T22:48:56.435613+00:00"
"2022/cve-2022-48564.json","2026-09-29T22:48:56.314996+00:00"
"2022/cve-2022-48560.json","2026-09-29T22:48:56.230382+00:00"
"2022/cve-2022-48339.json","2026-09-29T22:48:56.135618+00:00"
"2022/cve-2022-48338.json","2026-09-29T22:48:56.058164+00:00"
"2022/cve-2022-48337.json","2026-09-29T22:48:56.025443+00:00"
"2022/cve-2022-48303.json","2026-09-29T22:48:55.956752+00:00"
"2022/cve-2022-48281.json","2026-09-29T22:48:55.901933+00:00"
"2022/cve-2022-47929.json","2026-09-29T22:48:55.845893+00:00"
"2022/cve-2022-47629.json","2026-09-29T22:48:55.797495+00:00"
"2022/cve-2022-4744.json","2026-09-29T22:48:55.602673+00:00"
"2022/cve-2022-46882.json","2026-09-29T22:48:55.542632+00:00"
"2025/cve-2025-6075.json","2026-09-29T22:48:55.466792+00:00"
"2022/cve-2022-46881.json","2026-09-29T22:48:55.348678+00:00"
"2024/cve-2024-5642.json","2026-09-29T22:48:55.282916+00:00"
"2022/cve-2022-46880.json","2026-09-29T22:48:55.239304+00:00"
"2022/cve-2022-46878.json","2026-09-29T22:48:55.173267+00:00"
"2022/cve-2022-46877.json","2026-09-29T22:48:55.044121+00:00"
"2022/cve-2022-46874.json","2026-09-29T22:48:54.858309+00:00"
"2022/cve-2022-46872.json","2026-09-29T22:48:54.792575+00:00"
"2022/cve-2022-46871.json","2026-09-29T22:48:54.648377+00:00"
"2023/cve-2023-32559.json","2026-09-29T22:48:54.567050+00:00"
"2022/cve-2022-4645.json","2026-09-29T22:48:54.455332+00:00"
"2023/cve-2023-32006.json","2026-09-29T22:48:54.290034+00:00"
"2023/cve-2023-32002.json","2026-09-29T22:48:54.060442+00:00"
"2022/cve-2022-46344.json","2026-09-29T22:48:53.941546+00:00"
"2022/cve-2022-46343.json","2026-09-29T22:48:53.892135+00:00"
"2022/cve-2022-46342.json","2026-09-29T22:48:53.839638+00:00"
"2025/cve-2025-11082.json","2026-09-29T22:48:53.793325+00:00"
"2022/cve-2022-46341.json","2026-09-29T22:48:53.746762+00:00"
"2022/cve-2022-46340.json","2026-09-29T22:48:53.700822+00:00"
"2022/cve-2022-46329.json","2026-09-29T22:48:53.643244+00:00"
"2022/cve-2022-46285.json","2026-09-29T22:48:53.545747+00:00"
"2022/cve-2022-45412.json","2026-09-29T22:48:53.496052+00:00"
"2022/cve-2022-45405.json","2026-09-29T22:48:53.427006+00:00"
"2022/cve-2022-45061.json","2026-09-29T22:48:53.233418+00:00"
"2022/cve-2022-43680.json","2026-09-29T22:48:51.852616+00:00"
"2022/cve-2022-43548.json","2026-09-29T22:48:51.684690+00:00"
"2022/cve-2022-42919.json","2026-09-29T22:48:51.593022+00:00"
"2022/cve-2022-42720.json","2026-09-29T22:48:51.538555+00:00"
"2022/cve-2022-42011.json","2026-09-29T22:48:51.488666+00:00"
"2022/cve-2022-41974.json","2026-09-29T22:48:51.440306+00:00"
"2024/cve-2024-26779.json","2026-09-29T22:48:51.380037+00:00"
"2024/cve-2024-26659.json","2026-09-29T22:48:51.308125+00:00"
"2024/cve-2024-26615.json","2026-09-29T22:48:51.242796+00:00"
"2023/cve-2023-52595.json","2026-09-29T22:48:51.179506+00:00"
"2023/cve-2023-52513.json","2026-09-29T22:48:51.114407+00:00"
"2024/cve-2024-4453.json","2026-09-29T22:48:49.761029+00:00"
"2024/cve-2024-9026.json","2026-09-29T22:48:49.713431+00:00"
"2024/cve-2024-11233.json","2026-09-29T22:48:49.664581+00:00"
"2025/cve-2025-38392.json","2026-09-29T22:48:49.527642+00:00"
"2025/cve-2025-27144.json","2026-09-29T22:48:49.436427+00:00"
"2025/cve-2025-26597.json","2026-09-29T22:48:49.383290+00:00"
"2025/cve-2025-21540.json","2026-09-29T22:48:49.307980+00:00"
"2025/cve-2025-21531.json","2026-09-29T22:48:49.237633+00:00"
"2025/cve-2025-21520.json","2026-09-29T22:48:49.166115+00:00"
"2025/cve-2025-21518.json","2026-09-29T22:48:49.092866+00:00"
"2025/cve-2025-21501.json","2026-09-29T22:48:49.019303+00:00"
"2025/cve-2025-21497.json","2026-09-29T22:48:48.933281+00:00"
"2025/cve-2025-21491.json","2026-09-29T22:48:48.853022+00:00"
"2024/cve-2024-9407.json","2026-09-29T22:48:48.706777+00:00"
"2024/cve-2024-7348.json","2026-09-29T22:48:48.155355+00:00"
"2024/cve-2024-6603.json","2026-09-29T22:48:47.928638+00:00"
"2024/cve-2024-6601.json","2026-09-29T22:48:47.703090+00:00"
"2024/cve-2024-6232.json","2026-09-29T22:48:47.470874+00:00"
"2024/cve-2024-5691.json","2026-09-29T22:48:47.284859+00:00"
"2024/cve-2024-56171.json","2026-09-29T22:48:47.120331+00:00"
"2024/cve-2024-54677.json","2026-09-29T22:48:46.996381+00:00"
"2025/cve-2025-21905.json","2026-09-29T22:48:46.959968+00:00"
"2024/cve-2024-1048.json","2026-09-29T22:48:46.882321+00:00"
"2024/cve-2024-0741.json","2026-09-29T22:48:46.816014+00:00"
"2024/cve-2024-0565.json","2026-09-29T22:48:46.630106+00:00"
"2024/cve-2024-0056.json","2026-09-29T22:48:46.374251+00:00"
"2023/cve-2023-6862.json","2026-09-29T22:48:46.253461+00:00"
"2025/cve-2025-38087.json","2026-09-29T22:48:46.089120+00:00"
"2025/cve-2025-21928.json","2026-09-29T22:48:46.012539+00:00"
"2023/cve-2023-6856.json","2026-09-29T22:48:45.907346+00:00"
"2023/cve-2023-6606.json","2026-09-29T22:48:45.720970+00:00"
"2023/cve-2023-6478.json","2026-09-29T22:48:45.604186+00:00"
"2023/cve-2023-6207.json","2026-09-29T22:48:45.379226+00:00"
"2025/cve-2025-37914.json","2026-09-29T22:48:45.053764+00:00"
"2023/cve-2023-6185.json","2026-09-29T22:48:44.655550+00:00"
"2025/cve-2025-49180.json","2026-09-29T22:48:44.453188+00:00"
"2023/cve-2023-4752.json","2026-09-29T22:48:44.382516+00:00"
"2023/cve-2023-38559.json","2026-09-29T22:48:44.291368+00:00"
"2023/cve-2023-38471.json","2026-09-29T22:48:44.179040+00:00"
"2023/cve-2023-38429.json","2026-09-29T22:48:44.111610+00:00"
"2023/cve-2023-38409.json","2026-09-29T22:48:44.079770+00:00"
"2023/cve-2023-38407.json","2026-09-29T22:48:44.029609+00:00"
"2023/cve-2023-37920.json","2026-09-29T22:48:43.962328+00:00"
"2023/cve-2023-37328.json","2026-09-29T22:48:43.853806+00:00"
"2025/cve-2025-10729.json","2026-09-29T22:48:43.790218+00:00"
"2025/cve-2025-8677.json","2026-09-29T22:48:43.724796+00:00"
"2023/cve-2023-34968.json","2026-09-29T22:48:43.574003+00:00"
"2023/cve-2023-34966.json","2026-09-29T22:48:43.460855+00:00"
"2023/cve-2023-34059.json","2026-09-29T22:48:43.346835+00:00"
"2023/cve-2023-3316.json","2026-09-29T22:48:43.255191+00:00"
"2023/cve-2023-32700.json","2026-09-29T22:48:43.136522+00:00"
"2023/cve-2023-3268.json","2026-09-29T22:48:43.067292+00:00"
"2023/cve-2023-32360.json","2026-09-29T22:48:43.011359+00:00"
"2022/cve-2022-45884.json","2026-09-29T22:48:42.952573+00:00"
"2022/cve-2022-45404.json","2026-09-29T22:48:42.876085+00:00"
"2022/cve-2022-44638.json","2026-09-29T22:48:42.796056+00:00"
"2022/cve-2022-4450.json","2026-09-29T22:48:42.695153+00:00"
"2022/cve-2022-43552.json","2026-09-29T22:48:42.592212+00:00"
"2022/cve-2022-42898.json","2026-09-29T22:48:42.540376+00:00"
"2022/cve-2022-42896.json","2026-09-29T22:48:42.319210+00:00"
"2022/cve-2022-4283.json","2026-09-29T22:48:42.121066+00:00"
"2022/cve-2022-4269.json","2026-09-29T22:48:42.068736+00:00"
"2022/cve-2022-42012.json","2026-09-29T22:48:42.019685+00:00"
"2022/cve-2022-41973.json","2026-09-29T22:48:41.968559+00:00"
"2021/cve-2021-47385.json","2026-09-29T22:48:41.891113+00:00"
"2022/cve-2022-48773.json","2026-09-29T22:48:41.794915+00:00"
"2024/cve-2024-40960.json","2026-09-29T22:48:41.728319+00:00"
"2024/cve-2024-26961.json","2026-09-29T22:48:41.654931+00:00"
"2024/cve-2024-26826.json","2026-09-29T22:48:41.554691+00:00"
"2021/cve-2021-47383.json","2026-09-29T22:48:41.461288+00:00"
"2024/cve-2024-27399.json","2026-09-29T22:48:41.397062+00:00"
"2024/cve-2024-8927.json","2026-09-29T22:48:41.342958+00:00"
"2025/cve-2025-4638.json","2026-09-29T22:48:41.292045+00:00"
"2025/cve-2025-39702.json","2026-09-29T22:48:41.192808+00:00"
"2025/cve-2025-38498.json","2026-09-29T22:48:41.003182+00:00"
"2025/cve-2025-38177.json","2026-09-29T22:48:40.746538+00:00"
"2025/cve-2025-38124.json","2026-09-29T22:48:40.550720+00:00"
"2025/cve-2025-38107.json","2026-09-29T22:48:40.413823+00:00"
"2025/cve-2025-38000.json","2026-09-29T22:48:40.314803+00:00"
"2025/cve-2025-26599.json","2026-09-29T22:48:40.210117+00:00"
"2025/cve-2025-24928.json","2026-09-29T22:48:40.128740+00:00"
"2025/cve-2025-21546.json","2026-09-29T22:48:39.994135+00:00"
"2025/cve-2025-21522.json","2026-09-29T22:48:39.923791+00:00"
"2025/cve-2025-21504.json","2026-09-29T22:48:39.853852+00:00"
"2025/cve-2025-0624.json","2026-09-29T22:48:39.761131+00:00"
"2024/cve-2024-9675.json","2026-09-29T22:48:39.630185+00:00"
"2024/cve-2024-7409.json","2026-09-29T22:48:38.862150+00:00"
"2024/cve-2024-7264.json","2026-09-29T22:48:38.386056+00:00"
"2024/cve-2024-6923.json","2026-09-29T22:48:38.292408+00:00"
"2024/cve-2024-6387.json","2026-09-29T22:48:38.151127+00:00"
"2024/cve-2024-6104.json","2026-09-29T22:48:38.081101+00:00"
"2024/cve-2024-5700.json","2026-09-29T22:48:37.619073+00:00"
"2024/cve-2024-5688.json","2026-09-29T22:48:37.460873+00:00"
"2024/cve-2024-54031.json","2026-09-29T22:48:37.294315+00:00"
"2025/cve-2025-22113.json","2026-09-29T22:48:37.204324+00:00"
"2024/cve-2024-52533.json","2026-09-29T22:48:36.316152+00:00"
"2025/cve-2025-5994.json","2026-09-29T22:48:36.211286+00:00"
"2024/cve-2024-0450.json","2026-09-29T22:48:36.106076+00:00"
"2025/cve-2025-38052.json","2026-09-29T22:48:35.960419+00:00"
"2025/cve-2025-22020.json","2026-09-29T22:48:35.704433+00:00"
"2023/cve-2023-6859.json","2026-09-29T22:48:35.552182+00:00"
"2025/cve-2025-32414.json","2026-09-29T22:48:35.404084+00:00"
"2023/cve-2023-6610.json","2026-09-29T22:48:35.337195+00:00"
"2023/cve-2023-6206.json","2026-09-29T22:48:35.261088+00:00"
"2025/cve-2025-22058.json","2026-09-29T22:48:35.057386+00:00"
"2025/cve-2025-49176.json","2026-09-29T22:48:34.950190+00:00"
"2023/cve-2023-5732.json","2026-09-29T22:48:34.812161+00:00"
"2023/cve-2023-38473.json","2026-09-29T22:48:34.718038+00:00"
"2023/cve-2023-38427.json","2026-09-29T22:48:34.653776+00:00"
"2023/cve-2023-38180.json","2026-09-29T22:48:34.629001+00:00"
"2023/cve-2023-3609.json","2026-09-29T22:48:34.522598+00:00"
"2023/cve-2023-35823.json","2026-09-29T22:48:34.240877+00:00"
"2025/cve-2025-40778.json","2026-09-29T22:48:34.179275+00:00"
"2025/cve-2025-11230.json","2026-09-29T22:48:34.116274+00:00"
"2023/cve-2023-3390.json","2026-09-29T22:48:34.076208+00:00"
"2023/cve-2023-33460.json","2026-09-29T22:48:33.983628+00:00"
"2023/cve-2023-33203.json","2026-09-29T22:48:33.883966+00:00"
"2023/cve-2023-32373.json","2026-09-29T22:48:33.835889+00:00"
"2023/cve-2023-32250.json","2026-09-29T22:48:33.774087+00:00"
"2023/cve-2023-32067.json","2026-09-29T22:48:33.749992+00:00"
"2022/cve-2022-45919.json","2026-09-29T22:48:33.667949+00:00"
"2022/cve-2022-45420.json","2026-09-29T22:48:33.579322+00:00"
"2022/cve-2022-45416.json","2026-09-29T22:48:33.512609+00:00"
"2022/cve-2022-45411.json","2026-09-29T22:48:33.447302+00:00"
"2022/cve-2022-45409.json","2026-09-29T22:48:33.383304+00:00"
"2022/cve-2022-45406.json","2026-09-29T22:48:33.317662+00:00"
"2022/cve-2022-45143.json","2026-09-29T22:48:33.253725+00:00"
"2025/cve-2025-58183.json","2026-09-29T22:48:33.231160+00:00"
"2022/cve-2022-44793.json","2026-09-29T22:48:33.180658+00:00"
"2022/cve-2022-4378.json","2026-09-29T22:48:33.120811+00:00"
"2022/cve-2022-43681.json","2026-09-29T22:48:33.048362+00:00"
"2022/cve-2022-4304.json","2026-09-29T22:48:32.993306+00:00"
"2025/cve-2025-55753.json","2026-09-29T22:48:32.899686+00:00"
"2022/cve-2022-42010.json","2026-09-29T22:48:32.873696+00:00"
"2022/cve-2022-41862.json","2026-09-29T22:48:32.715875+00:00"
"2023/cve-2023-37327.json","2026-09-29T22:48:32.518053+00:00"
"2023/cve-2023-52594.json","2026-09-29T22:48:32.458016+00:00"
"2024/cve-2024-26993.json","2026-09-29T22:48:32.381022+00:00"
"2024/cve-2024-8925.json","2026-09-29T22:48:31.547840+00:00"
"2025/cve-2025-38729.json","2026-09-29T22:48:31.430175+00:00"
"2025/cve-2025-38550.json","2026-09-29T22:48:31.219614+00:00"
"2025/cve-2025-38120.json","2026-09-29T22:48:31.102926+00:00"
"2024/cve-2024-11235.json","2026-09-29T22:48:31.055389+00:00"
"2025/cve-2025-3277.json","2026-09-29T22:48:31.022351+00:00"
"2025/cve-2025-21756.json","2026-09-29T22:48:30.903196+00:00"
"2025/cve-2025-25186.json","2026-09-29T22:48:30.636469+00:00"
"2025/cve-2025-21529.json","2026-09-29T22:48:30.608476+00:00"
"2025/cve-2025-21505.json","2026-09-29T22:48:30.536808+00:00"
"2025/cve-2025-21494.json","2026-09-29T22:48:30.465586+00:00"
"2024/cve-2024-9341.json","2026-09-29T22:48:30.367715+00:00"
"2024/cve-2024-7383.json","2026-09-29T22:48:29.716209+00:00"
"2024/cve-2024-7006.json","2026-09-29T22:48:29.269441+00:00"
"2024/cve-2024-6602.json","2026-09-29T22:48:29.119126+00:00"
"2024/cve-2024-5702.json","2026-09-29T22:48:28.983063+00:00"
"2024/cve-2024-5696.json","2026-09-29T22:48:28.819560+00:00"
"2024/cve-2024-53206.json","2026-09-29T22:48:28.629790+00:00"
"2025/cve-2025-48384.json","2026-09-29T22:48:28.561934+00:00"
"2024/cve-2024-52006.json","2026-09-29T22:48:28.468926+00:00"
"2024/cve-2024-10041.json","2026-09-29T22:48:27.657091+00:00"
"2024/cve-2024-0751.json","2026-09-29T22:48:27.461220+00:00"
"2024/cve-2024-0749.json","2026-09-29T22:48:27.307942+00:00"
"2024/cve-2024-0742.json","2026-09-29T22:48:27.153554+00:00"
"2024/cve-2024-0646.json","2026-09-29T22:48:26.941966+00:00"
"2024/cve-2024-0562.json","2026-09-29T22:48:26.773046+00:00"
"2024/cve-2024-0057.json","2026-09-29T22:48:26.641636+00:00"
"2025/cve-2025-21727.json","2026-09-29T22:48:26.423233+00:00"
"2023/cve-2023-6817.json","2026-09-29T22:48:26.276821+00:00"
"2025/cve-2025-5914.json","2026-09-29T22:48:26.119204+00:00"
"2023/cve-2023-6683.json","2026-09-29T22:48:26.011753+00:00"
"2023/cve-2023-6597.json","2026-09-29T22:48:25.940670+00:00"
"2025/cve-2025-22871.json","2026-09-29T22:48:25.809720+00:00"
"2023/cve-2023-6129.json","2026-09-29T22:48:25.783542+00:00"
"2023/cve-2023-5728.json","2026-09-29T22:48:25.742263+00:00"
"2023/cve-2023-38546.json","2026-09-29T22:48:25.538811+00:00"
"2023/cve-2023-38470.json","2026-09-29T22:48:25.428560+00:00"
"2023/cve-2023-38426.json","2026-09-29T22:48:25.364771+00:00"
"2023/cve-2023-38406.json","2026-09-29T22:48:25.343417+00:00"
"2023/cve-2023-3772.json","2026-09-29T22:48:25.272786+00:00"
"2023/cve-2023-36799.json","2026-09-29T22:48:25.222743+00:00"
"2023/cve-2023-3611.json","2026-09-29T22:48:25.145458+00:00"
"2023/cve-2023-35824.json","2026-09-29T22:48:25.041254+00:00"
"2023/cve-2023-3567.json","2026-09-29T22:48:24.897988+00:00"
"2023/cve-2023-34969.json","2026-09-29T22:48:24.781757+00:00"
"2023/cve-2023-34967.json","2026-09-29T22:48:24.714253+00:00"
"2023/cve-2023-3347.json","2026-09-29T22:48:24.631046+00:00"
"2023/cve-2023-32032.json","2026-09-29T22:48:24.577714+00:00"
"2023/cve-2023-3161.json","2026-09-29T22:48:24.459123+00:00"
"2023/cve-2023-31484.json","2026-09-29T22:48:24.411840+00:00"
"2022/cve-2022-45939.json","2026-09-29T22:48:24.369666+00:00"
"2022/cve-2022-45886.json","2026-09-29T22:48:24.306988+00:00"
"2022/cve-2022-45421.json","2026-09-29T22:48:24.218759+00:00"
"2022/cve-2022-45418.json","2026-09-29T22:48:24.152854+00:00"
"2022/cve-2022-45410.json","2026-09-29T22:48:23.977701+00:00"
"2022/cve-2022-45408.json","2026-09-29T22:48:23.906238+00:00"
"2022/cve-2022-45403.json","2026-09-29T22:48:23.838772+00:00"
"2022/cve-2022-44792.json","2026-09-29T22:48:23.764069+00:00"
"2022/cve-2022-44617.json","2026-09-29T22:48:23.721984+00:00"
"2022/cve-2022-4415.json","2026-09-29T22:48:23.676465+00:00"
"2022/cve-2022-43750.json","2026-09-29T22:48:23.624272+00:00"
"2022/cve-2022-42252.json","2026-09-29T22:48:23.572366+00:00"
"2022/cve-2022-41903.json","2026-09-29T22:48:23.520879+00:00"
"2025/cve-2025-66200.json","2026-09-29T22:48:23.418500+00:00"
"2025/cve-2025-65082.json","2026-09-29T22:48:23.370869+00:00"
"2025/cve-2025-58098.json","2026-09-29T22:48:23.321397+00:00"
"2022/cve-2022-41861.json","2026-09-29T22:48:23.270151+00:00"
"2022/cve-2022-41860.json","2026-09-29T22:48:23.208810+00:00"
"2022/cve-2022-41859.json","2026-09-29T22:48:23.157343+00:00"
"2022/cve-2022-41858.json","2026-09-29T22:48:23.084651+00:00"
"2022/cve-2022-41804.json","2026-09-29T22:48:23.007604+00:00"
"2022/cve-2022-41742.json","2026-09-29T22:48:22.929527+00:00"
"2022/cve-2022-41741.json","2026-09-29T22:48:22.848406+00:00"
"2022/cve-2022-41725.json","2026-09-29T22:48:22.695498+00:00"
"2022/cve-2022-41724.json","2026-09-29T22:48:21.665621+00:00"
"2022/cve-2022-41723.json","2026-09-29T22:48:20.656149+00:00"
"2022/cve-2022-41717.json","2026-09-29T22:48:19.659099+00:00"
"2022/cve-2022-31629.json","2026-09-29T22:48:18.761724+00:00"
"2022/cve-2022-41715.json","2026-09-29T22:48:18.691444+00:00"
"2022/cve-2022-41674.json","2026-09-29T22:48:18.209923+00:00"
"2022/cve-2022-4144.json","2026-09-29T22:48:18.070646+00:00"
"2022/cve-2022-4139.json","2026-09-29T22:48:17.499861+00:00"
"2022/cve-2022-4132.json","2026-09-29T22:48:17.435077+00:00"
"2022/cve-2022-41318.json","2026-09-29T22:48:17.412794+00:00"
"2022/cve-2022-4129.json","2026-09-29T22:48:17.308972+00:00"
"2022/cve-2022-41222.json","2026-09-29T22:48:17.251456+00:00"
"2022/cve-2022-41218.json","2026-09-29T22:48:17.196976+00:00"
"2022/cve-2022-40982.json","2026-09-29T22:48:17.151656+00:00"
"2022/cve-2022-40964.json","2026-09-29T22:48:17.079016+00:00"
"2022/cve-2022-40897.json","2026-09-29T22:48:16.867275+00:00"
"2022/cve-2022-40674.json","2026-09-29T22:48:16.800098+00:00"
"2022/cve-2022-40433.json","2026-09-29T22:48:16.744721+00:00"
"2022/cve-2022-40318.json","2026-09-29T22:48:16.701440+00:00"
"2022/cve-2022-40304.json","2026-09-29T22:48:16.657079+00:00"
"2022/cve-2022-40303.json","2026-09-29T22:48:16.590709+00:00"
"2022/cve-2022-40302.json","2026-09-29T22:48:16.528806+00:00"
"2022/cve-2022-3970.json","2026-09-29T22:48:16.483431+00:00"
"2022/cve-2022-39410.json","2026-09-29T22:48:16.436482+00:00"
"2022/cve-2022-39408.json","2026-09-29T22:48:16.324973+00:00"
"2023/cve-2023-2455.json","2026-09-29T22:48:16.115432+00:00"
"2023/cve-2023-2454.json","2026-09-29T22:48:15.656467+00:00"
"2022/cve-2022-39400.json","2026-09-29T22:48:15.454752+00:00"
"2022/cve-2022-39260.json","2026-09-29T22:48:15.346225+00:00"
"2022/cve-2022-3924.json","2026-09-29T22:48:15.296744+00:00"
"2022/cve-2022-39229.json","2026-09-29T22:48:15.233816+00:00"
"2022/cve-2022-39189.json","2026-09-29T22:48:15.126714+00:00"
"2022/cve-2022-39188.json","2026-09-29T22:48:15.051028+00:00"
"2022/cve-2022-39177.json","2026-09-29T22:48:14.996054+00:00"
"2022/cve-2022-39176.json","2026-09-29T22:48:14.948278+00:00"
"2022/cve-2022-38900.json","2026-09-29T22:48:14.894861+00:00"
"2022/cve-2022-38784.json","2026-09-29T22:48:14.799469+00:00"
"2022/cve-2022-3821.json","2026-09-29T22:48:14.746091+00:00"
"2022/cve-2022-38090.json","2026-09-29T22:48:14.702388+00:00"
"2022/cve-2022-38023.json","2026-09-29T22:48:14.489829+00:00"
"2022/cve-2022-3787.json","2026-09-29T22:48:14.411196+00:00"
"2022/cve-2022-3775.json","2026-09-29T22:48:14.341329+00:00"
"2022/cve-2022-37454.json","2026-09-29T22:48:14.295025+00:00"
"2022/cve-2022-37436.json","2026-09-29T22:48:14.214339+00:00"
"2022/cve-2022-37434.json","2026-09-29T22:48:14.128435+00:00"
"2022/cve-2022-3736.json","2026-09-29T22:48:14.057215+00:00"
"2022/cve-2022-37032.json","2026-09-29T22:48:13.990983+00:00"
"2022/cve-2022-36879.json","2026-09-29T22:48:13.938055+00:00"
"2022/cve-2022-36765.json","2026-09-29T22:48:13.886481+00:00"
"2022/cve-2022-36764.json","2026-09-29T22:48:13.798349+00:00"
"2022/cve-2022-36763.json","2026-09-29T22:48:13.602354+00:00"
"2022/cve-2022-36760.json","2026-09-29T22:48:13.510032+00:00"
"2022/cve-2022-36440.json","2026-09-29T22:48:13.424744+00:00"
"2022/cve-2022-3640.json","2026-09-29T22:48:13.366887+00:00"
"2022/cve-2022-3628.json","2026-09-29T22:48:13.287835+00:00"
"2022/cve-2022-3625.json","2026-09-29T22:48:13.227132+00:00"
"2022/cve-2022-3599.json","2026-09-29T22:48:13.157436+00:00"
"2022/cve-2022-3567.json","2026-09-29T22:48:13.048043+00:00"
"2022/cve-2022-3565.json","2026-09-29T22:48:12.985267+00:00"
"2022/cve-2022-3564.json","2026-09-29T22:48:12.905179+00:00"
"2022/cve-2022-3560.json","2026-09-29T22:48:12.860840+00:00"
"2025/cve-2025-66293.json","2026-09-29T22:48:12.815847+00:00"
"2022/cve-2022-3545.json","2026-09-29T22:48:12.727126+00:00"
"2022/cve-2022-35256.json","2026-09-29T22:48:12.620405+00:00"
"2022/cve-2022-3517.json","2026-09-29T22:48:12.529645+00:00"
"2022/cve-2022-34169.json","2026-09-29T22:48:12.439518+00:00"
"2022/cve-2022-33742.json","2026-09-29T22:48:12.395296+00:00"
"2022/cve-2022-33741.json","2026-09-29T22:48:12.351811+00:00"
"2022/cve-2022-33196.json","2026-09-29T22:48:12.308438+00:00"
"2022/cve-2022-3287.json","2026-09-29T22:48:12.124864+00:00"
"2025/cve-2025-21490.json","2026-09-29T22:48:12.070836+00:00"
"2022/cve-2022-3239.json","2026-09-29T22:48:11.987710+00:00"
"2022/cve-2022-32189.json","2026-09-29T22:48:11.861344+00:00"
"2022/cve-2022-31813.json","2026-09-29T22:48:10.946648+00:00"
"2022/cve-2022-30699.json","2026-09-29T22:48:10.894971+00:00"
"2022/cve-2022-30550.json","2026-09-29T22:48:10.846837+00:00"
"2022/cve-2022-2990.json","2026-09-29T22:48:10.751293+00:00"
"2024/cve-2024-40984.json","2026-09-29T22:48:09.871187+00:00"
"2024/cve-2024-38586.json","2026-09-29T22:48:09.801628+00:00"
"2023/cve-2023-52492.json","2026-09-29T22:48:09.716406+00:00"
"2024/cve-2024-40931.json","2026-09-29T22:48:09.653351+00:00"
"2024/cve-2024-26640.json","2026-09-29T22:48:09.590259+00:00"
"2024/cve-2024-5458.json","2026-09-29T22:48:09.537419+00:00"
"2024/cve-2024-11234.json","2026-09-29T22:48:09.488605+00:00"
"2025/cve-2025-4598.json","2026-09-29T22:48:09.420236+00:00"
"2025/cve-2025-40186.json","2026-09-29T22:48:09.256786+00:00"
"2025/cve-2025-38061.json","2026-09-29T22:48:09.063260+00:00"
"2025/cve-2025-37803.json","2026-09-29T22:48:08.922765+00:00"
"2025/cve-2025-27363.json","2026-09-29T22:48:08.817058+00:00"
"2025/cve-2025-26600.json","2026-09-29T22:48:08.683895+00:00"
"2025/cve-2025-21867.json","2026-09-29T22:48:08.586138+00:00"
"2025/cve-2025-21543.json","2026-09-29T22:48:08.509862+00:00"
"2025/cve-2025-21521.json","2026-09-29T22:48:08.439339+00:00"
"2025/cve-2025-21503.json","2026-09-29T22:48:08.367130+00:00"
"2024/cve-2024-9676.json","2026-09-29T22:48:08.277499+00:00"
"2024/cve-2024-9632.json","2026-09-29T22:48:07.779650+00:00"
"2024/cve-2024-6604.json","2026-09-29T22:48:07.472475+00:00"
"2024/cve-2024-6174.json","2026-09-29T22:48:07.264700+00:00"
"2024/cve-2024-5693.json","2026-09-29T22:48:07.156131+00:00"
"2024/cve-2024-56642.json","2026-09-29T22:48:06.889146+00:00"
"2024/cve-2024-53899.json","2026-09-29T22:48:06.663060+00:00"
"2024/cve-2024-53150.json","2026-09-29T22:48:06.385887+00:00"
"2025/cve-2025-22121.json","2026-09-29T22:48:06.110852+00:00"
"2025/cve-2025-21991.json","2026-09-29T22:48:06.019348+00:00"
"2025/cve-2025-4373.json","2026-09-29T22:48:05.959180+00:00"
"2024/cve-2024-0985.json","2026-09-29T22:48:05.604980+00:00"
"2024/cve-2024-0753.json","2026-09-29T22:48:05.304817+00:00"
"2024/cve-2024-0750.json","2026-09-29T22:48:05.142236+00:00"
"2024/cve-2024-0747.json","2026-09-29T22:48:04.981404+00:00"
"2024/cve-2024-0743.json","2026-09-29T22:48:04.820859+00:00"
"2025/cve-2025-7425.json","2026-09-29T22:48:04.650689+00:00"
"2024/cve-2024-0553.json","2026-09-29T22:48:04.513452+00:00"
"2024/cve-2024-0409.json","2026-09-29T22:48:04.322804+00:00"
"2023/cve-2023-7192.json","2026-09-29T22:48:04.176468+00:00"
"2025/cve-2025-37890.json","2026-09-29T22:48:04.063531+00:00"
"2023/cve-2023-6860.json","2026-09-29T22:48:03.907436+00:00"
"2023/cve-2023-6816.json","2026-09-29T22:48:03.707936+00:00"
"2023/cve-2023-6622.json","2026-09-29T22:48:03.474980+00:00"
"2025/cve-2025-38079.json","2026-09-29T22:48:03.334718+00:00"
"2023/cve-2023-6277.json","2026-09-29T22:48:03.154964+00:00"
"2023/cve-2023-6040.json","2026-09-29T22:48:03.059636+00:00"
"2023/cve-2023-5824.json","2026-09-29T22:48:02.910731+00:00"
"2023/cve-2023-5730.json","2026-09-29T22:48:02.783305+00:00"
"2023/cve-2023-5725.json","2026-09-29T22:48:02.738309+00:00"
"2023/cve-2023-38472.json","2026-09-29T22:48:02.650468+00:00"
"2023/cve-2023-38432.json","2026-09-29T22:48:02.585305+00:00"
"2023/cve-2023-38430.json","2026-09-29T22:48:02.567670+00:00"
"2023/cve-2023-38428.json","2026-09-29T22:48:02.550565+00:00"
"2023/cve-2023-38408.json","2026-09-29T22:48:02.523500+00:00"
"2023/cve-2023-3812.json","2026-09-29T22:48:02.428296+00:00"
"2023/cve-2023-37450.json","2026-09-29T22:48:02.304805+00:00"
"2023/cve-2023-36558.json","2026-09-29T22:48:02.232718+00:00"
"2023/cve-2023-36049.json","2026-09-29T22:48:02.144431+00:00"
"2025/cve-2025-40780.json","2026-09-29T22:48:01.916872+00:00"
"2023/cve-2023-34241.json","2026-09-29T22:48:01.735849+00:00"
"2023/cve-2023-33170.json","2026-09-29T22:48:01.688264+00:00"
"2023/cve-2023-32681.json","2026-09-29T22:48:01.613195+00:00"
"2023/cve-2023-32439.json","2026-09-29T22:48:00.716903+00:00"
"2023/cve-2023-32233.json","2026-09-29T22:48:00.613977+00:00"
"2022/cve-2022-33972.json","2026-09-29T22:48:00.526374+00:00"
"2022/cve-2022-32149.json","2026-09-29T22:48:00.441991+00:00"
"2022/cve-2022-3204.json","2026-09-29T22:47:59.988700+00:00"
"2022/cve-2022-30698.json","2026-09-29T22:47:59.824034+00:00"
"2022/cve-2022-30522.json","2026-09-29T22:47:59.777411+00:00"
"2022/cve-2022-2989.json","2026-09-29T22:47:59.640018+00:00"
"2023/cve-2023-52615.json","2026-09-29T22:47:58.745179+00:00"
"2021/cve-2021-47356.json","2026-09-29T22:47:58.691789+00:00"
"2024/cve-2024-27393.json","2026-09-29T22:47:58.636781+00:00"
"2023/cve-2023-52667.json","2026-09-29T22:47:58.568141+00:00"
"2024/cve-2024-47613.json","2026-09-29T22:47:58.498099+00:00"
"2024/cve-2024-3096.json","2026-09-29T22:47:58.451476+00:00"
"2024/cve-2024-8929.json","2026-09-29T22:47:58.404029+00:00"
"2025/cve-2025-49809.json","2026-09-29T22:47:58.354272+00:00"
"2025/cve-2025-26601.json","2026-09-29T22:47:58.244596+00:00"
"2025/cve-2025-26595.json","2026-09-29T22:47:58.173134+00:00"
"2025/cve-2025-21927.json","2026-09-29T22:47:58.016120+00:00"
"2025/cve-2025-21559.json","2026-09-29T22:47:57.800954+00:00"
"2025/cve-2025-21525.json","2026-09-29T22:47:57.729351+00:00"
"2025/cve-2025-1094.json","2026-09-29T22:47:57.446269+00:00"
"2025/cve-2025-32463.json","2026-09-29T22:47:56.719038+00:00"
"2025/cve-2025-50059.json","2026-09-29T22:47:56.572069+00:00"
"2024/cve-2024-57883.json","2026-09-29T22:47:56.465274+00:00"
"2024/cve-2024-57823.json","2026-09-29T22:47:56.364581+00:00"
"2024/cve-2024-56601.json","2026-09-29T22:47:56.217628+00:00"
"2024/cve-2024-56326.json","2026-09-29T22:47:56.095857+00:00"
"2024/cve-2024-53580.json","2026-09-29T22:47:56.017907+00:00"
"2024/cve-2024-53197.json","2026-09-29T22:47:55.885158+00:00"
"2024/cve-2024-53141.json","2026-09-29T22:47:55.655568+00:00"
"2025/cve-2025-38086.json","2026-09-29T22:47:55.326170+00:00"
"2024/cve-2024-57980.json","2026-09-29T22:47:55.129467+00:00"
"2025/cve-2025-27614.json","2026-09-29T22:47:55.036736+00:00"
"2024/cve-2024-1086.json","2026-09-29T22:47:54.913264+00:00"
"2024/cve-2024-0755.json","2026-09-29T22:47:54.720647+00:00"
"2024/cve-2024-0746.json","2026-09-29T22:47:54.560489+00:00"
"2025/cve-2025-38089.json","2026-09-29T22:47:54.361317+00:00"
"2024/cve-2024-0567.json","2026-09-29T22:47:54.266095+00:00"
"2024/cve-2024-0408.json","2026-09-29T22:47:54.202342+00:00"
"2024/cve-2024-0229.json","2026-09-29T22:47:54.024682+00:00"
"2023/cve-2023-7250.json","2026-09-29T22:47:53.721786+00:00"
"2023/cve-2023-7104.json","2026-09-29T22:47:53.596649+00:00"
"2023/cve-2023-6931.json","2026-09-29T22:47:53.421417+00:00"
"2023/cve-2023-6865.json","2026-09-29T22:47:53.260325+00:00"
"2023/cve-2023-6863.json","2026-09-29T22:47:53.191574+00:00"
"2023/cve-2023-6861.json","2026-09-29T22:47:53.031539+00:00"
"2023/cve-2023-6857.json","2026-09-29T22:47:52.754604+00:00"
"2023/cve-2023-6516.json","2026-09-29T22:47:52.590792+00:00"
"2023/cve-2023-6377.json","2026-09-29T22:47:52.436478+00:00"
"2023/cve-2023-6237.json","2026-09-29T22:47:52.211328+00:00"
"2023/cve-2023-6212.json","2026-09-29T22:47:52.159672+00:00"
"2023/cve-2023-6208.json","2026-09-29T22:47:51.993006+00:00"
"2023/cve-2023-6204.json","2026-09-29T22:47:51.818707+00:00"
"2023/cve-2023-5981.json","2026-09-29T22:47:51.635526+00:00"
"2025/cve-2025-6019.json","2026-09-29T22:47:51.391730+00:00"
"2025/cve-2025-49179.json","2026-09-29T22:47:51.287335+00:00"
"2024/cve-2024-8176.json","2026-09-29T22:47:51.199387+00:00"
"2023/cve-2023-5841.json","2026-09-29T22:47:51.042265+00:00"
"2023/cve-2023-5724.json","2026-09-29T22:47:50.993587+00:00"
"2023/cve-2023-38469.json","2026-09-29T22:47:50.899839+00:00"
"2023/cve-2023-38431.json","2026-09-29T22:47:50.828932+00:00"
"2023/cve-2023-3776.json","2026-09-29T22:47:50.780078+00:00"
"2025/cve-2025-59830.json","2026-09-29T22:47:50.690856+00:00"
"2023/cve-2023-3758.json","2026-09-29T22:47:50.562624+00:00"
"2025/cve-2025-7493.json","2026-09-29T22:47:50.449390+00:00"
"2023/cve-2023-37464.json","2026-09-29T22:47:50.401647+00:00"
"2023/cve-2023-36664.json","2026-09-29T22:47:50.316411+00:00"
"2023/cve-2023-3618.json","2026-09-29T22:47:50.225446+00:00"
"2025/cve-2025-11561.json","2026-09-29T22:47:50.150945+00:00"
"2023/cve-2023-3600.json","2026-09-29T22:47:50.034280+00:00"
"2023/cve-2023-3576.json","2026-09-29T22:47:49.967089+00:00"
"2023/cve-2023-35390.json","2026-09-29T22:47:49.913793+00:00"
"2023/cve-2023-34981.json","2026-09-29T22:47:49.869988+00:00"
"2023/cve-2023-34440.json","2026-09-29T22:47:49.848974+00:00"
"2023/cve-2023-3255.json","2026-09-29T22:47:49.703949+00:00"
"2023/cve-2023-32435.json","2026-09-29T22:47:49.645959+00:00"
"2023/cve-2023-3164.json","2026-09-29T22:47:49.559026+00:00"
"2023/cve-2023-31490.json","2026-09-29T22:47:49.509900+00:00"
"2022/cve-2022-32746.json","2026-09-29T22:47:49.443120+00:00"
"2023/cve-2023-52971.json","2026-09-29T22:47:49.355243+00:00"
"2022/cve-2022-32148.json","2026-09-29T22:47:49.301138+00:00"
"2022/cve-2022-31107.json","2026-09-29T22:47:48.760065+00:00"
"2022/cve-2022-3064.json","2026-09-29T22:47:48.629332+00:00"
"2022/cve-2022-30633.json","2026-09-29T22:47:47.733646+00:00"
"2022/cve-2022-30631.json","2026-09-29T22:47:47.214669+00:00"
"2022/cve-2022-30629.json","2026-09-29T22:47:46.145303+00:00"
"2022/cve-2022-3028.json","2026-09-29T22:47:45.682661+00:00"
"2022/cve-2022-29885.json","2026-09-29T22:47:45.581502+00:00"
"2022/cve-2022-2964.json","2026-09-29T22:47:45.549056+00:00"
"2024/cve-2024-41093.json","2026-09-29T22:47:45.486311+00:00"
"2024/cve-2024-40983.json","2026-09-29T22:47:45.425609+00:00"
"2024/cve-2024-35898.json","2026-09-29T22:47:45.357003+00:00"
"2024/cve-2024-41014.json","2026-09-29T22:47:45.266888+00:00"
"2024/cve-2024-2756.json","2026-09-29T22:47:45.188977+00:00"
"2025/cve-2025-38477.json","2026-09-29T22:47:45.109719+00:00"
"2025/cve-2025-38471.json","2026-09-29T22:47:44.880359+00:00"
"2025/cve-2025-38380.json","2026-09-29T22:47:44.515895+00:00"
"2025/cve-2025-38250.json","2026-09-29T22:47:44.289696+00:00"
"2025/cve-2025-38001.json","2026-09-29T22:47:44.162635+00:00"
"2025/cve-2025-22868.json","2026-09-29T22:47:44.062778+00:00"
"2025/cve-2025-26598.json","2026-09-29T22:47:44.029391+00:00"
"2025/cve-2025-26596.json","2026-09-29T22:47:43.955085+00:00"
"2025/cve-2025-26594.json","2026-09-29T22:47:43.873725+00:00"
"2025/cve-2025-32907.json","2026-09-29T22:47:43.812403+00:00"
"2025/cve-2025-21555.json","2026-09-29T22:47:43.783929+00:00"
"2025/cve-2025-21536.json","2026-09-29T22:47:43.711408+00:00"
"2025/cve-2025-21534.json","2026-09-29T22:47:43.638844+00:00"
"2025/cve-2025-21523.json","2026-09-29T22:47:43.567805+00:00"
"2025/cve-2025-21519.json","2026-09-29T22:47:43.496285+00:00"
"2025/cve-2025-21500.json","2026-09-29T22:47:43.426392+00:00"
"2025/cve-2025-1244.json","2026-09-29T22:47:43.343398+00:00"
"2024/cve-2024-9050.json","2026-09-29T22:47:43.197792+00:00"
"2025/cve-2025-49795.json","2026-09-29T22:47:43.074791+00:00"
"2024/cve-2024-7347.json","2026-09-29T22:47:43.045766+00:00"
"2024/cve-2024-6409.json","2026-09-29T22:47:42.982730+00:00"
"2024/cve-2024-6345.json","2026-09-29T22:47:42.857335+00:00"
"2024/cve-2024-58239.json","2026-09-29T22:47:41.604886+00:00"
"2024/cve-2024-57947.json","2026-09-29T22:47:41.515114+00:00"
"2024/cve-2024-57882.json","2026-09-29T22:47:41.403282+00:00"
"2024/cve-2024-5690.json","2026-09-29T22:47:41.293418+00:00"
"2024/cve-2024-56201.json","2026-09-29T22:47:41.102976+00:00"
"2024/cve-2024-5535.json","2026-09-29T22:47:41.016257+00:00"
"2024/cve-2024-54534.json","2026-09-29T22:47:40.940992+00:00"
"2024/cve-2024-53122.json","2026-09-29T22:47:40.863536+00:00"
"2025/cve-2025-48385.json","2026-09-29T22:47:39.957894+00:00"
"2024/cve-2024-56337.json","2026-09-29T22:47:39.868602+00:00"
"2024/cve-2024-10963.json","2026-09-29T22:47:39.839204+00:00"
"2025/cve-2025-32023.json","2026-09-29T22:47:39.727660+00:00"
"2024/cve-2024-58002.json","2026-09-29T22:47:39.604321+00:00"
"2024/cve-2024-0607.json","2026-09-29T22:47:39.349818+00:00"
"2024/cve-2024-0193.json","2026-09-29T22:47:39.284844+00:00"
"2023/cve-2023-6932.json","2026-09-29T22:47:39.206753+00:00"
"2023/cve-2023-6867.json","2026-09-29T22:47:39.109433+00:00"
"2023/cve-2023-6864.json","2026-09-29T22:47:39.029854+00:00"
"2025/cve-2025-32415.json","2026-09-29T22:47:38.851148+00:00"
"2023/cve-2023-6858.json","2026-09-29T22:47:38.723370+00:00"
"2023/cve-2023-6546.json","2026-09-29T22:47:38.529691+00:00"
"2023/cve-2023-6228.json","2026-09-29T22:47:38.400408+00:00"
"2023/cve-2023-6209.json","2026-09-29T22:47:38.307546+00:00"
"2023/cve-2023-6205.json","2026-09-29T22:47:38.150259+00:00"
"2023/cve-2023-6186.json","2026-09-29T22:47:37.721667+00:00"
"2025/cve-2025-3891.json","2026-09-29T22:47:37.659397+00:00"
"2023/cve-2023-5721.json","2026-09-29T22:47:37.564030+00:00"
"2023/cve-2023-3777.json","2026-09-29T22:47:37.475899+00:00"
"2023/cve-2023-37536.json","2026-09-29T22:47:37.405553+00:00"
"2023/cve-2023-35788.json","2026-09-29T22:47:37.341541+00:00"
"2023/cve-2023-35001.json","2026-09-29T22:47:37.232251+00:00"
"2023/cve-2023-34058.json","2026-09-29T22:47:37.155281+00:00"
"2023/cve-2023-3341.json","2026-09-29T22:47:37.055681+00:00"
"2023/cve-2023-33128.json","2026-09-29T22:47:36.962816+00:00"
"2025/cve-2025-39697.json","2026-09-29T22:47:36.848559+00:00"
"2023/cve-2023-32324.json","2026-09-29T22:47:36.718951+00:00"
"2022/cve-2022-3094.json","2026-09-29T22:47:36.651286+00:00"
"2022/cve-2022-30635.json","2026-09-29T22:47:36.510206+00:00"
"2022/cve-2022-30632.json","2026-09-29T22:47:35.886900+00:00"
"2022/cve-2022-30630.json","2026-09-29T22:47:34.933042+00:00"
"2022/cve-2022-30594.json","2026-09-29T22:47:34.015676+00:00"
"2022/cve-2022-29824.json","2026-09-29T22:47:33.967152+00:00"
"2022/cve-2022-29581.json","2026-09-29T22:47:33.903367+00:00"
"2022/cve-2022-29404.json","2026-09-29T22:47:33.854303+00:00"
"2022/cve-2022-2938.json","2026-09-29T22:47:33.799118+00:00"
"2022/cve-2022-29187.json","2026-09-29T22:47:33.633192+00:00"
"2022/cve-2022-29162.json","2026-09-29T22:47:33.551701+00:00"
"2025/cve-2025-12817.json","2026-09-29T22:47:33.046078+00:00"
"2022/cve-2022-2880.json","2026-09-29T22:47:32.878201+00:00"
"2022/cve-2022-2879.json","2026-09-29T22:47:32.362532+00:00"
"2022/cve-2022-28737.json","2026-09-29T22:47:31.914220+00:00"
"2022/cve-2022-2873.json","2026-09-29T22:47:31.839758+00:00"
"2022/cve-2022-28615.json","2026-09-29T22:47:31.769557+00:00"
"2022/cve-2022-28390.json","2026-09-29T22:47:31.712931+00:00"
"2022/cve-2022-28131.json","2026-09-29T22:47:31.639524+00:00"
"2025/cve-2025-6020.json","2026-09-29T22:47:31.148683+00:00"
"2022/cve-2022-2795.json","2026-09-29T22:47:31.003467+00:00"
"2022/cve-2022-27664.json","2026-09-29T22:47:30.850681+00:00"
"2022/cve-2022-27635.json","2026-09-29T22:47:29.924832+00:00"
"2022/cve-2022-27406.json","2026-09-29T22:47:29.836247+00:00"
"2022/cve-2022-27405.json","2026-09-29T22:47:29.789855+00:00"
"2022/cve-2022-27404.json","2026-09-29T22:47:29.747566+00:00"
"2022/cve-2022-27191.json","2026-09-29T22:47:29.679330+00:00"
"2022/cve-2022-2639.json","2026-09-29T22:47:29.176153+00:00"
"2022/cve-2022-26377.json","2026-09-29T22:47:29.100698+00:00"
"2022/cve-2022-26373.json","2026-09-29T22:47:29.046762+00:00"
"2022/cve-2022-26365.json","2026-09-29T22:47:28.999682+00:00"
"2022/cve-2022-2625.json","2026-09-29T22:47:28.856415+00:00"
"2022/cve-2022-2601.json","2026-09-29T22:47:28.639672+00:00"
"2022/cve-2022-25883.json","2026-09-29T22:47:28.590543+00:00"
"2022/cve-2022-25881.json","2026-09-29T22:47:28.494391+00:00"
"2022/cve-2022-25315.json","2026-09-29T22:47:28.405672+00:00"
"2022/cve-2022-25314.json","2026-09-29T22:47:28.360665+00:00"
"2022/cve-2022-25313.json","2026-09-29T22:47:28.316133+00:00"
"2022/cve-2022-25255.json","2026-09-29T22:47:28.273533+00:00"
"2022/cve-2022-25236.json","2026-09-29T22:47:28.223846+00:00"
"2022/cve-2022-25235.json","2026-09-29T22:47:28.066639+00:00"
"2022/cve-2022-2503.json","2026-09-29T22:47:27.958005+00:00"
"2025/cve-2025-12818.json","2026-09-29T22:47:27.877602+00:00"
"2022/cve-2022-24999.json","2026-09-29T22:47:27.739109+00:00"
"2025/cve-2025-39993.json","2026-09-29T22:47:27.646592+00:00"
"2022/cve-2022-24810.json","2026-09-29T22:47:27.591182+00:00"
"2022/cve-2022-24809.json","2026-09-29T22:47:27.514623+00:00"
"2022/cve-2022-24808.json","2026-09-29T22:47:27.437625+00:00"
"2022/cve-2022-24807.json","2026-09-29T22:47:27.358734+00:00"
"2022/cve-2022-24806.json","2026-09-29T22:47:27.278938+00:00"
"2022/cve-2022-24805.json","2026-09-29T22:47:27.197761+00:00"
"2022/cve-2022-24795.json","2026-09-29T22:47:27.121859+00:00"
"2022/cve-2022-24765.json","2026-09-29T22:47:27.044723+00:00"
"2022/cve-2022-23990.json","2026-09-29T22:47:27.002182+00:00"
"2022/cve-2022-23943.json","2026-09-29T22:47:26.955697+00:00"
"2022/cve-2022-23645.json","2026-09-29T22:47:26.814895+00:00"
"2022/cve-2022-23521.json","2026-09-29T22:47:26.382282+00:00"
"2022/cve-2022-23308.json","2026-09-29T22:47:26.337955+00:00"
"2022/cve-2022-2327.json","2026-09-29T22:47:26.296725+00:00"
"2022/cve-2022-23222.json","2026-09-29T22:47:26.257337+00:00"
"2025/cve-2025-39883.json","2026-09-29T22:47:26.149552+00:00"
"2022/cve-2022-2320.json","2026-09-29T22:47:26.073230+00:00"
"2022/cve-2022-2319.json","2026-09-29T22:47:25.903168+00:00"
"2022/cve-2022-23181.json","2026-09-29T22:47:25.839575+00:00"
"2022/cve-2022-22844.json","2026-09-29T22:47:25.814707+00:00"
"2022/cve-2022-22827.json","2026-09-29T22:47:25.761451+00:00"
"2022/cve-2022-22826.json","2026-09-29T22:47:25.711213+00:00"
"2022/cve-2022-22825.json","2026-09-29T22:47:25.659723+00:00"
"2022/cve-2022-22824.json","2026-09-29T22:47:25.609492+00:00"
"2022/cve-2022-22823.json","2026-09-29T22:47:25.557453+00:00"
"2022/cve-2022-22822.json","2026-09-29T22:47:25.504931+00:00"
"2022/cve-2022-22721.json","2026-09-29T22:47:25.453304+00:00"
"2022/cve-2022-22720.json","2026-09-29T22:47:25.406121+00:00"
"2022/cve-2022-22719.json","2026-09-29T22:47:25.360112+00:00"
"2022/cve-2022-2211.json","2026-09-29T22:47:25.223033+00:00"
"2022/cve-2022-21824.json","2026-09-29T22:47:24.735391+00:00"
"2022/cve-2022-21713.json","2026-09-29T22:47:24.644696+00:00"
"2022/cve-2022-21703.json","2026-09-29T22:47:24.599741+00:00"
"2025/cve-2025-40240.json","2026-09-29T22:47:24.484686+00:00"
"2025/cve-2025-40176.json","2026-09-29T22:47:24.309306+00:00"
"2025/cve-2025-39966.json","2026-09-29T22:47:24.223141+00:00"
"2025/cve-2025-39806.json","2026-09-29T22:47:24.160487+00:00"
"2022/cve-2022-21702.json","2026-09-29T22:47:24.112335+00:00"
"2022/cve-2022-21698.json","2026-09-29T22:47:24.070910+00:00"
"2022/cve-2022-21682.json","2026-09-29T22:47:24.029143+00:00"
"2022/cve-2022-21673.json","2026-09-29T22:47:23.986654+00:00"
"2022/cve-2022-21640.json","2026-09-29T22:47:23.936713+00:00"
"2022/cve-2022-21637.json","2026-09-29T22:47:23.824172+00:00"
"2022/cve-2022-21633.json","2026-09-29T22:47:23.708001+00:00"
"2022/cve-2022-21632.json","2026-09-29T22:47:23.591354+00:00"
"2022/cve-2022-21625.json","2026-09-29T22:47:23.478212+00:00"
"2022/cve-2022-21617.json","2026-09-29T22:47:23.367522+00:00"
"2022/cve-2022-21611.json","2026-09-29T22:47:23.257132+00:00"
"2022/cve-2022-21608.json","2026-09-29T22:47:23.145659+00:00"
"2022/cve-2022-21604.json","2026-09-29T22:47:23.035465+00:00"
"2022/cve-2022-21599.json","2026-09-29T22:47:22.923920+00:00"
"2022/cve-2022-21594.json","2026-09-29T22:47:22.808366+00:00"
"2022/cve-2022-21476.json","2026-09-29T22:47:22.581426+00:00"
"2022/cve-2022-2132.json","2026-09-29T22:47:22.488536+00:00"
"2022/cve-2022-2127.json","2026-09-29T22:47:22.418977+00:00"
"2022/cve-2022-21233.json","2026-09-29T22:47:22.351161+00:00"
"2022/cve-2022-21216.json","2026-09-29T22:47:22.287850+00:00"
"2022/cve-2022-21151.json","2026-09-29T22:47:22.226705+00:00"
"2022/cve-2022-21136.json","2026-09-29T22:47:22.206954+00:00"
"2022/cve-2022-21131.json","2026-09-29T22:47:22.187508+00:00"
"2022/cve-2022-2097.json","2026-09-29T22:47:22.159258+00:00"
"2022/cve-2022-2068.json","2026-09-29T22:47:22.101106+00:00"
"2022/cve-2022-20368.json","2026-09-29T22:47:22.022570+00:00"
"2022/cve-2022-20141.json","2026-09-29T22:47:21.958578+00:00"
"2022/cve-2022-1962.json","2026-09-29T22:47:21.756148+00:00"
"2022/cve-2022-1708.json","2026-09-29T22:47:21.191544+00:00"
"2022/cve-2022-1705.json","2026-09-29T22:47:20.294295+00:00"
"2022/cve-2022-1679.json","2026-09-29T22:47:19.803381+00:00"
"2022/cve-2022-1471.json","2026-09-29T22:47:19.759215+00:00"
"2022/cve-2022-1158.json","2026-09-29T22:47:19.703866+00:00"
"2022/cve-2022-1852.json","2026-09-29T22:47:19.633368+00:00"
"2024/cve-2024-26735.json","2026-09-29T22:47:19.564938+00:00"
"2023/cve-2023-52881.json","2026-09-29T22:47:19.469376+00:00"
"2023/cve-2023-52703.json","2026-09-29T22:47:19.387042+00:00"
"2024/cve-2024-38663.json","2026-09-29T22:47:19.329075+00:00"
"2024/cve-2024-52804.json","2026-09-29T22:47:19.281612+00:00"
"2024/cve-2024-50379.json","2026-09-29T22:47:19.212722+00:00"
"2024/cve-2024-47607.json","2026-09-29T22:47:19.146968+00:00"
"2024/cve-2024-4741.json","2026-09-29T22:47:19.084020+00:00"
"2024/cve-2024-46951.json","2026-09-29T22:47:19.010936+00:00"
"2024/cve-2024-45492.json","2026-09-29T22:47:18.871323+00:00"
"2024/cve-2024-45490.json","2026-09-29T22:47:18.778636+00:00"
"2024/cve-2024-42285.json","2026-09-29T22:47:18.640112+00:00"
"2024/cve-2024-42281.json","2026-09-29T22:47:18.509487+00:00"
"2024/cve-2024-4076.json","2026-09-29T22:47:18.390354+00:00"
"2024/cve-2024-3852.json","2026-09-29T22:47:18.303450+00:00"
"2024/cve-2024-38286.json","2026-09-29T22:47:18.218381+00:00"
"2024/cve-2024-3727.json","2026-09-29T22:47:18.150611+00:00"
"2024/cve-2024-36978.json","2026-09-29T22:47:17.674301+00:00"
"2024/cve-2024-3651.json","2026-09-29T22:47:17.587029+00:00"
"2024/cve-2024-35899.json","2026-09-29T22:47:17.504338+00:00"
"2024/cve-2024-3446.json","2026-09-29T22:47:17.302097+00:00"
"2024/cve-2024-33871.json","2026-09-29T22:47:16.832435+00:00"
"2025/cve-2025-24813.json","2026-09-29T22:47:16.704389+00:00"
"2024/cve-2024-55549.json","2026-09-29T22:47:16.615131+00:00"
"2024/cve-2024-32462.json","2026-09-29T22:47:16.338941+00:00"
"2023/cve-2023-5717.json","2026-09-29T22:47:16.203085+00:00"
"2024/cve-2024-45775.json","2026-09-29T22:47:16.065339+00:00"
"2023/cve-2023-53705.json","2026-09-29T22:47:15.978659+00:00"
"2023/cve-2023-5367.json","2026-09-29T22:47:15.811803+00:00"
"2023/cve-2023-5363.json","2026-09-29T22:47:15.544349+00:00"
"2023/cve-2023-53549.json","2026-09-29T22:47:15.487172+00:00"
"2023/cve-2023-53257.json","2026-09-29T22:47:15.399057+00:00"
"2023/cve-2023-53226.json","2026-09-29T22:47:15.245317+00:00"
"2023/cve-2023-53185.json","2026-09-29T22:47:15.091334+00:00"
"2025/cve-2025-49630.json","2026-09-29T22:47:14.960518+00:00"
"2023/cve-2023-53100.json","2026-09-29T22:47:14.919668+00:00"
"2024/cve-2024-47252.json","2026-09-29T22:47:14.661910+00:00"
"2023/cve-2023-52922.json","2026-09-29T22:47:14.462710+00:00"
"2025/cve-2025-38350.json","2026-09-29T22:47:14.187953+00:00"
"2023/cve-2023-52525.json","2026-09-29T22:47:14.056467+00:00"
"2023/cve-2023-52439.json","2026-09-29T22:47:13.904929+00:00"
"2023/cve-2023-52425.json","2026-09-29T22:47:13.785694+00:00"
"2025/cve-2025-32989.json","2026-09-29T22:47:13.661466+00:00"
"2023/cve-2023-51780.json","2026-09-29T22:47:13.625531+00:00"
"2025/cve-2025-21786.json","2026-09-29T22:47:13.543434+00:00"
"2023/cve-2023-31346.json","2026-09-29T22:47:13.481660+00:00"
"2022/cve-2022-1328.json","2026-09-29T22:47:13.370006+00:00"
"2022/cve-2022-1122.json","2026-09-29T22:47:13.325958+00:00"
"2022/cve-2022-1016.json","2026-09-29T22:47:13.267157+00:00"
"2024/cve-2024-35838.json","2026-09-29T22:47:13.205374+00:00"
"2021/cve-2021-47310.json","2026-09-29T22:47:13.148850+00:00"
"2024/cve-2024-35958.json","2026-09-29T22:47:13.081892+00:00"
"2022/cve-2022-48627.json","2026-09-29T22:47:12.998005+00:00"
"2021/cve-2021-3903.json","2026-09-29T22:47:12.940915+00:00"
"2024/cve-2024-45770.json","2026-09-29T22:47:12.809405+00:00"
"2024/cve-2024-50302.json","2026-09-29T22:47:12.729776+00:00"
"2025/cve-2025-38084.json","2026-09-29T22:47:12.595447+00:00"
"2024/cve-2024-47606.json","2026-09-29T22:47:12.497459+00:00"
"2024/cve-2024-47539.json","2026-09-29T22:47:12.428431+00:00"
"2024/cve-2024-47537.json","2026-09-29T22:47:12.360516+00:00"
"2024/cve-2024-46954.json","2026-09-29T22:47:12.270855+00:00"
"2024/cve-2024-45491.json","2026-09-29T22:47:12.141047+00:00"
"2024/cve-2024-44970.json","2026-09-29T22:47:12.002027+00:00"
"2024/cve-2024-42284.json","2026-09-29T22:47:11.839190+00:00"
"2024/cve-2024-42109.json","2026-09-29T22:47:11.685899+00:00"
"2024/cve-2024-40956.json","2026-09-29T22:47:11.588484+00:00"
"2024/cve-2024-39331.json","2026-09-29T22:47:11.333488+00:00"
"2024/cve-2024-38095.json","2026-09-29T22:47:11.230479+00:00"
"2024/cve-2024-36904.json","2026-09-29T22:47:11.140563+00:00"
"2024/cve-2024-36005.json","2026-09-29T22:47:10.994286+00:00"
"2024/cve-2024-35897.json","2026-09-29T22:47:10.897213+00:00"
"2024/cve-2024-35235.json","2026-09-29T22:47:10.801899+00:00"
"2024/cve-2024-34459.json","2026-09-29T22:47:10.754280+00:00"
"2025/cve-2025-37810.json","2026-09-29T22:47:10.577303+00:00"
"2024/cve-2024-32465.json","2026-09-29T22:47:10.472997+00:00"
"2024/cve-2024-40896.json","2026-09-29T22:47:10.387345+00:00"
"2024/cve-2024-32004.json","2026-09-29T22:47:10.239876+00:00"
"2024/cve-2024-3183.json","2026-09-29T22:47:10.150824+00:00"
"2024/cve-2024-45776.json","2026-09-29T22:47:10.099215+00:00"
"2023/cve-2023-53635.json","2026-09-29T22:47:10.039225+00:00"
"2023/cve-2023-53186.json","2026-09-29T22:47:09.968487+00:00"
"2025/cve-2025-38449.json","2026-09-29T22:47:09.839649+00:00"
"2023/cve-2023-53107.json","2026-09-29T22:47:09.712990+00:00"
"2023/cve-2023-52973.json","2026-09-29T22:47:09.619931+00:00"
"2025/cve-2025-38500.json","2026-09-29T22:47:09.549787+00:00"
"2023/cve-2023-52707.json","2026-09-29T22:47:09.475852+00:00"
"2023/cve-2023-52581.json","2026-09-29T22:47:09.372489+00:00"
"2025/cve-2025-38472.json","2026-09-29T22:47:09.205672+00:00"
"2023/cve-2023-51782.json","2026-09-29T22:47:09.111790+00:00"
"2023/cve-2023-5176.json","2026-09-29T22:47:09.084250+00:00"
"2023/cve-2023-51043.json","2026-09-29T22:47:08.984598+00:00"
"2023/cve-2023-31356.json","2026-09-29T22:47:08.890653+00:00"
"2023/cve-2023-31130.json","2026-09-29T22:47:08.793893+00:00"
"2022/cve-2022-1615.json","2026-09-29T22:47:08.720528+00:00"
"2022/cve-2022-1292.json","2026-09-29T22:47:08.664737+00:00"
"2022/cve-2022-1117.json","2026-09-29T22:47:08.597851+00:00"
"2022/cve-2022-1055.json","2026-09-29T22:47:08.544019+00:00"
"2022/cve-2022-1048.json","2026-09-29T22:47:08.487306+00:00"
"2022/cve-2022-1011.json","2026-09-29T22:47:08.438479+00:00"
"2024/cve-2024-35835.json","2026-09-29T22:47:08.374774+00:00"
"2024/cve-2024-26907.json","2026-09-29T22:47:08.307171+00:00"
"2023/cve-2023-52781.json","2026-09-29T22:47:08.241304+00:00"
"2024/cve-2024-26801.json","2026-09-29T22:47:08.166538+00:00"
"2021/cve-2021-47400.json","2026-09-29T22:47:08.078803+00:00"
"2024/cve-2024-50612.json","2026-09-29T22:47:07.462801+00:00"
"2024/cve-2024-49761.json","2026-09-29T22:47:07.402364+00:00"
"2024/cve-2024-47850.json","2026-09-29T22:47:07.300516+00:00"
"2025/cve-2025-38159.json","2026-09-29T22:47:07.120392+00:00"
"2024/cve-2024-4767.json","2026-09-29T22:47:06.885678+00:00"
"2024/cve-2024-47540.json","2026-09-29T22:47:06.717155+00:00"
"2024/cve-2024-47538.json","2026-09-29T22:47:06.644415+00:00"
"2024/cve-2024-47177.json","2026-09-29T22:47:06.553865+00:00"
"2024/cve-2024-47175.json","2026-09-29T22:47:06.502135+00:00"
"2024/cve-2024-47076.json","2026-09-29T22:47:06.320012+00:00"
"2024/cve-2024-46956.json","2026-09-29T22:47:06.191356+00:00"
"2024/cve-2024-46953.json","2026-09-29T22:47:06.054327+00:00"
"2024/cve-2024-4467.json","2026-09-29T22:47:05.885317+00:00"
"2024/cve-2024-43483.json","2026-09-29T22:47:05.820717+00:00"
"2024/cve-2024-42094.json","2026-09-29T22:47:05.692958+00:00"
"2024/cve-2024-41071.json","2026-09-29T22:47:05.597358+00:00"
"2024/cve-2024-39355.json","2026-09-29T22:47:05.552704+00:00"
"2024/cve-2024-36886.json","2026-09-29T22:47:05.116340+00:00"
"2024/cve-2024-35962.json","2026-09-29T22:47:04.984269+00:00"
"2025/cve-2025-38566.json","2026-09-29T22:47:04.910219+00:00"
"2024/cve-2024-32020.json","2026-09-29T22:47:04.740093+00:00"
"2024/cve-2024-57970.json","2026-09-29T22:47:04.652556+00:00"
"2024/cve-2024-45341.json","2026-09-29T22:47:04.632327+00:00"
"2023/cve-2023-5679.json","2026-09-29T22:47:04.593455+00:00"
"2025/cve-2025-0677.json","2026-09-29T22:47:04.480372+00:00"
"2024/cve-2024-45774.json","2026-09-29T22:47:04.431085+00:00"
"2023/cve-2023-5557.json","2026-09-29T22:47:04.294084+00:00"
"2023/cve-2023-5388.json","2026-09-29T22:47:04.124218+00:00"
"2023/cve-2023-5380.json","2026-09-29T22:47:03.843046+00:00"
"2025/cve-2025-37797.json","2026-09-29T22:47:03.617149+00:00"
"2023/cve-2023-53675.json","2026-09-29T22:47:03.380721+00:00"
"2023/cve-2023-5345.json","2026-09-29T22:47:03.268792+00:00"
"2023/cve-2023-53365.json","2026-09-29T22:47:03.058017+00:00"
"2023/cve-2023-53232.json","2026-09-29T22:47:02.885750+00:00"
"2025/cve-2025-38211.json","2026-09-29T22:47:02.725240+00:00"
"2025/cve-2025-8941.json","2026-09-29T22:47:02.628139+00:00"
"2025/cve-2025-4673.json","2026-09-29T22:47:02.586140+00:00"
"2023/cve-2023-52620.json","2026-09-29T22:47:02.539456+00:00"
"2023/cve-2023-52482.json","2026-09-29T22:47:02.414936+00:00"
"2023/cve-2023-52451.json","2026-09-29T22:47:02.336434+00:00"
"2025/cve-2025-38718.json","2026-09-29T22:47:02.189929+00:00"
"2023/cve-2023-5217.json","2026-09-29T22:47:02.002019+00:00"
"2023/cve-2023-5178.json","2026-09-29T22:47:01.850094+00:00"
"2023/cve-2023-5169.json","2026-09-29T22:47:01.679440+00:00"
"2023/cve-2023-5088.json","2026-09-29T22:47:01.491852+00:00"
"2023/cve-2023-53305.json","2026-09-29T22:47:01.387851+00:00"
"2025/cve-2025-21647.json","2026-09-29T22:47:01.217429+00:00"
"2024/cve-2024-56690.json","2026-09-29T22:47:01.101733+00:00"
"2024/cve-2024-53216.json","2026-09-29T22:47:01.038049+00:00"
"2022/cve-2022-1355.json","2026-09-29T22:47:00.988894+00:00"
"2022/cve-2022-1304.json","2026-09-29T22:47:00.943225+00:00"
"2022/cve-2022-0934.json","2026-09-29T22:47:00.891882+00:00"
"2022/cve-2022-0924.json","2026-09-29T22:47:00.828320+00:00"
"2022/cve-2022-0909.json","2026-09-29T22:47:00.778771+00:00"
"2022/cve-2022-0908.json","2026-09-29T22:47:00.724279+00:00"
"2022/cve-2022-0897.json","2026-09-29T22:47:00.534320+00:00"
"2022/cve-2022-0891.json","2026-09-29T22:47:00.121272+00:00"
"2022/cve-2022-0865.json","2026-09-29T22:47:00.075939+00:00"
"2025/cve-2025-68615.json","2026-09-29T22:46:59.996864+00:00"
"2022/cve-2022-0854.json","2026-09-29T22:46:59.838247+00:00"
"2022/cve-2022-0778.json","2026-09-29T22:46:59.785491+00:00"
"2025/cve-2025-68973.json","2026-09-29T22:46:59.612171+00:00"
"2022/cve-2022-0562.json","2026-09-29T22:46:59.557626+00:00"
"2022/cve-2022-0561.json","2026-09-29T22:46:59.511307+00:00"
"2022/cve-2022-0500.json","2026-09-29T22:46:59.450613+00:00"
"2022/cve-2022-0396.json","2026-09-29T22:46:59.380243+00:00"
"2022/cve-2022-0235.json","2026-09-29T22:46:59.329166+00:00"
"2025/cve-2025-6176.json","2026-09-29T22:46:59.233868+00:00"
"2022/cve-2022-0005.json","2026-09-29T22:46:59.183580+00:00"
"2021/cve-2021-47670.json","2026-09-29T22:46:59.128913+00:00"
"2021/cve-2021-47596.json","2026-09-29T22:46:58.995633+00:00"
"2021/cve-2021-47505.json","2026-09-29T22:46:58.926395+00:00"
"2021/cve-2021-47461.json","2026-09-29T22:46:58.865075+00:00"
"2021/cve-2021-47459.json","2026-09-29T22:46:58.774542+00:00"
"2021/cve-2021-47013.json","2026-09-29T22:46:58.678025+00:00"
"2021/cve-2021-46848.json","2026-09-29T22:46:58.608332+00:00"
"2021/cve-2021-46784.json","2026-09-29T22:46:58.567591+00:00"
"2021/cve-2021-46143.json","2026-09-29T22:46:58.518875+00:00"
"2021/cve-2021-45469.json","2026-09-29T22:46:58.478996+00:00"
"2021/cve-2021-44906.json","2026-09-29T22:46:58.452474+00:00"
"2021/cve-2021-44790.json","2026-09-29T22:46:58.363744+00:00"
"2021/cve-2021-44533.json","2026-09-29T22:46:58.317939+00:00"
"2021/cve-2021-44532.json","2026-09-29T22:46:58.225814+00:00"
"2021/cve-2021-44531.json","2026-09-29T22:46:58.131185+00:00"
"2021/cve-2021-44269.json","2026-09-29T22:46:58.040203+00:00"
"2021/cve-2021-43813.json","2026-09-29T22:46:57.953540+00:00"
"2021/cve-2021-43527.json","2026-09-29T22:46:57.864228+00:00"
"2021/cve-2021-4204.json","2026-09-29T22:46:57.661235+00:00"
"2025/cve-2025-5244.json","2026-09-29T22:46:57.597473+00:00"
"2021/cve-2021-41229.json","2026-09-29T22:46:57.572949+00:00"
"2021/cve-2021-41190.json","2026-09-29T22:46:57.501896+00:00"
"2021/cve-2021-41072.json","2026-09-29T22:46:57.058970+00:00"
"2021/cve-2021-4093.json","2026-09-29T22:46:56.921385+00:00"
"2021/cve-2021-4048.json","2026-09-29T22:46:56.892313+00:00"
"2021/cve-2021-40438.json","2026-09-29T22:46:56.818729+00:00"
"2025/cve-2025-40096.json","2026-09-29T22:46:56.731719+00:00"
"2025/cve-2025-38051.json","2026-09-29T22:46:56.592046+00:00"
"2023/cve-2023-53552.json","2026-09-29T22:46:56.458306+00:00"
"2025/cve-2025-68287.json","2026-09-29T22:46:56.356718+00:00"
"2021/cve-2021-4024.json","2026-09-29T22:46:56.184006+00:00"
"2025/cve-2025-39933.json","2026-09-29T22:46:55.705925+00:00"
"2025/cve-2025-38703.json","2026-09-29T22:46:55.643395+00:00"
"2021/cve-2021-40153.json","2026-09-29T22:46:55.591767+00:00"
"2021/cve-2021-39275.json","2026-09-29T22:46:55.518719+00:00"
"2021/cve-2021-3712.json","2026-09-29T22:46:55.470228+00:00"
"2021/cve-2021-3697.json","2026-09-29T22:46:55.418056+00:00"
"2021/cve-2021-3695.json","2026-09-29T22:46:55.359511+00:00"
"2021/cve-2021-3682.json","2026-09-29T22:46:55.319358+00:00"
"2021/cve-2021-36221.json","2026-09-29T22:46:55.254078+00:00"
"2021/cve-2021-3595.json","2026-09-29T22:46:54.761352+00:00"
"2021/cve-2021-35942.json","2026-09-29T22:46:54.310270+00:00"
"2021/cve-2021-3594.json","2026-09-29T22:46:54.243699+00:00"
"2025/cve-2025-68285.json","2026-09-29T22:46:53.700021+00:00"
"2021/cve-2021-35939.json","2026-09-29T22:46:53.482381+00:00"
"2021/cve-2021-35938.json","2026-09-29T22:46:53.349378+00:00"
"2025/cve-2025-65018.json","2026-09-29T22:46:53.255522+00:00"
"2025/cve-2025-64720.json","2026-09-29T22:46:53.206817+00:00"
"2021/cve-2021-35937.json","2026-09-29T22:46:53.113782+00:00"
"2021/cve-2021-3593.json","2026-09-29T22:46:52.988271+00:00"
"2021/cve-2021-3592.json","2026-09-29T22:46:52.420871+00:00"
"2021/cve-2021-3541.json","2026-09-29T22:46:51.973793+00:00"
"2021/cve-2021-3537.json","2026-09-29T22:46:51.929819+00:00"
"2021/cve-2021-3520.json","2026-09-29T22:46:51.859379+00:00"
"2021/cve-2021-3518.json","2026-09-29T22:46:51.799324+00:00"
"2021/cve-2021-3517.json","2026-09-29T22:46:51.757377+00:00"
"2021/cve-2021-3516.json","2026-09-29T22:46:51.716121+00:00"
"2021/cve-2021-3507.json","2026-09-29T22:46:51.582397+00:00"
"2021/cve-2021-35065.json","2026-09-29T22:46:51.057766+00:00"
"2021/cve-2021-3502.json","2026-09-29T22:46:50.946383+00:00"
"2021/cve-2021-3497.json","2026-09-29T22:46:50.895012+00:00"
"2021/cve-2021-34798.json","2026-09-29T22:46:50.850639+00:00"
"2021/cve-2021-3468.json","2026-09-29T22:46:50.763961+00:00"
"2021/cve-2021-34558.json","2026-09-29T22:46:50.641539+00:00"
"2021/cve-2021-3450.json","2026-09-29T22:46:50.173140+00:00"
"2021/cve-2021-3449.json","2026-09-29T22:46:50.119184+00:00"
"2021/cve-2021-33656.json","2026-09-29T22:46:50.068972+00:00"
"2021/cve-2021-33646.json","2026-09-29T22:46:50.021739+00:00"
"2021/cve-2021-33645.json","2026-09-29T22:46:49.966666+00:00"
"2021/cve-2021-33644.json","2026-09-29T22:46:49.915493+00:00"
"2021/cve-2021-33643.json","2026-09-29T22:46:49.868582+00:00"
"2021/cve-2021-33631.json","2026-09-29T22:46:49.782730+00:00"
"2021/cve-2021-33620.json","2026-09-29T22:46:49.668703+00:00"
"2021/cve-2021-31808.json","2026-09-29T22:46:49.627926+00:00"
"2023/cve-2023-3674.json","2026-09-29T22:46:49.471220+00:00"
"2023/cve-2023-52877.json","2026-09-29T22:46:49.433690+00:00"
"2023/cve-2023-52686.json","2026-09-29T22:46:49.369509+00:00"
"2024/cve-2024-36957.json","2026-09-29T22:46:49.309256+00:00"
"2023/cve-2023-52638.json","2026-09-29T22:46:49.246370+00:00"
"2024/cve-2024-53104.json","2026-09-29T22:46:49.083848+00:00"
"2024/cve-2024-52531.json","2026-09-29T22:46:48.765183+00:00"
"2024/cve-2024-52005.json","2026-09-29T22:46:48.561637+00:00"
"2024/cve-2024-4777.json","2026-09-29T22:46:48.445633+00:00"
"2024/cve-2024-47696.json","2026-09-29T22:46:48.120989+00:00"
"2024/cve-2024-4768.json","2026-09-29T22:46:47.921543+00:00"
"2024/cve-2024-46858.json","2026-09-29T22:46:47.667177+00:00"
"2024/cve-2024-45802.json","2026-09-29T22:46:47.481356+00:00"
"2024/cve-2024-43484.json","2026-09-29T22:46:47.381287+00:00"
"2024/cve-2024-4317.json","2026-09-29T22:46:47.269295+00:00"
"2024/cve-2024-41090.json","2026-09-29T22:46:47.136526+00:00"
"2024/cve-2024-41049.json","2026-09-29T22:46:46.828651+00:00"
"2024/cve-2024-4032.json","2026-09-29T22:46:46.569192+00:00"
"2024/cve-2024-39502.json","2026-09-29T22:46:46.416872+00:00"
"2024/cve-2024-38538.json","2026-09-29T22:46:46.317484+00:00"
"2024/cve-2024-38477.json","2026-09-29T22:46:46.245733+00:00"
"2024/cve-2024-38473.json","2026-09-29T22:46:46.033431+00:00"
"2024/cve-2024-37371.json","2026-09-29T22:46:45.848741+00:00"
"2024/cve-2024-37298.json","2026-09-29T22:46:45.732516+00:00"
"2024/cve-2024-36883.json","2026-09-29T22:46:45.246929+00:00"
"2024/cve-2024-3657.json","2026-09-29T22:46:45.116161+00:00"
"2024/cve-2024-36293.json","2026-09-29T22:46:45.068185+00:00"
"2024/cve-2024-35900.json","2026-09-29T22:46:44.910273+00:00"
"2024/cve-2024-34750.json","2026-09-29T22:46:44.865169+00:00"
"2024/cve-2024-34158.json","2026-09-29T22:46:44.689584+00:00"
"2024/cve-2024-45336.json","2026-09-29T22:46:44.074028+00:00"
"2024/cve-2024-39279.json","2026-09-29T22:46:44.049870+00:00"
"2025/cve-2025-0690.json","2026-09-29T22:46:43.914879+00:00"
"2025/cve-2025-22026.json","2026-09-29T22:46:43.839123+00:00"
"2023/cve-2023-53322.json","2026-09-29T22:46:43.723926+00:00"
"2023/cve-2023-53213.json","2026-09-29T22:46:43.565811+00:00"
"2025/cve-2025-38352.json","2026-09-29T22:46:43.371656+00:00"
"2025/cve-2025-49812.json","2026-09-29T22:46:43.159883+00:00"
"2023/cve-2023-52933.json","2026-09-29T22:46:43.025776+00:00"
"2025/cve-2025-38200.json","2026-09-29T22:46:42.849522+00:00"
"2023/cve-2023-52628.json","2026-09-29T22:46:42.638534+00:00"
"2025/cve-2025-58060.json","2026-09-29T22:46:42.552552+00:00"
"2025/cve-2025-39682.json","2026-09-29T22:46:42.433436+00:00"
"2025/cve-2025-38527.json","2026-09-29T22:46:42.318670+00:00"
"2023/cve-2023-51779.json","2026-09-29T22:46:42.207204+00:00"
"2023/cve-2023-5171.json","2026-09-29T22:46:42.014609+00:00"
"2023/cve-2023-50868.json","2026-09-29T22:46:41.872782+00:00"
"2025/cve-2025-22056.json","2026-09-29T22:46:41.497474+00:00"
"2023/cve-2023-3138.json","2026-09-29T22:46:41.445222+00:00"
"2025/cve-2025-21791.json","2026-09-29T22:46:41.387818+00:00"
"2025/cve-2025-21765.json","2026-09-29T22:46:41.201718+00:00"
"2023/cve-2023-31147.json","2026-09-29T22:46:41.112589+00:00"
"2023/cve-2023-31124.json","2026-09-29T22:46:41.069311+00:00"
"2021/cve-2021-31806.json","2026-09-29T22:46:41.028078+00:00"
"2021/cve-2021-29457.json","2026-09-29T22:46:40.986966+00:00"
"2021/cve-2021-28652.json","2026-09-29T22:46:40.965958+00:00"
"2024/cve-2024-26901.json","2026-09-29T22:46:40.856763+00:00"
"2024/cve-2024-26603.json","2026-09-29T22:46:40.795205+00:00"
"2021/cve-2021-47185.json","2026-09-29T22:46:40.731021+00:00"
"2024/cve-2024-35890.json","2026-09-29T22:46:40.013041+00:00"
"2023/cve-2023-52835.json","2026-09-29T22:46:39.946984+00:00"
"2021/cve-2021-47311.json","2026-09-29T22:46:39.886744+00:00"
"2024/cve-2024-35960.json","2026-09-29T22:46:39.815931+00:00"
"2024/cve-2024-52532.json","2026-09-29T22:46:39.735220+00:00"
"2024/cve-2024-52530.json","2026-09-29T22:46:39.619054+00:00"
"2024/cve-2024-52336.json","2026-09-29T22:46:39.475677+00:00"
"2024/cve-2024-52316.json","2026-09-29T22:46:39.424909+00:00"
"2024/cve-2024-50301.json","2026-09-29T22:46:39.394024+00:00"
"2024/cve-2024-50126.json","2026-09-29T22:46:39.313673+00:00"
"2024/cve-2024-4770.json","2026-09-29T22:46:39.258820+00:00"
"2025/cve-2025-38085.json","2026-09-29T22:46:39.057724+00:00"
"2024/cve-2024-4769.json","2026-09-29T22:46:38.944432+00:00"
"2024/cve-2024-4603.json","2026-09-29T22:46:38.779493+00:00"
"2024/cve-2024-43842.json","2026-09-29T22:46:38.724685+00:00"
"2024/cve-2024-43485.json","2026-09-29T22:46:38.531575+00:00"
"2024/cve-2024-42472.json","2026-09-29T22:46:38.341825+00:00"
"2024/cve-2024-41091.json","2026-09-29T22:46:38.059638+00:00"
"2024/cve-2024-41013.json","2026-09-29T22:46:37.848985+00:00"
"2024/cve-2024-39573.json","2026-09-29T22:46:37.742515+00:00"
"2024/cve-2024-3861.json","2026-09-29T22:46:37.508449+00:00"
"2024/cve-2024-38581.json","2026-09-29T22:46:37.374305+00:00"
"2024/cve-2024-3854.json","2026-09-29T22:46:37.279090+00:00"
"2024/cve-2024-38476.json","2026-09-29T22:46:37.173741+00:00"
"2024/cve-2024-38474.json","2026-09-29T22:46:37.020382+00:00"
"2024/cve-2024-37891.json","2026-09-29T22:46:36.693052+00:00"
"2024/cve-2024-37370.json","2026-09-29T22:46:36.645689+00:00"
"2024/cve-2024-36960.json","2026-09-29T22:46:36.483164+00:00"
"2024/cve-2024-35937.json","2026-09-29T22:46:36.367043+00:00"
"2024/cve-2024-35896.json","2026-09-29T22:46:36.302170+00:00"
"2024/cve-2024-34397.json","2026-09-29T22:46:36.237621+00:00"
"2024/cve-2024-34156.json","2026-09-29T22:46:36.114280+00:00"
"2024/cve-2024-32487.json","2026-09-29T22:46:35.313083+00:00"
"2024/cve-2024-32002.json","2026-09-29T22:46:35.219009+00:00"
"2024/cve-2024-31157.json","2026-09-29T22:46:35.136674+00:00"
"2024/cve-2024-45783.json","2026-09-29T22:46:34.958396+00:00"
"2025/cve-2025-47273.json","2026-09-29T22:46:34.908320+00:00"
"2023/cve-2023-53566.json","2026-09-29T22:46:34.831314+00:00"
"2025/cve-2025-8715.json","2026-09-29T22:46:34.747389+00:00"
"2025/cve-2025-38332.json","2026-09-29T22:46:34.587500+00:00"
"2023/cve-2023-53145.json","2026-09-29T22:46:34.436066+00:00"
"2025/cve-2025-23048.json","2026-09-29T22:46:34.372815+00:00"
"2023/cve-2023-53047.json","2026-09-29T22:46:34.190260+00:00"
"2023/cve-2023-52925.json","2026-09-29T22:46:34.057659+00:00"
"2023/cve-2023-52923.json","2026-09-29T22:46:33.954017+00:00"
"2025/cve-2025-38461.json","2026-09-29T22:46:33.659571+00:00"
"2025/cve-2025-37823.json","2026-09-29T22:46:33.374652+00:00"
"2023/cve-2023-52433.json","2026-09-29T22:46:33.124983+00:00"
"2023/cve-2023-50762.json","2026-09-29T22:46:33.077628+00:00"
"2025/cve-2025-41244.json","2026-09-29T22:46:32.978780+00:00"
"2023/cve-2023-31436.json","2026-09-29T22:46:32.825675+00:00"
"2021/cve-2021-33198.json","2026-09-29T22:46:32.666311+00:00"
"2021/cve-2021-29390.json","2026-09-29T22:46:32.162385+00:00"
"2021/cve-2021-26691.json","2026-09-29T22:46:32.118196+00:00"
"2024/cve-2024-27052.json","2026-09-29T22:46:32.058308+00:00"
"2024/cve-2024-26808.json","2026-09-29T22:46:31.975077+00:00"
"2024/cve-2024-38615.json","2026-09-29T22:46:31.802374+00:00"
"2024/cve-2024-36020.json","2026-09-29T22:46:31.745213+00:00"
"2024/cve-2024-52337.json","2026-09-29T22:46:31.698205+00:00"
"2024/cve-2024-50151.json","2026-09-29T22:46:31.600342+00:00"
"2024/cve-2024-49978.json","2026-09-29T22:46:31.466927+00:00"
"2024/cve-2024-47875.json","2026-09-29T22:46:31.347864+00:00"
"2024/cve-2024-47615.json","2026-09-29T22:46:31.301416+00:00"
"2024/cve-2024-47176.json","2026-09-29T22:46:31.175186+00:00"
"2024/cve-2024-46981.json","2026-09-29T22:46:31.057909+00:00"
"2024/cve-2024-46952.json","2026-09-29T22:46:30.976079+00:00"
"2024/cve-2024-4367.json","2026-09-29T22:46:30.901000+00:00"
"2024/cve-2024-42301.json","2026-09-29T22:46:30.707124+00:00"
"2025/cve-2025-54874.json","2026-09-29T22:46:30.537515+00:00"
"2024/cve-2024-3864.json","2026-09-29T22:46:30.513140+00:00"
"2024/cve-2024-3859.json","2026-09-29T22:46:30.419401+00:00"
"2024/cve-2024-3857.json","2026-09-29T22:46:30.330150+00:00"
"2024/cve-2024-38475.json","2026-09-29T22:46:30.162617+00:00"
"2024/cve-2024-37020.json","2026-09-29T22:46:29.952284+00:00"
"2024/cve-2024-36971.json","2026-09-29T22:46:29.615559+00:00"
"2024/cve-2024-3596.json","2026-09-29T22:46:29.195911+00:00"
"2024/cve-2024-34155.json","2026-09-29T22:46:28.971163+00:00"
"2025/cve-2025-24855.json","2026-09-29T22:46:28.290806+00:00"
"2024/cve-2024-32021.json","2026-09-29T22:46:28.082669+00:00"
"2025/cve-2025-22869.json","2026-09-29T22:46:27.993415+00:00"
"2025/cve-2025-22866.json","2026-09-29T22:46:27.966909+00:00"
"2024/cve-2024-31083.json","2026-09-29T22:46:27.892270+00:00"
"2024/cve-2024-28047.json","2026-09-29T22:46:27.651499+00:00"
"2025/cve-2025-0622.json","2026-09-29T22:46:27.507290+00:00"
"2024/cve-2024-45781.json","2026-09-29T22:46:27.451736+00:00"
"2023/cve-2023-5517.json","2026-09-29T22:46:27.376993+00:00"
"2025/cve-2025-48734.json","2026-09-29T22:46:27.272567+00:00"
"2023/cve-2023-53827.json","2026-09-29T22:46:27.217859+00:00"
"2023/cve-2023-53680.json","2026-09-29T22:46:27.091498+00:00"
"2023/cve-2023-53494.json","2026-09-29T22:46:26.930332+00:00"
"2023/cve-2023-53354.json","2026-09-29T22:46:26.792594+00:00"
"2023/cve-2023-53304.json","2026-09-29T22:46:26.683135+00:00"
"2025/cve-2025-8714.json","2026-09-29T22:46:26.595104+00:00"
"2023/cve-2023-53125.json","2026-09-29T22:46:26.402931+00:00"
"2023/cve-2023-52974.json","2026-09-29T22:46:26.184747+00:00"
"2025/cve-2025-8067.json","2026-09-29T22:46:26.119906+00:00"
"2023/cve-2023-52924.json","2026-09-29T22:46:25.857663+00:00"
"2025/cve-2025-38464.json","2026-09-29T22:46:25.703306+00:00"
"2023/cve-2023-52606.json","2026-09-29T22:46:25.515153+00:00"
"2023/cve-2023-52457.json","2026-09-29T22:46:25.462922+00:00"
"2023/cve-2023-52356.json","2026-09-29T22:46:25.429716+00:00"
"2023/cve-2023-5197.json","2026-09-29T22:46:25.295383+00:00"
"2023/cve-2023-51385.json","2026-09-29T22:46:25.203856+00:00"
"2023/cve-2023-51042.json","2026-09-29T22:46:24.968434+00:00"
"2023/cve-2023-50761.json","2026-09-29T22:46:24.806936+00:00"
"2025/cve-2025-21863.json","2026-09-29T22:46:24.740224+00:00"
"2025/cve-2025-21795.json","2026-09-29T22:46:24.615080+00:00"
"2025/cve-2025-21785.json","2026-09-29T22:46:24.483166+00:00"
"2023/cve-2023-31315.json","2026-09-29T22:46:24.286586+00:00"
"2024/cve-2024-54456.json","2026-09-29T22:46:24.161605+00:00"
"2023/cve-2023-31122.json","2026-09-29T22:46:24.091886+00:00"
"2021/cve-2021-33560.json","2026-09-29T22:46:23.951610+00:00"
"2021/cve-2021-32078.json","2026-09-29T22:46:23.764159+00:00"
"2021/cve-2021-31807.json","2026-09-29T22:46:23.734378+00:00"
"2021/cve-2021-28861.json","2026-09-29T22:46:23.496650+00:00"
"2021/cve-2021-28651.json","2026-09-29T22:46:22.440521+00:00"
"2021/cve-2021-26690.json","2026-09-29T22:46:22.393140+00:00"
"2021/cve-2021-25220.json","2026-09-29T22:46:22.289821+00:00"
"2021/cve-2021-23648.json","2026-09-29T22:46:22.202147+00:00"
"2021/cve-2021-22570.json","2026-09-29T22:46:22.155415+00:00"
"2021/cve-2021-21702.json","2026-09-29T22:46:22.094977+00:00"
"2021/cve-2021-0308.json","2026-09-29T22:46:22.050549+00:00"
"2021/cve-2021-0146.json","2026-09-29T22:46:22.008839+00:00"
"2020/cve-2020-8174.json","2026-09-29T22:46:21.980811+00:00"
"2020/cve-2020-8037.json","2026-09-29T22:46:21.852032+00:00"
"2020/cve-2020-7062.json","2026-09-29T22:46:21.782137+00:00"
"2020/cve-2020-36558.json","2026-09-29T22:46:21.716907+00:00"
"2020/cve-2020-36193.json","2026-09-29T22:46:21.633126+00:00"
"2020/cve-2020-35527.json","2026-09-29T22:46:21.428646+00:00"
"2020/cve-2020-35524.json","2026-09-29T22:46:21.386357+00:00"
"2020/cve-2020-35523.json","2026-09-29T22:46:21.344630+00:00"
"2020/cve-2020-35452.json","2026-09-29T22:46:21.298272+00:00"
"2020/cve-2020-28949.json","2026-09-29T22:46:21.221876+00:00"
"2020/cve-2020-26159.json","2026-09-29T22:46:20.925394+00:00"
"2020/cve-2020-26154.json","2026-09-29T22:46:20.868862+00:00"
"2020/cve-2020-25659.json","2026-09-29T22:46:20.788039+00:00"
"2020/cve-2020-24977.json","2026-09-29T22:46:20.688547+00:00"
"2020/cve-2020-24736.json","2026-09-29T22:46:20.638667+00:00"
"2020/cve-2020-24659.json","2026-09-29T22:46:20.575177+00:00"
"2025/cve-2025-11083.json","2026-09-29T22:46:20.445504+00:00"
"2020/cve-2020-22219.json","2026-09-29T22:46:20.422554+00:00"
"2020/cve-2020-22217.json","2026-09-29T22:46:20.374914+00:00"
"2020/cve-2020-1971.json","2026-09-29T22:46:20.326665+00:00"
"2020/cve-2020-17541.json","2026-09-29T22:46:20.277819+00:00"
"2020/cve-2020-17049.json","2026-09-29T22:46:20.222813+00:00"
"2020/cve-2020-13790.json","2026-09-29T22:46:20.166762+00:00"
"2020/cve-2020-12762.json","2026-09-29T22:46:20.096733+00:00"
"2020/cve-2020-11501.json","2026-09-29T22:46:19.989278+00:00"
"2020/cve-2020-10756.json","2026-09-29T22:46:19.826567+00:00"
"2020/cve-2020-10735.json","2026-09-29T22:46:19.205571+00:00"
"2020/cve-2020-0256.json","2026-09-29T22:46:18.254346+00:00"
"2019/cve-2019-9637.json","2026-09-29T22:46:18.202919+00:00"
"2019/cve-2019-9636.json","2026-09-29T22:46:18.032201+00:00"
"2019/cve-2019-9020.json","2026-09-29T22:46:18.001614+00:00"
"2019/cve-2019-5953.json","2026-09-29T22:46:17.955271+00:00"
"2019/cve-2019-5827.json","2026-09-29T22:46:17.925763+00:00"
"2019/cve-2019-3836.json","2026-09-29T22:46:17.870877+00:00"
"2019/cve-2019-3829.json","2026-09-29T22:46:17.675887+00:00"
"2019/cve-2019-25162.json","2026-09-29T22:46:17.414587+00:00"
"2019/cve-2019-25058.json","2026-09-29T22:46:17.171322+00:00"
"2019/cve-2019-25033.json","2026-09-29T22:46:17.124124+00:00"
"2019/cve-2019-2201.json","2026-09-29T22:46:17.079564+00:00"
"2019/cve-2019-19450.json","2026-09-29T22:46:16.963936+00:00"
"2019/cve-2019-19204.json","2026-09-29T22:46:16.877797+00:00"
"2019/cve-2019-19203.json","2026-09-29T22:46:16.760308+00:00"
"2019/cve-2019-19012.json","2026-09-29T22:46:16.673169+00:00"
"2019/cve-2019-16163.json","2026-09-29T22:46:16.609841+00:00"
"2019/cve-2019-1563.json","2026-09-29T22:46:16.541080+00:00"
"2019/cve-2019-15505.json","2026-09-29T22:46:16.467331+00:00"
"2019/cve-2019-1549.json","2026-09-29T22:46:16.204937+00:00"
"2019/cve-2019-1547.json","2026-09-29T22:46:16.026333+00:00"
"2019/cve-2019-15167.json","2026-09-29T22:46:15.977318+00:00"
"2019/cve-2019-15166.json","2026-09-29T22:46:15.935181+00:00"
"2019/cve-2019-14560.json","2026-09-29T22:46:15.889065+00:00"
"2019/cve-2019-13734.json","2026-09-29T22:46:15.839189+00:00"
"2019/cve-2019-13224.json","2026-09-29T22:46:15.814789+00:00"
"2019/cve-2019-11048.json","2026-09-29T22:46:15.741708+00:00"
"2018/cve-2018-7999.json","2026-09-29T22:46:15.696974+00:00"
"2018/cve-2018-25091.json","2026-09-29T22:46:15.627998+00:00"
"2018/cve-2018-25032.json","2026-09-29T22:46:15.129630+00:00"
"2018/cve-2018-16868.json","2026-09-29T22:46:15.050178+00:00"
"2018/cve-2018-16452.json","2026-09-29T22:46:14.890821+00:00"
"2018/cve-2018-16451.json","2026-09-29T22:46:14.845669+00:00"
"2018/cve-2018-16301.json","2026-09-29T22:46:14.800467+00:00"
"2018/cve-2018-16300.json","2026-09-29T22:46:14.751402+00:00"
"2018/cve-2018-16230.json","2026-09-29T22:46:14.710622+00:00"
"2018/cve-2018-16229.json","2026-09-29T22:46:14.668182+00:00"
"2018/cve-2018-16228.json","2026-09-29T22:46:14.623409+00:00"
"2018/cve-2018-16227.json","2026-09-29T22:46:14.580642+00:00"
"2018/cve-2018-15209.json","2026-09-29T22:46:14.528271+00:00"
"2018/cve-2018-14882.json","2026-09-29T22:46:14.461102+00:00"
"2018/cve-2018-14881.json","2026-09-29T22:46:14.416182+00:00"
"2018/cve-2018-14880.json","2026-09-29T22:46:14.371415+00:00"
"2018/cve-2018-14879.json","2026-09-29T22:46:14.328682+00:00"
"2018/cve-2018-14470.json","2026-09-29T22:46:14.284591+00:00"
"2018/cve-2018-14469.json","2026-09-29T22:46:14.243721+00:00"
"2018/cve-2018-14468.json","2026-09-29T22:46:14.200085+00:00"
"2018/cve-2018-14467.json","2026-09-29T22:46:14.158121+00:00"
"2018/cve-2018-14466.json","2026-09-29T22:46:14.117097+00:00"
"2018/cve-2018-14465.json","2026-09-29T22:46:14.076226+00:00"
"2018/cve-2018-14464.json","2026-09-29T22:46:14.027419+00:00"
"2018/cve-2018-14463.json","2026-09-29T22:46:13.984911+00:00"
"2018/cve-2018-14462.json","2026-09-29T22:46:13.941685+00:00"
"2018/cve-2018-14461.json","2026-09-29T22:46:13.894251+00:00"
"2018/cve-2018-10546.json","2026-09-29T22:46:13.854622+00:00"
"2018/cve-2018-10105.json","2026-09-29T22:46:13.833902+00:00"
"2018/cve-2018-10103.json","2026-09-29T22:46:13.792846+00:00"
"2025/cve-2025-69419.json","2026-09-29T22:46:13.752683+00:00"
"2018/cve-2018-1000140.json","2026-09-29T22:46:13.730892+00:00"
"2025/cve-2025-66199.json","2026-09-29T22:46:13.711046+00:00"
"2025/cve-2025-11187.json","2026-09-29T22:46:13.628224+00:00"
"2017/cve-2017-9050.json","2026-09-29T22:46:13.605506+00:00"
"2017/cve-2017-9049.json","2026-09-29T22:46:13.563407+00:00"
"2017/cve-2017-9048.json","2026-09-29T22:46:13.517816+00:00"
"2017/cve-2017-9047.json","2026-09-29T22:46:13.475925+00:00"
"2017/cve-2017-5461.json","2026-09-29T22:46:13.433786+00:00"
"2017/cve-2017-5340.json","2026-09-29T22:46:13.404443+00:00"
"2017/cve-2017-16931.json","2026-09-29T22:46:13.358643+00:00"
"2017/cve-2017-16808.json","2026-09-29T22:46:13.317703+00:00"
"2017/cve-2017-10788.json","2026-09-29T22:46:13.277606+00:00"
"2023/cve-2023-5870.json","2026-09-29T22:46:13.058369+00:00"
"2023/cve-2023-5869.json","2026-09-29T22:46:12.568725+00:00"
"2023/cve-2023-5868.json","2026-09-29T22:46:11.876770+00:00"
"2023/cve-2023-39418.json","2026-09-29T22:46:11.539677+00:00"
"2017/cve-2017-10176.json","2026-09-29T22:46:11.469539+00:00"
"2023/cve-2023-39417.json","2026-09-29T22:46:11.185338+00:00"
"2017/cve-2017-10118.json","2026-09-29T22:46:10.762511+00:00"
"2017/cve-2017-0663.json","2026-09-29T22:46:10.741063+00:00"
"2025/cve-2025-40277.json","2026-09-29T22:46:10.612844+00:00"
"2025/cve-2025-40154.json","2026-09-29T22:46:10.402114+00:00"
"2023/cve-2023-53673.json","2026-09-29T22:46:10.255645+00:00"
"2017/cve-2017-0553.json","2026-09-29T22:46:10.179678+00:00"
"2016/cve-2016-9936.json","2026-09-29T22:46:10.139579+00:00"
"2016/cve-2016-9840.json","2026-09-29T22:46:10.115325+00:00"
"2016/cve-2016-9317.json","2026-09-29T22:46:10.053748+00:00"
"2016/cve-2016-9138.json","2026-09-29T22:46:10.008957+00:00"
"2016/cve-2016-9137.json","2026-09-29T22:46:09.985982+00:00"
"2016/cve-2016-9063.json","2026-09-29T22:46:09.964099+00:00"
"2016/cve-2016-8670.json","2026-09-29T22:46:09.912474+00:00"
"2016/cve-2016-7480.json","2026-09-29T22:46:09.840659+00:00"
"2016/cve-2016-7479.json","2026-09-29T22:46:09.798754+00:00"
"2016/cve-2016-7418.json","2026-09-29T22:46:09.768922+00:00"
"2016/cve-2016-7417.json","2026-09-29T22:46:09.719441+00:00"
"2016/cve-2016-7416.json","2026-09-29T22:46:09.669243+00:00"
"2016/cve-2016-7132.json","2026-09-29T22:46:09.615764+00:00"
"2016/cve-2016-7131.json","2026-09-29T22:46:09.563328+00:00"
"2016/cve-2016-7130.json","2026-09-29T22:46:09.509739+00:00"
"2025/cve-2025-13836.json","2026-09-29T22:46:09.467105+00:00"
"2016/cve-2016-7129.json","2026-09-29T22:46:09.435006+00:00"
"2016/cve-2016-7127.json","2026-09-29T22:46:09.384906+00:00"
"2016/cve-2016-7126.json","2026-09-29T22:46:09.333662+00:00"
"2016/cve-2016-7125.json","2026-09-29T22:46:09.283857+00:00"
"2016/cve-2016-6316.json","2026-09-29T22:46:09.234237+00:00"
"2016/cve-2016-6297.json","2026-09-29T22:46:09.058752+00:00"
"2016/cve-2016-6296.json","2026-09-29T22:46:09.008072+00:00"
"2016/cve-2016-6295.json","2026-09-29T22:46:08.958141+00:00"
"2016/cve-2016-6290.json","2026-09-29T22:46:08.901198+00:00"
"2016/cve-2016-4343.json","2026-09-29T22:46:08.851317+00:00"
"2016/cve-2016-4342.json","2026-09-29T22:46:08.801096+00:00"
"2016/cve-2016-4070.json","2026-09-29T22:46:08.750695+00:00"
"2016/cve-2016-3709.json","2026-09-29T22:46:08.705831+00:00"
"2016/cve-2016-2781.json","2026-09-29T22:46:08.664910+00:00"
"2016/cve-2016-2779.json","2026-09-29T22:46:08.496816+00:00"
"2016/cve-2016-1841.json","2026-09-29T22:46:08.453787+00:00"
"2016/cve-2016-10197.json","2026-09-29T22:46:08.411469+00:00"
"2016/cve-2016-10196.json","2026-09-29T22:46:08.366070+00:00"
"2016/cve-2016-10195.json","2026-09-29T22:46:08.318259+00:00"
"2015/cve-2015-8867.json","2026-09-29T22:46:08.264876+00:00"
"2025/cve-2025-68305.json","2026-09-29T22:46:08.202986+00:00"
"2025/cve-2025-68301.json","2026-09-29T22:46:08.113899+00:00"
"2025/cve-2025-40294.json","2026-09-29T22:46:08.004425+00:00"
"2025/cve-2025-40258.json","2026-09-29T22:46:07.853710+00:00"
"2025/cve-2025-40248.json","2026-09-29T22:46:07.627243+00:00"
"2015/cve-2015-6838.json","2026-09-29T22:46:07.449695+00:00"
"2025/cve-2025-38349.json","2026-09-29T22:46:07.328425+00:00"
"2025/cve-2025-38141.json","2026-09-29T22:46:07.127819+00:00"
"2015/cve-2015-6837.json","2026-09-29T22:46:06.978467+00:00"
"2015/cve-2015-6836.json","2026-09-29T22:46:06.928314+00:00"
"2025/cve-2025-12084.json","2026-09-29T22:46:06.879854+00:00"
"2015/cve-2015-6835.json","2026-09-29T22:46:06.830344+00:00"
"2015/cve-2015-6834.json","2026-09-29T22:46:06.771820+00:00"
"2015/cve-2015-6833.json","2026-09-29T22:46:06.720839+00:00"
"2015/cve-2015-6832.json","2026-09-29T22:46:06.671938+00:00"
"2015/cve-2015-6831.json","2026-09-29T22:46:06.622564+00:00"
"2015/cve-2015-5590.json","2026-09-29T22:46:06.571990+00:00"
"2015/cve-2015-5589.json","2026-09-29T22:46:06.517905+00:00"
"2015/cve-2015-4644.json","2026-09-29T22:46:06.463003+00:00"
"2026/cve-2026-24049.json","2026-09-29T22:46:06.420162+00:00"
"2015/cve-2015-4643.json","2026-09-29T22:46:06.364953+00:00"
"2025/cve-2025-61729.json","2026-09-29T22:46:06.272264+00:00"
"2015/cve-2015-4642.json","2026-09-29T22:46:06.197645+00:00"
"2015/cve-2015-4605.json","2026-09-29T22:46:06.141048+00:00"
"2015/cve-2015-4604.json","2026-09-29T22:46:06.087816+00:00"
"2015/cve-2015-4599.json","2026-09-29T22:46:06.036306+00:00"
"2015/cve-2015-4598.json","2026-09-29T22:46:05.984821+00:00"
"2015/cve-2015-4148.json","2026-09-29T22:46:05.934911+00:00"
"2015/cve-2015-4147.json","2026-09-29T22:46:05.884233+00:00"
"2015/cve-2015-3416.json","2026-09-29T22:46:05.832675+00:00"
"2015/cve-2015-3415.json","2026-09-29T22:46:05.776364+00:00"
"2015/cve-2015-3414.json","2026-09-29T22:46:05.588129+00:00"
"2015/cve-2015-3412.json","2026-09-29T22:46:05.536427+00:00"
"2015/cve-2015-3411.json","2026-09-29T22:46:05.485392+00:00"
"2025/cve-2025-14180.json","2026-09-29T22:46:05.441472+00:00"
"2015/cve-2015-3152.json","2026-09-29T22:46:05.411789+00:00"
"2015/cve-2015-2331.json","2026-09-29T22:46:05.352788+00:00"
"2015/cve-2015-2326.json","2026-09-29T22:46:05.294757+00:00"
"2015/cve-2015-2325.json","2026-09-29T22:46:05.238039+00:00"
"2015/cve-2015-2305.json","2026-09-29T22:46:05.182024+00:00"
"2025/cve-2025-14104.json","2026-09-29T22:46:05.120450+00:00"
"2015/cve-2015-20107.json","2026-09-29T22:46:04.920872+00:00"
"2015/cve-2015-1352.json","2026-09-29T22:46:03.452886+00:00"
"2015/cve-2015-0235.json","2026-09-29T22:46:03.399837+00:00"
"2014/cve-2014-9767.json","2026-09-29T22:46:03.345075+00:00"
"2014/cve-2014-9427.json","2026-09-29T22:46:03.291269+00:00"
"2014/cve-2014-3981.json","2026-09-29T22:46:03.186729+00:00"
"2014/cve-2014-0185.json","2026-09-29T22:46:03.120311+00:00"
"2007/cve-2007-5135.json","2026-09-29T22:46:03.045189+00:00"
"2007/cve-2007-4559.json","2026-09-29T22:46:02.846846+00:00"
"2007/cve-2007-3108.json","2026-09-29T22:46:02.765491+00:00"
"2006/cve-2006-4790.json","2026-09-29T22:46:02.702186+00:00"
"2006/cve-2006-4343.json","2026-09-29T22:46:02.367957+00:00"
"2006/cve-2006-4339.json","2026-09-29T22:46:02.250536+00:00"
"2006/cve-2006-3738.json","2026-09-29T22:46:02.190823+00:00"
"2006/cve-2006-20001.json","2026-09-29T22:46:01.907596+00:00"
"2006/cve-2006-0645.json","2026-09-29T22:46:01.724390+00:00"
"2007/cve-2007-4995.json","2026-09-02T00:02:39.006924+00:00"
"2006/cve-2006-2940.json","2026-09-02T00:02:38.492932+00:00"
"2006/cve-2006-2937.json","2026-09-02T00:02:38.420891+00:00"
