"2026/crlsa-2026_70390.json","2026-09-25T07:02:00.523116+00:00"
"2026/crlsa-2026_70402.json","2026-09-25T07:02:00.365890+00:00"
"2026/crlsa-2026_70754.json","2026-09-25T07:02:00.019336+00:00"
"2026/crlsa-2026_70403.json","2026-09-25T07:01:59.337623+00:00"
"2026/crlsa-2026_70498.json","2026-09-25T07:01:58.978120+00:00"
"2026/crlsa-2026_69540.json","2026-09-25T07:01:57.973573+00:00"
"2026/crlsa-2026_70641.json","2026-09-25T07:01:57.152585+00:00"
"2026/crlsa-2026_70640.json","2026-09-25T07:01:56.642991+00:00"
"2026/crlsa-2026_70459.json","2026-09-25T07:01:55.225494+00:00"
"2026/crlsa-2026_70564.json","2026-09-25T07:01:53.754423+00:00"
"2026/crlsa-2026_69923.json","2026-09-24T07:01:58.227223+00:00"
"2026/crlsa-2026_69876.json","2026-09-24T07:01:57.463620+00:00"
"2026/crlsa-2026_69914.json","2026-09-24T07:01:56.585162+00:00"
"2026/crlsa-2026_69655.json","2026-09-24T07:01:55.860026+00:00"
"2026/crlsa-2026_69964.json","2026-09-24T07:01:55.735256+00:00"
"2026/crlsa-2026_69277.json","2026-09-24T07:01:55.547020+00:00"
"2026/crlsa-2026_69387.json","2026-09-24T07:01:55.384255+00:00"
"2026/crlsa-2026_69924.json","2026-09-24T07:01:55.084725+00:00"
"2026/crlsa-2026_69608.json","2026-09-24T07:01:54.494693+00:00"
"2026/crlsa-2026_69607.json","2026-09-24T07:01:54.168189+00:00"
"2026/crlsa-2026_69961.json","2026-09-24T07:01:53.581674+00:00"
"2026/crlsa-2026_69462.json","2026-09-24T07:01:52.734014+00:00"
"2026/crlsa-2026_70391.json","2026-09-24T07:01:52.596433+00:00"
"2026/crlsa-2026_70191.json","2026-09-24T07:01:52.468937+00:00"
"2026/crlsa-2026_69553.json","2026-09-24T07:01:52.312200+00:00"
"2026/crlsa-2026_69609.json","2026-09-24T07:01:52.127020+00:00"
"2026/crlsa-2026_70753.json","2026-09-24T07:01:51.953216+00:00"
"2026/crlsa-2026_69541.json","2026-09-24T07:01:51.719604+00:00"
"2026/crlsa-2026_70201.json","2026-09-24T07:01:50.448128+00:00"
"2026/crlsa-2026_70186.json","2026-09-24T07:01:49.571126+00:00"
"2026/crlsa-2026_69266.json","2026-09-23T07:01:53.145961+00:00"
"2026/crlsa-2026_69095.json","2026-09-23T07:01:52.936247+00:00"
"2026/crlsa-2026_69113.json","2026-09-23T07:01:52.648509+00:00"
"2026/crlsa-2026_69120.json","2026-09-23T07:01:52.268950+00:00"
"2026/crlsa-2026_69112.json","2026-09-23T07:01:52.073316+00:00"
"2026/crlsa-2026_69125.json","2026-09-23T07:01:51.520483+00:00"
"2026/crlsa-2026_69259.json","2026-09-23T07:01:50.944124+00:00"
"2026/crlsa-2026_69308.json","2026-09-23T07:01:50.806063+00:00"
"2026/crlsa-2026_69461.json","2026-09-23T07:01:50.347092+00:00"
"2026/crlsa-2026_69099.json","2026-09-23T07:01:50.233909+00:00"
"2026/crlsa-2026_69129.json","2026-09-23T07:01:50.100594+00:00"
"2026/crlsa-2026_69098.json","2026-09-23T07:01:47.735225+00:00"
"2026/crlsa-2026_69100.json","2026-09-23T07:01:47.470091+00:00"
"2026/crlsa-2026_69123.json","2026-09-23T07:01:47.137982+00:00"
"2026/crlsa-2026_69130.json","2026-09-23T07:01:46.233231+00:00"
"2026/crlsa-2026_69126.json","2026-09-23T07:01:45.724134+00:00"
"2026/crlsa-2026_69293.json","2026-09-23T07:01:45.274449+00:00"
"2026/crlsa-2026_68531.json","2026-09-20T07:01:30.292292+00:00"
"2026/crlsa-2026_68676.json","2026-09-20T07:01:30.065172+00:00"
"2026/crlsa-2026_68787.json","2026-09-20T07:01:29.880130+00:00"
"2026/crlsa-2026_68677.json","2026-09-20T07:01:29.788694+00:00"
"2026/crlsa-2026_68532.json","2026-09-20T07:01:29.404735+00:00"
"2026/crlsa-2026_68570.json","2026-09-20T07:01:28.556122+00:00"
"2026/crlsa-2026_68660.json","2026-09-20T07:01:27.855841+00:00"
"2026/crlsa-2026_68786.json","2026-09-20T07:01:27.784513+00:00"
"2026/crlsa-2026_68507.json","2026-09-20T07:01:26.819986+00:00"
"2026/crlsa-2026_68692.json","2026-09-20T07:01:26.061705+00:00"
"2026/crlsa-2026_68651.json","2026-09-20T07:01:25.138981+00:00"
"2026/crlsa-2026_67848.json","2026-09-18T07:01:57.906905+00:00"
"2026/crlsa-2026_67910.json","2026-09-18T07:01:56.574022+00:00"
"2026/crlsa-2026_67873.json","2026-09-18T07:01:56.374704+00:00"
"2026/crlsa-2026_67831.json","2026-09-18T07:01:56.098612+00:00"
"2026/crlsa-2026_67585.json","2026-09-18T07:01:55.818059+00:00"
"2026/crlsa-2026_68234.json","2026-09-18T07:01:55.620992+00:00"
"2026/crlsa-2026_68292.json","2026-09-18T07:01:55.446126+00:00"
"2026/crlsa-2026_68011.json","2026-09-18T07:01:55.203967+00:00"
"2026/crlsa-2026_67908.json","2026-09-18T07:01:55.130859+00:00"
"2026/crlsa-2026_68266.json","2026-09-18T07:01:54.996121+00:00"
"2026/crlsa-2026_68233.json","2026-09-18T07:01:54.857151+00:00"
"2026/crlsa-2026_67832.json","2026-09-18T07:01:54.588215+00:00"
"2026/crlsa-2026_68316.json","2026-09-18T07:01:54.446700+00:00"
"2026/crlsa-2026_67943.json","2026-09-18T07:01:54.101210+00:00"
"2026/crlsa-2026_68291.json","2026-09-18T07:01:53.928413+00:00"
"2026/crlsa-2026_67909.json","2026-09-18T07:01:53.411028+00:00"
"2026/crlsa-2026_67830.json","2026-09-18T07:01:53.257476+00:00"
"2026/crlsa-2026_67872.json","2026-09-18T07:01:53.116911+00:00"
"2026/crlsa-2026_67886.json","2026-09-18T07:01:52.911333+00:00"
"2026/crlsa-2026_67979.json","2026-09-18T07:01:52.295460+00:00"
"2026/crlsa-2026_67491.json","2026-09-17T07:02:01.386912+00:00"
"2026/crlsa-2026_67468.json","2026-09-17T07:01:59.902667+00:00"
"2026/crlsa-2026_67469.json","2026-09-17T07:01:59.300470+00:00"
"2026/crlsa-2026_67471.json","2026-09-17T07:01:57.687860+00:00"
"2026/crlsa-2026_54243.json","2026-09-17T07:01:56.544022+00:00"
"2026/crlsa-2026_67470.json","2026-09-17T07:01:55.931865+00:00"
"2026/crlsa-2026_67613.json","2026-09-17T07:01:54.903967+00:00"
"2026/crlsa-2026_67614.json","2026-09-17T07:01:54.289182+00:00"
"2026/crlsa-2026_54184.json","2026-09-17T07:01:52.819680+00:00"
"2026/crlsa-2026_67524.json","2026-09-17T07:01:52.629153+00:00"
"2026/crlsa-2026_67608.json","2026-09-17T07:01:52.070903+00:00"
"2026/crlsa-2026_67583.json","2026-09-17T07:01:51.886218+00:00"
"2026/crlsa-2026_67530.json","2026-09-17T07:01:50.882268+00:00"
"2026/crlsa-2026_67584.json","2026-09-17T07:01:50.291039+00:00"
"2026/crlsa-2026_67528.json","2026-09-17T07:01:49.231408+00:00"
"2026/crlsa-2026_67525.json","2026-09-17T07:01:48.288411+00:00"
"2026/crlsa-2026_67278.json","2026-09-16T07:02:07.964972+00:00"
"2026/crlsa-2026_67162.json","2026-09-16T07:02:00.742404+00:00"
"2026/crlsa-2026_67266.json","2026-09-16T07:02:00.330975+00:00"
"2026/crlsa-2026_67145.json","2026-09-16T07:02:00.168257+00:00"
"2026/crlsa-2026_67161.json","2026-09-16T07:01:59.993668+00:00"
"2026/crlsa-2026_67148.json","2026-09-16T07:01:59.709236+00:00"
"2026/crlsa-2026_67269.json","2026-09-16T07:01:59.502270+00:00"
"2026/crlsa-2026_67314.json","2026-09-16T07:01:58.567498+00:00"
"2026/crlsa-2026_67286.json","2026-09-16T07:01:58.141315+00:00"
"2026/crlsa-2026_67156.json","2026-09-16T07:01:57.584349+00:00"
"2026/crlsa-2026_67154.json","2026-09-16T07:01:56.216040+00:00"
"2026/crlsa-2026_67147.json","2026-09-16T07:01:55.955216+00:00"
"2026/crlsa-2026_67166.json","2026-09-16T07:01:55.793034+00:00"
"2026/crlsa-2026_67139.json","2026-09-16T07:01:55.498783+00:00"
"2026/crlsa-2026_67280.json","2026-09-16T07:01:54.989242+00:00"
"2026/crlsa-2026_67463.json","2026-09-16T07:01:54.362278+00:00"
"2026/crlsa-2026_67267.json","2026-09-16T07:01:54.218976+00:00"
"2026/crlsa-2026_67285.json","2026-09-16T07:01:53.963555+00:00"
"2026/crlsa-2026_67150.json","2026-09-16T07:01:51.234360+00:00"
"2026/crlsa-2026_67155.json","2026-09-16T07:01:49.965031+00:00"
"2026/crlsa-2026_67165.json","2026-09-16T07:01:48.510909+00:00"
"2026/crlsa-2026_67138.json","2026-09-16T07:01:48.236395+00:00"
"2026/crlsa-2026_67146.json","2026-09-16T07:01:47.968459+00:00"
"2026/crlsa-2026_67462.json","2026-09-16T07:01:47.487074+00:00"
"2026/crlsa-2026_67265.json","2026-09-16T07:01:47.117773+00:00"
"2026/crlsa-2026_67315.json","2026-09-15T07:01:55.792774+00:00"
"2026/crlsa-2026_67283.json","2026-09-15T07:01:54.819840+00:00"
"2026/crlsa-2026_67308.json","2026-09-15T07:01:53.141575+00:00"
"2026/crlsa-2026_66325.json","2026-09-12T07:01:53.532419+00:00"
"2026/crlsa-2026_66348.json","2026-09-12T07:01:53.274413+00:00"
"2026/crlsa-2026_66248.json","2026-09-12T07:01:52.991736+00:00"
"2026/crlsa-2026_66324.json","2026-09-12T07:01:52.601141+00:00"
"2026/crlsa-2026_66451.json","2026-09-12T07:01:52.406485+00:00"
"2026/crlsa-2026_66179.json","2026-09-12T07:01:52.251011+00:00"
"2026/crlsa-2026_66204.json","2026-09-12T07:01:52.156055+00:00"
"2026/crlsa-2026_66203.json","2026-09-12T07:01:51.955115+00:00"
"2026/crlsa-2026_66180.json","2026-09-12T07:01:51.158705+00:00"
"2026/crlsa-2026_66347.json","2026-09-12T07:01:50.327267+00:00"
"2026/crlsa-2026_66364.json","2026-09-12T07:01:49.975416+00:00"
"2026/crlsa-2026_66366.json","2026-09-12T07:01:49.840638+00:00"
"2026/crlsa-2026_66542.json","2026-09-12T07:01:49.589189+00:00"
"2026/crlsa-2026_66341.json","2026-09-12T07:01:49.213870+00:00"
"2026/crlsa-2026_66403.json","2026-09-12T07:01:48.818452+00:00"
"2026/crlsa-2026_66355.json","2026-09-12T07:01:48.432813+00:00"
"2026/crlsa-2026_66392.json","2026-09-12T07:01:47.442883+00:00"
"2026/crlsa-2026_66349.json","2026-09-12T07:01:47.089644+00:00"
"2026/crlsa-2026_66460.json","2026-09-12T07:01:46.851510+00:00"
"2026/crlsa-2026_66432.json","2026-09-12T07:01:46.598646+00:00"
"2026/crlsa-2026_66336.json","2026-09-12T07:01:46.201040+00:00"
"2026/crlsa-2026_43505.json","2026-09-11T04:32:00.703790+00:00"
"2026/crlsa-2026_64787.json","2026-09-11T04:32:00.067349+00:00"
"2026/crlsa-2026_1628.json","2026-09-11T04:31:59.669258+00:00"
"2026/crlsa-2026_18344.json","2026-09-11T04:31:58.444578+00:00"
"2025/crlsa-2025_13604.json","2026-09-11T04:31:58.064760+00:00"
"2026/crlsa-2026_46398.json","2026-09-11T04:31:57.281547+00:00"
"2025/crlsa-2025_7592.json","2026-09-11T04:31:57.151268+00:00"
"2025/crlsa-2025_14984.json","2026-09-11T04:31:56.042538+00:00"
"2025/crlsa-2025_20155.json","2026-09-11T04:31:55.614714+00:00"
"2026/crlsa-2026_54650.json","2026-09-11T04:31:54.834641+00:00"
"2026/crlsa-2026_19034.json","2026-09-11T04:31:49.808544+00:00"
"2026/crlsa-2026_55435.json","2026-09-11T04:31:49.575858+00:00"
"2025/crlsa-2025_8669.json","2026-09-11T04:31:49.388457+00:00"
"2026/crlsa-2026_54512.json","2026-09-11T04:31:48.496988+00:00"
"2026/crlsa-2026_44391.json","2026-09-11T04:31:47.631665+00:00"
"2026/crlsa-2026_11352.json","2026-09-11T04:31:46.837718+00:00"
"2025/crlsa-2025_13429.json","2026-09-11T04:31:46.706633+00:00"
"2026/crlsa-2026_36211.json","2026-09-11T04:31:45.774903+00:00"
"2026/crlsa-2026_3477.json","2026-09-11T04:31:45.243997+00:00"
"2026/crlsa-2026_49621.json","2026-09-11T04:31:34.849505+00:00"
"2026/crlsa-2026_19061.json","2026-09-11T04:31:28.051827+00:00"
"2025/crlsa-2025_21020.json","2026-09-11T04:31:24.407942+00:00"
"2026/crlsa-2026_19022.json","2026-09-11T04:31:22.118834+00:00"
"2026/crlsa-2026_27929.json","2026-09-11T04:31:21.314952+00:00"
"2025/crlsa-2025_8341.json","2026-09-11T04:31:19.993803+00:00"
"2025/crlsa-2025_7497.json","2026-09-11T04:31:19.722627+00:00"
"2026/crlsa-2026_0436.json","2026-09-11T04:31:19.121955+00:00"
"2026/crlsa-2026_64810.json","2026-09-11T04:31:18.192923+00:00"
"2026/crlsa-2026_4629.json","2026-09-11T04:31:18.069683+00:00"
"2025/crlsa-2025_8374.json","2026-09-11T04:31:17.785285+00:00"
"2026/crlsa-2026_59997.json","2026-09-11T04:31:14.964010+00:00"
"2025/crlsa-2025_8550.json","2026-09-11T04:31:14.797100+00:00"
"2026/crlsa-2026_48034.json","2026-09-11T04:31:13.075175+00:00"
"2026/crlsa-2026_6631.json","2026-09-11T04:31:09.417903+00:00"
"2026/crlsa-2026_27842.json","2026-09-11T04:31:08.217660+00:00"
"2026/crlsa-2026_42739.json","2026-09-11T04:31:07.989028+00:00"
"2026/crlsa-2026_40856.json","2026-09-11T04:31:07.067855+00:00"
"2025/crlsa-2025_21485.json","2026-09-11T04:31:05.895571+00:00"
"2026/crlsa-2026_65334.json","2026-09-11T04:31:00.256907+00:00"
"2026/crlsa-2026_39573.json","2026-09-11T04:30:59.412605+00:00"
"2026/crlsa-2026_53846.json","2026-09-11T04:30:58.201075+00:00"
"2026/crlsa-2026_25090.json","2026-09-11T04:30:55.356236+00:00"
"2026/crlsa-2026_33092.json","2026-09-11T04:30:53.424864+00:00"
"2026/crlsa-2026_58819.json","2026-09-11T04:30:49.760607+00:00"
"2026/crlsa-2026_1828.json","2026-09-11T04:30:49.327140+00:00"
"2025/crlsa-2025_12064.json","2026-09-11T04:30:48.164838+00:00"
"2026/crlsa-2026_55798.json","2026-09-11T04:30:47.886905+00:00"
"2026/crlsa-2026_25902.json","2026-09-11T04:30:46.574936+00:00"
"2026/crlsa-2026_3343.json","2026-09-11T04:30:45.573442+00:00"
"2025/crlsa-2025_7494.json","2026-09-11T04:30:43.304770+00:00"
"2026/crlsa-2026_7383.json","2026-09-11T04:30:39.066459+00:00"
"2025/crlsa-2025_23479.json","2026-09-11T04:30:38.750894+00:00"
"2025/crlba-2025_6631.json","2026-09-11T04:30:36.860537+00:00"
"2025/crlsa-2025_8636.json","2026-09-11T04:30:33.688830+00:00"
"2026/crlsa-2026_36675.json","2026-09-11T04:30:32.599854+00:00"
"2026/crlsa-2026_3361.json","2026-09-11T04:30:31.860681+00:00"
"2026/crlsa-2026_19067.json","2026-09-11T04:30:30.666975+00:00"
"2026/crlsa-2026_30845.json","2026-09-11T04:30:25.859693+00:00"
"2025/crlsa-2025_10073.json","2026-09-11T04:30:25.307460+00:00"
"2026/crlsa-2026_28581.json","2026-09-11T04:30:25.112984+00:00"
"2025/crlsa-2025_23667.json","2026-09-11T04:30:24.814521+00:00"
"2026/crlsa-2026_22715.json","2026-09-11T04:30:24.106714+00:00"
"2025/crlsa-2025_8608.json","2026-09-11T04:30:21.973949+00:00"
"2026/crlsa-2026_57126.json","2026-09-11T04:30:21.604819+00:00"
"2026/crlsa-2026_13651.json","2026-09-11T04:30:21.117529+00:00"
"2026/crlsa-2026_0453.json","2026-09-11T04:30:20.615517+00:00"
"2026/crlsa-2026_42919.json","2026-09-11T04:30:18.314200+00:00"
"2025/crlsa-2025_23083.json","2026-09-11T04:30:14.432050+00:00"
"2025/crlsa-2025_9304.json","2026-09-11T04:30:14.200345+00:00"
"2026/crlsa-2026_21676.json","2026-09-11T04:30:13.632830+00:00"
"2026/crlsa-2026_25237.json","2026-09-11T04:30:13.294250+00:00"
"2026/crlsa-2026_30860.json","2026-09-11T04:30:13.128280+00:00"
"2026/crlsa-2026_19130.json","2026-09-11T04:30:12.695910+00:00"
"2025/crlsa-2025_13240.json","2026-09-11T04:30:11.565658+00:00"
"2026/crlsa-2026_35832.json","2026-09-11T04:30:06.292613+00:00"
"2026/crlsa-2026_64775.json","2026-09-11T04:29:57.372485+00:00"
"2026/crlsa-2026_39976.json","2026-09-11T04:29:53.399670+00:00"
"2026/crlsa-2026_49668.json","2026-09-11T04:29:53.159564+00:00"
"2026/crlsa-2026_45114.json","2026-09-11T04:29:51.061099+00:00"
"2025/crlsa-2025_11797.json","2026-09-11T04:29:49.058050+00:00"
"2025/crlsa-2025_9190.json","2026-09-11T04:29:48.885384+00:00"
"2026/crlsa-2026_4450.json","2026-09-11T04:29:48.417684+00:00"
"2025/crlsa-2025_15005.json","2026-09-11T04:29:46.003145+00:00"
"2025/crlsa-2025_7458.json","2026-09-11T04:29:45.234588+00:00"
"2025/crlsa-2025_23279.json","2026-09-11T04:29:42.880912+00:00"
"2026/crlsa-2026_4162.json","2026-09-11T04:29:41.103399+00:00"
"2026/crlsa-2026_7005.json","2026-09-11T04:29:35.153239+00:00"
"2026/crlsa-2026_28210.json","2026-09-11T04:29:34.514299+00:00"
"2026/crlsa-2026_5145.json","2026-09-11T04:29:30.621751+00:00"
"2026/crlsa-2026_24331.json","2026-09-11T04:29:30.190622+00:00"
"2026/crlsa-2026_10707.json","2026-09-11T04:29:29.087430+00:00"
"2026/crlsa-2026_41895.json","2026-09-11T04:29:26.306931+00:00"
"2025/crlsa-2025_23932.json","2026-09-11T04:29:24.245379+00:00"
"2025/crlsa-2025_7593.json","2026-09-11T04:29:20.644375+00:00"
"2026/crlsa-2026_5931.json","2026-09-11T04:29:20.014294+00:00"
"2026/crlsa-2026_57596.json","2026-09-11T04:29:19.891563+00:00"
"2025/crlsa-2025_8135.json","2026-09-11T04:29:15.593969+00:00"
"2026/crlsa-2026_12423.json","2026-09-11T04:29:15.337257+00:00"
"2025/crlba-2025_6597.json","2026-09-11T04:29:15.156108+00:00"
"2026/crlsa-2026_34355.json","2026-09-11T04:29:12.103986+00:00"
"2026/crlsa-2026_7992.json","2026-09-11T04:29:10.411892+00:00"
"2026/crlsa-2026_63119.json","2026-09-11T04:29:10.295146+00:00"
"2026/crlsa-2026_55424.json","2026-09-11T04:29:07.292712+00:00"
"2026/crlsa-2026_54343.json","2026-09-11T04:29:06.689819+00:00"
"2026/crlsa-2026_33731.json","2026-09-11T04:29:05.915040+00:00"
"2026/crlsa-2026_58927.json","2026-09-11T04:29:03.915808+00:00"
"2026/crlsa-2026_36364.json","2026-09-11T04:29:03.114637+00:00"
"2026/crlsa-2026_25111.json","2026-09-11T04:28:57.427290+00:00"
"2026/crlsa-2026_0525.json","2026-09-11T04:28:56.993145+00:00"
"2026/crlsa-2026_61377.json","2026-09-11T04:28:56.311026+00:00"
"2026/crlsa-2026_26228.json","2026-09-11T04:28:56.038744+00:00"
"2026/crlsa-2026_65159.json","2026-09-11T04:28:55.287446+00:00"
"2026/crlsa-2026_25112.json","2026-09-11T04:28:55.107579+00:00"
"2026/crlsa-2026_19141.json","2026-09-11T04:28:54.415332+00:00"
"2025/crlsa-2025_22854.json","2026-09-11T04:28:53.663143+00:00"
"2026/crlsa-2026_19148.json","2026-09-11T04:28:52.635146+00:00"
"2025/crlba-2025_5309.json","2026-09-11T04:28:52.425120+00:00"
"2026/crlsa-2026_8458.json","2026-09-11T04:28:51.227521+00:00"
"2025/crlsa-2025_9146.json","2026-09-11T04:28:50.991707+00:00"
"2025/crlsa-2025_9466.json","2026-09-11T04:28:50.494929+00:00"
"2025/crlsa-2025_9418.json","2026-09-11T04:28:46.023447+00:00"
"2026/crlsa-2026_41937.json","2026-09-11T04:28:43.380139+00:00"
"2026/crlsa-2026_10758.json","2026-09-11T04:28:42.483864+00:00"
"2026/crlsa-2026_42063.json","2026-09-11T04:28:40.862693+00:00"
"2026/crlsa-2026_22314.json","2026-09-11T04:28:40.200838+00:00"
"2026/crlsa-2026_19151.json","2026-09-11T04:28:40.032381+00:00"
"2026/crlsa-2026_8312.json","2026-09-11T04:28:39.894731+00:00"
"2026/crlsa-2026_48650.json","2026-09-11T04:28:38.662081+00:00"
"2026/crlsa-2026_22529.json","2026-09-11T04:28:37.312221+00:00"
"2025/crlsa-2025_15020.json","2026-09-11T04:28:36.014710+00:00"
"2026/crlsa-2026_36199.json","2026-09-11T04:28:35.756584+00:00"
"2026/crlsa-2026_15888.json","2026-09-11T04:28:33.490504+00:00"
"2026/crlsa-2026_65895.json","2026-09-11T04:28:31.328562+00:00"
"2026/crlsa-2026_56007.json","2026-09-11T04:28:30.836749+00:00"
"2026/crlsa-2026_0697.json","2026-09-11T04:28:30.374508+00:00"
"2025/crlsa-2025_9149.json","2026-09-11T04:28:29.357621+00:00"
"2026/crlsa-2026_39304.json","2026-09-11T04:28:25.385095+00:00"
"2026/crlsa-2026_19152.json","2026-09-11T04:28:25.059776+00:00"
"2026/crlsa-2026_24338.json","2026-09-11T04:28:24.512675+00:00"
"2025/crlsa-2025_23201.json","2026-09-11T04:28:22.556900+00:00"
"2025/crlsa-2025_9120.json","2026-09-11T04:28:14.903633+00:00"
"2026/crlsa-2026_19134.json","2026-09-11T04:28:14.297818+00:00"
"2026/crlsa-2026_3517.json","2026-09-11T04:28:12.740810+00:00"
"2026/crlsa-2026_1690.json","2026-09-11T04:28:12.418219+00:00"
"2025/crlsa-2025_12862.json","2026-09-11T04:28:11.383294+00:00"
"2025/crlsa-2025_12188.json","2026-09-11T04:28:06.742954+00:00"
"2026/crlsa-2026_8467.json","2026-09-11T04:28:04.895491+00:00"
"2026/crlsa-2026_59097.json","2026-09-11T04:28:03.669323+00:00"
"2026/crlsa-2026_3094.json","2026-09-11T04:28:03.298317+00:00"
"2026/crlsa-2026_4705.json","2026-09-11T04:28:02.683810+00:00"
"2025/crlsa-2025_14178.json","2026-09-11T04:28:02.360849+00:00"
"2025/crlsa-2025_21248.json","2026-09-11T04:28:01.492004+00:00"
"2025/crlsa-2025_23088.json","2026-09-11T04:28:01.094874+00:00"
"2025/crlsa-2025_22395.json","2026-09-11T04:28:00.850016+00:00"
"2026/crlsa-2026_48033.json","2026-09-11T04:27:56.426880+00:00"
"2026/crlsa-2026_0423.json","2026-09-11T04:27:55.821090+00:00"
"2026/crlsa-2026_29195.json","2026-09-11T04:27:54.508670+00:00"
"2026/crlsa-2026_9666.json","2026-09-11T04:27:49.023968+00:00"
"2025/crlsa-2025_21931.json","2026-09-11T04:27:48.808535+00:00"
"2025/crlsa-2025_10854.json","2026-09-11T04:27:48.008167+00:00"
"2026/crlsa-2026_47079.json","2026-09-11T04:27:47.150707+00:00"
"2026/crlsa-2026_2721.json","2026-09-11T04:27:46.911178+00:00"
"2025/crlsa-2025_20478.json","2026-09-11T04:27:46.137878+00:00"
"2026/crlsa-2026_50778.json","2026-09-11T04:27:42.246437+00:00"
"2026/crlsa-2026_10217.json","2026-09-11T04:27:41.383874+00:00"
"2026/crlsa-2026_19064.json","2026-09-11T04:27:38.445272+00:00"
"2026/crlsa-2026_9693.json","2026-09-11T04:27:37.914694+00:00"
"2026/crlsa-2026_18537.json","2026-09-11T04:27:36.575398+00:00"
"2025/crlsa-2025_19675.json","2026-09-11T04:27:36.339341+00:00"
"2026/crlsa-2026_19144.json","2026-09-11T04:27:34.399537+00:00"
"2025/crlsa-2025_7892.json","2026-09-11T04:27:32.906066+00:00"
"2026/crlsa-2026_56969.json","2026-09-11T04:27:32.725214+00:00"
"2026/crlsa-2026_3752.json","2026-09-11T04:27:31.079126+00:00"
"2026/crlsa-2026_22145.json","2026-09-11T04:27:29.187869+00:00"
"2026/crlsa-2026_19010.json","2026-09-11T04:27:27.353173+00:00"
"2026/crlsa-2026_20594.json","2026-09-11T04:27:26.415109+00:00"
"2025/crlsa-2025_17776.json","2026-09-11T04:27:20.048473+00:00"
"2026/crlsa-2026_11389.json","2026-09-11T04:27:15.206955+00:00"
"2025/crlsa-2025_20994.json","2026-09-11T04:27:11.200782+00:00"
"2026/crlsa-2026_38509.json","2026-09-11T04:27:10.630323+00:00"
"2026/crlsa-2026_19019.json","2026-09-11T04:27:10.358012+00:00"
"2026/crlsa-2026_19145.json","2026-09-11T04:27:09.257307+00:00"
"2026/crlsa-2026_19154.json","2026-09-11T04:27:08.938265+00:00"
"2026/crlsa-2026_6906.json","2026-09-11T04:27:07.917461+00:00"
"2026/crlsa-2026_21380.json","2026-09-11T04:27:04.620810+00:00"
"2026/crlsa-2026_58899.json","2026-09-11T04:27:03.605526+00:00"
"2026/crlsa-2026_19133.json","2026-09-11T04:27:02.213125+00:00"
"2025/crlsa-2025_9307.json","2026-09-11T04:27:00.945590+00:00"
"2026/crlsa-2026_35826.json","2026-09-11T04:26:59.644232+00:00"
"2026/crlsa-2026_20600.json","2026-09-11T04:26:57.920486+00:00"
"2026/crlsa-2026_49523.json","2026-09-11T04:26:57.530331+00:00"
"2026/crlsa-2026_58571.json","2026-09-11T04:26:57.432685+00:00"
"2026/crlsa-2026_57251.json","2026-09-11T04:26:53.019943+00:00"
"2026/crlsa-2026_0025.json","2026-09-11T04:26:52.063818+00:00"
"2026/crlsa-2026_3336.json","2026-09-11T04:26:51.834544+00:00"
"2025/crlsa-2025_7462.json","2026-09-11T04:26:51.640727+00:00"
"2025/crlsa-2025_12662.json","2026-09-11T04:26:44.504178+00:00"
"2026/crlsa-2026_54210.json","2026-09-11T04:26:43.556296+00:00"
"2025/crlsa-2025_11401.json","2026-09-11T04:26:43.166107+00:00"
"2026/crlsa-2026_11413.json","2026-09-11T04:26:41.484780+00:00"
"2026/crlsa-2026_59133.json","2026-09-11T04:26:41.207889+00:00"
"2026/crlsa-2026_23102.json","2026-09-11T04:26:40.561144+00:00"
"2026/crlsa-2026_49914.json","2026-09-11T04:26:40.159171+00:00"
"2025/crlsa-2025_13944.json","2026-09-11T04:26:39.199684+00:00"
"2026/crlsa-2026_30129.json","2026-09-11T04:26:38.842689+00:00"
"2026/crlsa-2026_1902.json","2026-09-11T04:26:38.127849+00:00"
"2026/crlsa-2026_47085.json","2026-09-11T04:26:35.959280+00:00"
"2026/crlsa-2026_3476.json","2026-09-11T04:26:35.203760+00:00"
"2026/crlsa-2026_39494.json","2026-09-11T04:26:34.834357+00:00"
"2026/crlsa-2026_47083.json","2026-09-11T04:26:33.521789+00:00"
"2025/crlsa-2025_9079.json","2026-09-11T04:26:32.158019+00:00"
"2026/crlsa-2026_11712.json","2026-09-11T04:26:30.133325+00:00"
"2026/crlsa-2026_18065.json","2026-09-11T04:26:28.230682+00:00"
"2026/crlsa-2026_39547.json","2026-09-11T04:26:27.648650+00:00"
"2025/crlsa-2025_23940.json","2026-09-11T04:26:27.530485+00:00"
"2026/crlsa-2026_19054.json","2026-09-11T04:26:27.078563+00:00"
"2026/crlsa-2026_28231.json","2026-09-11T04:26:25.369711+00:00"
"2025/crlsa-2025_23008.json","2026-09-11T04:26:24.585066+00:00"
"2026/crlsa-2026_56971.json","2026-09-11T04:26:24.066681+00:00"
"2026/crlsa-2026_64788.json","2026-09-11T04:26:23.914108+00:00"
"2026/crlsa-2026_43400.json","2026-09-11T04:26:17.313367+00:00"
"2026/crlsa-2026_59380.json","2026-09-11T04:26:17.170624+00:00"
"2026/crlsa-2026_1597.json","2026-09-11T04:26:16.756494+00:00"
"2026/crlsa-2026_22120.json","2026-09-11T04:26:14.501010+00:00"
"2026/crlsa-2026_55432.json","2026-09-11T04:26:08.912210+00:00"
"2026/crlsa-2026_64777.json","2026-09-11T04:26:03.330856+00:00"
"2025/crlsa-2025_15095.json","2026-09-11T04:26:03.168505+00:00"
"2025/crlsa-2025_14137.json","2026-09-11T04:26:02.345137+00:00"
"2026/crlsa-2026_64796.json","2026-09-11T04:26:01.191650+00:00"
"2026/crlsa-2026_49871.json","2026-09-11T04:25:59.911787+00:00"
"2026/crlsa-2026_7342.json","2026-09-11T04:25:58.199368+00:00"
"2026/crlsa-2026_36956.json","2026-09-11T04:25:57.921004+00:00"
"2025/crlsa-2025_21142.json","2026-09-11T04:25:56.808227+00:00"
"2025/crlsa-2025_7517.json","2026-09-11T04:25:56.512866+00:00"
"2026/crlsa-2026_50747.json","2026-09-11T04:25:56.017836+00:00"
"2026/crlsa-2026_1831.json","2026-09-11T04:25:54.512657+00:00"
"2026/crlsa-2026_11881.json","2026-09-11T04:25:50.312612+00:00"
"2026/crlsa-2026_60306.json","2026-09-11T04:25:49.330348+00:00"
"2026/crlsa-2026_10223.json","2026-09-11T04:25:48.615986+00:00"
"2026/crlsa-2026_12265.json","2026-09-11T04:25:47.738285+00:00"
"2026/crlsa-2026_54590.json","2026-09-11T04:25:42.856381+00:00"
"2026/crlsa-2026_7711.json","2026-09-11T04:25:42.326646+00:00"
"2026/crlsa-2026_59372.json","2026-09-11T04:25:41.275881+00:00"
"2026/crlsa-2026_65534.json","2026-09-11T04:25:41.185023+00:00"
"2026/crlsa-2026_28235.json","2026-09-11T04:25:37.954981+00:00"
"2026/crlsa-2026_27743.json","2026-09-11T04:25:37.675391+00:00"
"2026/crlsa-2026_13642.json","2026-09-11T04:25:37.161898+00:00"
"2026/crlsa-2026_19031.json","2026-09-11T04:25:34.302157+00:00"
"2025/crlsa-2025_15699.json","2026-09-11T04:25:32.091959+00:00"
"2026/crlsa-2026_2914.json","2026-09-11T04:25:31.447494+00:00"
"2026/crlsa-2026_13566.json","2026-09-11T04:25:31.164741+00:00"
"2026/crlsa-2026_3551.json","2026-09-11T04:25:26.284982+00:00"
"2026/crlsa-2026_64818.json","2026-09-11T04:25:25.331210+00:00"
"2026/crlsa-2026_3092.json","2026-09-11T04:25:24.924673+00:00"
"2026/crlsa-2026_11412.json","2026-09-11T04:25:22.657264+00:00"
"2026/crlsa-2026_19135.json","2026-09-11T04:25:22.415711+00:00"
"2026/crlsa-2026_57148.json","2026-09-11T04:25:21.237827+00:00"
"2026/crlsa-2026_49211.json","2026-09-11T04:25:20.831946+00:00"
"2026/crlsa-2026_19068.json","2026-09-11T04:25:18.819125+00:00"
"2025/crlsa-2025_7509.json","2026-09-11T04:25:18.234741+00:00"
"2026/crlsa-2026_37436.json","2026-09-11T04:25:17.211718+00:00"
"2025/crlsa-2025_15901.json","2026-09-11T04:25:16.644814+00:00"
"2025/crlsa-2025_9421.json","2026-09-11T04:25:10.765682+00:00"
"2026/crlsa-2026_24347.json","2026-09-11T04:25:07.776184+00:00"
"2025/crlsa-2025_19403.json","2026-09-11T04:25:07.657423+00:00"
"2025/crlsa-2025_10630.json","2026-09-11T04:25:06.811751+00:00"
"2025/crlsa-2025_19772.json","2026-09-11T04:25:05.132237+00:00"
"2026/crlsa-2026_28234.json","2026-09-11T04:25:04.690416+00:00"
"2026/crlsa-2026_20613.json","2026-09-11T04:25:04.490237+00:00"
"2025/crlsa-2025_9121.json","2026-09-11T04:25:04.225082+00:00"
"2026/crlsa-2026_8842.json","2026-09-11T04:25:04.064104+00:00"
"2025/crlsa-2025_10140.json","2026-09-11T04:24:57.596804+00:00"
"2026/crlsa-2026_25115.json","2026-09-11T04:24:50.657046+00:00"
"2026/crlsa-2026_19069.json","2026-09-11T04:24:49.022302+00:00"
"2026/crlsa-2026_19125.json","2026-09-11T04:24:45.263265+00:00"
"2026/crlsa-2026_33412.json","2026-09-11T04:24:44.705070+00:00"
"2025/crlsa-2025_8196.json","2026-09-11T04:24:43.814251+00:00"
"2026/crlsa-2026_19150.json","2026-09-11T04:24:43.702802+00:00"
"2026/crlsa-2026_55433.json","2026-09-11T04:24:43.433158+00:00"
"2026/crlsa-2026_7675.json","2026-09-11T04:24:41.701261+00:00"
"2026/crlsa-2026_24758.json","2026-09-11T04:24:41.215432+00:00"
"2026/crlsa-2026_19158.json","2026-09-11T04:24:40.869775+00:00"
"2025/crlsa-2025_7490.json","2026-09-11T04:24:40.282881+00:00"
"2025/crlsa-2025_21691.json","2026-09-11T04:24:38.209583+00:00"
"2026/crlsa-2026_6799.json","2026-09-11T04:24:38.046474+00:00"
"2026/crlsa-2026_7672.json","2026-09-11T04:24:37.736668+00:00"
"2026/crlsa-2026_0975.json","2026-09-11T04:24:37.622832+00:00"
"2026/crlsa-2026_39302.json","2026-09-11T04:24:36.848354+00:00"
"2026/crlsa-2026_3669.json","2026-09-11T04:24:36.296435+00:00"
"2025/crlsa-2025_18318.json","2026-09-11T04:24:35.746722+00:00"
"2026/crlsa-2026_34357.json","2026-09-11T04:24:34.346372+00:00"
"2026/crlsa-2026_22649.json","2026-09-11T04:24:34.083249+00:00"
"2026/crlsa-2026_20567.json","2026-09-11T04:24:32.886612+00:00"
"2026/crlsa-2026_29980.json","2026-09-11T04:24:31.623288+00:00"
"2026/crlsa-2026_18143.json","2026-09-11T04:24:31.475780+00:00"
"2026/crlsa-2026_18162.json","2026-09-11T04:24:31.261309+00:00"
"2026/crlsa-2026_13644.json","2026-09-11T04:24:30.771230+00:00"
"2026/crlsa-2026_3840.json","2026-09-11T04:24:30.403108+00:00"
"2026/crlsa-2026_3443.json","2026-09-11T04:24:29.742978+00:00"
"2026/crlsa-2026_65816.json","2026-09-11T04:24:28.850061+00:00"
"2026/crlsa-2026_19126.json","2026-09-11T04:24:28.691159+00:00"
"2026/crlsa-2026_19560.json","2026-09-11T04:24:28.563092+00:00"
"2026/crlsa-2026_38514.json","2026-09-11T04:24:28.264328+00:00"
"2026/crlsa-2026_3035.json","2026-09-11T04:24:28.181398+00:00"
"2026/crlsa-2026_42694.json","2026-09-11T04:24:21.087333+00:00"
"2025/crlsa-2025_7479.json","2026-09-11T04:24:17.298956+00:00"
"2025/crlsa-2025_16428.json","2026-09-11T04:24:17.085395+00:00"
"2026/crlsa-2026_14790.json","2026-09-11T04:24:16.980649+00:00"
"2026/crlsa-2026_65116.json","2026-09-11T04:24:15.840521+00:00"
"2026/crlsa-2026_18465.json","2026-09-11T04:24:14.217874+00:00"
"2025/crlsa-2025_7459.json","2026-09-11T04:24:11.294005+00:00"
"2026/crlsa-2026_62578.json","2026-09-11T04:24:10.871879+00:00"
"2025/crlsa-2025_21843.json","2026-09-11T04:24:10.051336+00:00"
"2026/crlsa-2026_57015.json","2026-09-11T04:24:08.326468+00:00"
"2026/crlsa-2026_7682.json","2026-09-11T04:24:02.254571+00:00"
"2025/crlsa-2025_18320.json","2026-09-11T04:24:00.752532+00:00"
"2026/crlsa-2026_16014.json","2026-09-11T04:24:00.414065+00:00"
"2026/crlsa-2026_59243.json","2026-09-11T04:23:59.847427+00:00"
"2026/crlsa-2026_62614.json","2026-09-11T04:23:56.162368+00:00"
"2026/crlsa-2026_21433.json","2026-09-11T04:23:54.962693+00:00"
"2026/crlsa-2026_3354.json","2026-09-11T04:23:54.109985+00:00"
"2025/crlsa-2025_11066.json","2026-09-11T04:23:53.431467+00:00"
"2025/crlsa-2025_9348.json","2026-09-11T04:23:47.574536+00:00"
"2026/crlsa-2026_30855.json","2026-09-11T04:23:46.023519+00:00"
"2026/crlsa-2026_50773.json","2026-09-11T04:23:45.894832+00:00"
"2026/crlsa-2026_52675.json","2026-09-11T04:23:45.411801+00:00"
"2025/crlsa-2025_14179.json","2026-09-11T04:23:43.350807+00:00"
"2026/crlsa-2026_0545.json","2026-09-11T04:23:42.904903+00:00"
"2026/crlsa-2026_25999.json","2026-09-11T04:23:37.676422+00:00"
"2025/crlsa-2025_18231.json","2026-09-11T04:23:37.529312+00:00"
"2026/crlsa-2026_26332.json","2026-09-11T04:23:37.041032+00:00"
"2026/crlsa-2026_53451.json","2026-09-11T04:23:36.872691+00:00"
"2026/crlsa-2026_4453.json","2026-09-11T04:23:36.522423+00:00"
"2026/crlsa-2026_1838.json","2026-09-11T04:23:36.166887+00:00"
"2026/crlsa-2026_8492.json","2026-09-11T04:23:34.927273+00:00"
"2026/crlsa-2026_63022.json","2026-09-11T04:23:34.642504+00:00"
"2026/crlsa-2026_28233.json","2026-09-11T04:23:33.622569+00:00"
"2026/crlsa-2026_24985.json","2026-09-11T04:23:30.969542+00:00"
"2025/crlsa-2025_21002.json","2026-09-11T04:23:29.227686+00:00"
"2026/crlsa-2026_3939.json","2026-09-11T04:23:28.955064+00:00"
"2026/crlsa-2026_19153.json","2026-09-11T04:23:27.508558+00:00"
"2026/crlsa-2026_4649.json","2026-09-11T04:23:27.393919+00:00"
"2026/crlsa-2026_19136.json","2026-09-11T04:23:27.045262+00:00"
"2025/crlsa-2025_21936.json","2026-09-11T04:23:26.665969+00:00"
"2026/crlsa-2026_18480.json","2026-09-11T04:23:23.738424+00:00"
"2025/crlsa-2025_23050.json","2026-09-11T04:23:22.705264+00:00"
"2026/crlsa-2026_19066.json","2026-09-11T04:23:19.619238+00:00"
"2026/crlsa-2026_19020.json","2026-09-11T04:23:19.456330+00:00"
"2026/crlsa-2026_33502.json","2026-09-11T04:23:19.340727+00:00"
"2026/crlsa-2026_19569.json","2026-09-11T04:23:17.731682+00:00"
"2025/crlsa-2025_21037.json","2026-09-11T04:23:14.950338+00:00"
"2026/crlsa-2026_51295.json","2026-09-11T04:23:09.226785+00:00"
"2026/crlsa-2026_19032.json","2026-09-11T04:23:05.430300+00:00"
"2026/crlsa-2026_19138.json","2026-09-11T04:23:05.254151+00:00"
"2025/crlsa-2025_12882.json","2026-09-11T04:23:00.199177+00:00"
"2026/crlsa-2026_2182.json","2026-09-11T04:23:00.040772+00:00"
"2026/crlsa-2026_15968.json","2026-09-11T04:22:57.920747+00:00"
"2025/crlsa-2025_17085.json","2026-09-11T04:22:57.609988+00:00"
"2026/crlsa-2026_19042.json","2026-09-11T04:22:55.594467+00:00"
"2025/crlsa-2025_17913.json","2026-09-11T04:22:55.515292+00:00"
"2026/crlsa-2026_1178.json","2026-09-11T04:22:54.784182+00:00"
"2026/crlsa-2026_19053.json","2026-09-11T04:22:53.142176+00:00"
"2026/crlsa-2026_6622.json","2026-09-11T04:22:52.537872+00:00"
"2025/crlsa-2025_7496.json","2026-09-11T04:22:52.423806+00:00"
"2026/crlsa-2026_22937.json","2026-09-11T04:22:51.234480+00:00"
"2026/crlsa-2026_39183.json","2026-09-11T04:22:47.811835+00:00"
"2026/crlsa-2026_19137.json","2026-09-11T04:22:44.916462+00:00"
"2025/crlsa-2025_18153.json","2026-09-11T04:22:41.201386+00:00"
"2026/crlsa-2026_0464.json","2026-09-11T04:22:36.363921+00:00"
"2026/crlsa-2026_8472.json","2026-09-11T04:22:35.706053+00:00"
"2026/crlsa-2026_21557.json","2026-09-11T04:22:31.559218+00:00"
"2026/crlsa-2026_61625.json","2026-09-11T04:22:30.373956+00:00"
"2026/crlsa-2026_5913.json","2026-09-11T04:22:27.975211+00:00"
"2025/crlsa-2025_23141.json","2026-09-11T04:22:26.414234+00:00"
"2025/crlsa-2025_23306.json","2026-09-11T04:22:21.811470+00:00"
"2026/crlsa-2026_19009.json","2026-09-11T04:22:21.178721+00:00"
"2025/crlsa-2025_7601.json","2026-09-11T04:22:20.340248+00:00"
"2025/crlsa-2025_16154.json","2026-09-11T04:22:16.674818+00:00"
"2026/crlsa-2026_1334.json","2026-09-11T04:22:16.025300+00:00"
"2025/crlsa-2025_22361.json","2026-09-11T04:22:12.493236+00:00"
"2025/crlsa-2025_7484.json","2026-09-11T04:22:09.783196+00:00"
"2026/crlsa-2026_27288.json","2026-09-11T04:22:09.445403+00:00"
"2026/crlsa-2026_57597.json","2026-09-11T04:22:08.649508+00:00"
"2025/crlsa-2025_7500.json","2026-09-11T04:22:08.464738+00:00"
"2026/crlsa-2026_20606.json","2026-09-11T04:22:06.047305+00:00"
"2026/crlsa-2026_26532.json","2026-09-11T04:22:05.848075+00:00"
"2025/crlsa-2025_14417.json","2026-09-11T04:22:05.631096+00:00"
"2025/crlsa-2025_13941.json","2026-09-11T04:22:03.301753+00:00"
"2026/crlsa-2026_36790.json","2026-09-11T04:22:03.089697+00:00"
"2026/crlsa-2026_3033.json","2026-09-11T04:21:59.865467+00:00"
"2026/crlsa-2026_54486.json","2026-09-11T04:21:58.199148+00:00"
"2025/crlsa-2025_11888.json","2026-09-11T04:21:57.958272+00:00"
"2025/crlsa-2025_16354.json","2026-09-11T04:21:57.094953+00:00"
"2026/crlsa-2026_17075.json","2026-09-11T04:21:56.347557+00:00"
"2026/crlsa-2026_2719.json","2026-09-11T04:21:56.036445+00:00"
"2025/crlsa-2025_16109.json","2026-09-11T04:21:52.719699+00:00"
"2025/crlsa-2025_23139.json","2026-09-11T04:21:52.609015+00:00"
"2025/crlsa-2025_14592.json","2026-09-11T04:21:51.916163+00:00"
"2026/crlsa-2026_18326.json","2026-09-11T04:21:51.189628+00:00"
"2026/crlsa-2026_22141.json","2026-09-11T04:21:49.843256+00:00"
"2025/crlsa-2025_7467.json","2026-09-11T04:21:43.026179+00:00"
"2025/crlsa-2025_8816.json","2026-09-11T04:21:41.622012+00:00"
"2026/crlsa-2026_13916.json","2026-09-11T04:21:41.000011+00:00"
"2026/crlsa-2026_35841.json","2026-09-11T04:21:39.460344+00:00"
"2026/crlsa-2026_38495.json","2026-09-11T04:21:39.278520+00:00"
"2025/crlsa-2025_9317.json","2026-09-11T04:21:39.100876+00:00"
"2026/crlsa-2026_3208.json","2026-09-11T04:21:37.023233+00:00"
"2026/crlsa-2026_50144.json","2026-09-11T04:21:36.798195+00:00"
"2026/crlsa-2026_0136.json","2026-09-11T04:21:36.460657+00:00"
"2026/crlsa-2026_19155.json","2026-09-11T04:21:35.922373+00:00"
"2025/crlsa-2025_10677.json","2026-09-11T04:21:29.617747+00:00"
"2026/crlsa-2026_18479.json","2026-09-11T04:21:24.898459+00:00"
"2026/crlsa-2026_0922.json","2026-09-11T04:21:21.133252+00:00"
"2026/crlsa-2026_64795.json","2026-09-11T04:21:19.166889+00:00"
"2026/crlsa-2026_35827.json","2026-09-11T04:21:16.770346+00:00"
"2025/crlsa-2025_8814.json","2026-09-11T04:21:16.333683+00:00"
"2026/crlsa-2026_18556.json","2026-09-11T04:21:14.803421+00:00"
"2026/crlsa-2026_3068.json","2026-09-11T04:21:14.015685+00:00"
"2026/crlsa-2026_19013.json","2026-09-11T04:21:11.336177+00:00"
"2026/crlsa-2026_47017.json","2026-09-11T04:21:11.161978+00:00"
"2025/crlsa-2025_23664.json","2026-09-11T04:21:10.386926+00:00"
"2026/crlsa-2026_7080.json","2026-09-11T04:21:10.169178+00:00"
"2026/crlsa-2026_22450.json","2026-09-11T04:21:09.632381+00:00"
"2026/crlsa-2026_41897.json","2026-09-11T04:21:08.589411+00:00"
"2026/crlsa-2026_25191.json","2026-09-11T04:21:07.532918+00:00"
"2026/crlsa-2026_58928.json","2026-09-11T04:21:05.682400+00:00"
"2026/crlsa-2026_33565.json","2026-09-11T04:21:05.067672+00:00"
"2025/crlsa-2025_8128.json","2026-09-11T04:21:02.181006+00:00"
"2026/crlsa-2026_1843.json","2026-09-11T04:21:01.270912+00:00"
"2025/crlsa-2025_7510.json","2026-09-11T04:21:00.951434+00:00"
"2026/crlsa-2026_18160.json","2026-09-11T04:21:00.549261+00:00"
"2025/crlsa-2025_15662.json","2026-09-11T04:21:00.370167+00:00"
"2025/crlsa-2025_7457.json","2026-09-11T04:20:59.588679+00:00"
"2025/crlsa-2025_9156.json","2026-09-11T04:20:59.373166+00:00"
"2026/crlsa-2026_6344.json","2026-09-11T04:20:55.890599+00:00"
"2026/crlsa-2026_4164.json","2026-09-11T04:20:53.451254+00:00"
"2026/crlsa-2026_62577.json","2026-09-11T04:20:53.032313+00:00"
"2026/crlsa-2026_36193.json","2026-09-11T04:20:51.349402+00:00"
"2025/crlsa-2025_12850.json","2026-09-11T04:20:50.873032+00:00"
"2026/crlsa-2026_22528.json","2026-09-11T04:20:50.783206+00:00"
"2026/crlsa-2026_13515.json","2026-09-11T04:20:49.204209+00:00"
"2025/crlsa-2025_16157.json","2026-09-11T04:20:47.760552+00:00"
"2026/crlsa-2026_58561.json","2026-09-11T04:20:47.132037+00:00"
"2026/crlsa-2026_1842.json","2026-09-11T04:20:47.007773+00:00"
"2025/crlsa-2025_10195.json","2026-09-11T04:20:46.769483+00:00"
"2026/crlsa-2026_8119.json","2026-09-11T04:20:46.647312+00:00"
"2025/crlsa-2025_8477.json","2026-09-11T04:20:43.907932+00:00"
"2026/crlsa-2026_36196.json","2026-09-11T04:20:43.772153+00:00"
"2025/crlsa-2025_7482.json","2026-09-11T04:20:43.172903+00:00"
"2026/crlsa-2026_41988.json","2026-09-11T04:20:39.081232+00:00"
"2026/crlsa-2026_19160.json","2026-09-11T04:20:37.645506+00:00"
"2026/crlsa-2026_7081.json","2026-09-11T04:20:36.244136+00:00"
"2025/crlsa-2025_20181.json","2026-09-11T04:20:35.764756+00:00"
"2026/crlsa-2026_63128.json","2026-09-11T04:20:33.420145+00:00"
"2026/crlsa-2026_54541.json","2026-09-11T04:20:28.218388+00:00"
"2026/crlsa-2026_19139.json","2026-09-11T04:20:27.816883+00:00"
"2026/crlsa-2026_4451.json","2026-09-11T04:20:27.716491+00:00"
"2026/crlsa-2026_39296.json","2026-09-11T04:20:27.402937+00:00"
"2025/crlsa-2025_11537.json","2026-09-11T04:20:26.909084+00:00"
"2026/crlsa-2026_29874.json","2026-09-11T04:20:26.758076+00:00"
"2025/crlsa-2025_16432.json","2026-09-11T04:20:26.310646+00:00"
"2026/crlsa-2026_62631.json","2026-09-11T04:20:26.183998+00:00"
"2025/crlsa-2025_12056.json","2026-09-11T04:20:25.809738+00:00"
"2025/crlsa-2025_13598.json","2026-09-11T04:20:22.664169+00:00"
"2025/crlsa-2025_9151.json","2026-09-11T04:20:21.824111+00:00"
"2026/crlsa-2026_23388.json","2026-09-11T04:20:21.591939+00:00"
"2025/crlsa-2025_8915.json","2026-09-11T04:20:16.426421+00:00"
"2025/crlsa-2025_8666.json","2026-09-11T04:20:13.875652+00:00"
"2025/crlsa-2025_10371.json","2026-09-11T04:20:13.467609+00:00"
"2026/crlsa-2026_55617.json","2026-09-11T04:20:12.552293+00:00"
"2026/crlsa-2026_41893.json","2026-09-11T04:20:09.404459+00:00"
"2026/crlsa-2026_6342.json","2026-09-11T04:20:02.930838+00:00"
"2025/crlsa-2025_13674.json","2026-09-11T04:19:51.835964+00:00"
"2026/crlsa-2026_25225.json","2026-09-11T04:19:51.553894+00:00"
"2026/crlsa-2026_49526.json","2026-09-11T04:19:50.845667+00:00"
"2026/crlsa-2026_61378.json","2026-09-11T04:19:50.642851+00:00"
"2026/crlsa-2026_26456.json","2026-09-11T04:19:48.459627+00:00"
"2026/crlsa-2026_39272.json","2026-09-11T04:19:48.224724+00:00"
"2026/crlsa-2026_27740.json","2026-09-11T04:19:47.726853+00:00"
"2026/crlsa-2026_1825.json","2026-09-11T04:19:47.407659+00:00"
"2025/crlsa-2025_9940.json","2026-09-11T04:19:46.168800+00:00"
"2026/crlsa-2026_1837.json","2026-09-11T04:19:46.094034+00:00"
"2026/crlsa-2026_4723.json","2026-09-11T04:19:45.166128+00:00"
"2025/crlsa-2025_15701.json","2026-09-11T04:19:44.371445+00:00"
"2026/crlsa-2026_6817.json","2026-09-11T04:19:44.091333+00:00"
"2026/crlsa-2026_5146.json","2026-09-11T04:19:43.632609+00:00"
"2026/crlsa-2026_19146.json","2026-09-11T04:19:43.504208+00:00"
"2026/crlsa-2026_19043.json","2026-09-11T04:19:43.324874+00:00"
"2026/crlsa-2026_15969.json","2026-09-11T04:19:43.164853+00:00"
"2026/crlsa-2026_55434.json","2026-09-11T04:19:42.872164+00:00"
"2025/crlsa-2025_8125.json","2026-09-11T04:19:39.832517+00:00"
"2026/crlsa-2026_37072.json","2026-09-11T04:19:39.659857+00:00"
"2025/crlsa-2025_8184.json","2026-09-11T04:19:39.489314+00:00"
"2025/crlsa-2025_7956.json","2026-09-11T04:19:39.178555+00:00"
"2026/crlsa-2026_4713.json","2026-09-11T04:19:38.370940+00:00"
"2026/crlsa-2026_59220.json","2026-09-11T04:19:38.160247+00:00"
"2025/crlsa-2025_10855.json","2026-09-11T04:19:37.712257+00:00"
"2025/crlsa-2025_8137.json","2026-09-11T04:19:37.311845+00:00"
"2025/crlsa-2025_21281.json","2026-09-11T04:19:35.578056+00:00"
"2025/crlsa-2025_7524.json","2026-09-11T04:19:32.143290+00:00"
"2025/crlsa-2025_14625.json","2026-09-11T04:19:31.084600+00:00"
"2025/crlsa-2025_7466.json","2026-09-11T04:19:30.820289+00:00"
"2026/crlsa-2026_33093.json","2026-09-11T04:19:29.483886+00:00"
"2025/crlsa-2025_7478.json","2026-09-11T04:19:26.626025+00:00"
"2026/crlsa-2026_0594.json","2026-09-11T04:19:26.368978+00:00"
"2026/crlsa-2026_25930.json","2026-09-11T04:19:25.771485+00:00"
"2026/crlsa-2026_13643.json","2026-09-11T04:19:23.555024+00:00"
"2025/crlsa-2025_8131.json","2026-09-11T04:19:20.899585+00:00"
"2026/crlsa-2026_25216.json","2026-09-11T04:19:20.505504+00:00"
"2026/crlsa-2026_7680.json","2026-09-11T04:19:18.708495+00:00"
"2026/crlsa-2026_2230.json","2026-09-11T04:19:18.551417+00:00"
"2025/crlsa-2025_23052.json","2026-09-11T04:19:15.617003+00:00"
"2026/crlsa-2026_2410.json","2026-09-11T04:19:12.883667+00:00"
"2026/crlsa-2026_54481.json","2026-09-11T04:19:12.568805+00:00"
"2026/crlsa-2026_2225.json","2026-09-11T04:19:11.240984+00:00"
"2026/crlsa-2026_8470.json","2026-09-11T04:19:11.020135+00:00"
"2026/crlsa-2026_0128.json","2026-09-11T04:19:10.050411+00:00"
"2026/crlsa-2026_12285.json","2026-09-11T04:19:09.796306+00:00"
"2025/crlsa-2025_9328.json","2026-09-11T04:19:09.081563+00:00"
"2026/crlsa-2026_29035.json","2026-09-11T04:18:59.308547+00:00"
"2026/crlsa-2026_33540.json","2026-09-11T04:18:58.494855+00:00"
"2026/crlsa-2026_21286.json","2026-09-11T04:18:50.304272+00:00"
"2025/crlsa-2025_21015.json","2026-09-11T04:18:48.972762+00:00"
"2025/crlsa-2025_21034.json","2026-09-11T04:18:46.242179+00:00"
"2026/crlsa-2026_20693.json","2026-09-11T04:18:45.293181+00:00"
"2026/crlsa-2026_2706.json","2026-09-11T04:18:40.146261+00:00"
"2025/crlsa-2025_8493.json","2026-09-11T04:18:39.776261+00:00"
"2025/crlsa-2025_22012.json","2026-09-11T04:18:38.274525+00:00"
"2025/crlsa-2025_23484.json","2026-09-11T04:18:37.291302+00:00"
"2025/crlba-2025_6470.json","2026-09-11T04:18:37.084656+00:00"
"2026/crlsa-2026_19017.json","2026-09-11T04:18:36.954407+00:00"
"2025/crlsa-2025_14510.json","2026-09-11T04:18:35.219534+00:00"
"2026/crlsa-2026_42096.json","2026-09-11T04:18:33.963575+00:00"
"2026/crlsa-2026_6632.json","2026-09-11T04:18:31.890541+00:00"
"2026/crlsa-2026_3864.json","2026-09-11T04:18:29.468328+00:00"
"2026/crlsa-2026_1472.json","2026-09-11T04:18:29.290753+00:00"
"2026/crlsa-2026_61340.json","2026-09-11T04:18:28.191192+00:00"
"2026/crlsa-2026_53845.json","2026-09-11T04:18:27.170272+00:00"
"2026/crlsa-2026_36749.json","2026-09-11T04:18:25.917930+00:00"
"2025/crlsa-2025_23294.json","2026-09-11T04:18:25.481534+00:00"
"2025/crlsa-2025_16115.json","2026-09-11T04:18:21.245193+00:00"
"2026/crlsa-2026_28000.json","2026-09-11T04:18:12.382717+00:00"
"2026/crlsa-2026_36320.json","2026-09-11T04:18:12.105793+00:00"
"2026/crlsa-2026_6388.json","2026-09-11T04:18:09.955378+00:00"
"2026/crlsa-2026_36673.json","2026-09-11T04:18:09.067099+00:00"
"2026/crlsa-2026_4717.json","2026-09-11T04:18:08.502679+00:00"
"2026/crlsa-2026_8858.json","2026-09-11T04:18:08.254169+00:00"
"2026/crlsa-2026_49514.json","2026-09-11T04:18:07.063305+00:00"
"2026/crlsa-2026_47757.json","2026-09-11T04:18:06.931370+00:00"
"2026/crlsa-2026_19024.json","2026-09-11T04:18:06.405717+00:00"
"2026/crlsa-2026_9264.json","2026-09-11T04:18:04.106686+00:00"
"2026/crlsa-2026_33124.json","2026-09-11T04:18:03.237117+00:00"
"2026/crlsa-2026_6259.json","2026-09-11T04:18:00.337513+00:00"
"2026/crlsa-2026_0237.json","2026-09-11T04:17:58.916150+00:00"
"2025/crlsa-2025_16441.json","2026-09-11T04:17:58.159836+00:00"
"2025/crlsa-2025_20095.json","2026-09-11T04:17:55.188891+00:00"
"2025/crlsa-2025_17429.json","2026-09-11T04:17:53.378974+00:00"
"2026/crlsa-2026_9638.json","2026-09-11T04:17:53.008159+00:00"
"2026/crlsa-2026_16692.json","2026-09-11T04:17:48.887372+00:00"
"2026/crlsa-2026_24716.json","2026-09-11T04:17:47.298840+00:00"
"2026/crlsa-2026_38489.json","2026-09-11T04:17:47.176776+00:00"
"2026/crlsa-2026_47101.json","2026-09-11T04:17:46.854284+00:00"
"2025/crlsa-2025_9166.json","2026-09-11T04:17:45.622839+00:00"
"2026/crlsa-2026_55448.json","2026-09-11T04:17:45.125643+00:00"
"2026/crlsa-2026_2282.json","2026-09-11T04:17:44.709257+00:00"
"2025/crlsa-2025_9148.json","2026-09-11T04:17:43.953806+00:00"
"2025/crlsa-2025_9063.json","2026-09-11T04:17:43.445525+00:00"
"2026/crlsa-2026_55892.json","2026-09-11T04:17:43.197606+00:00"
"2026/crlsa-2026_1715.json","2026-09-11T04:17:42.713323+00:00"
"2026/crlsa-2026_54178.json","2026-09-11T04:17:41.431134+00:00"
"2026/crlsa-2026_24348.json","2026-09-11T04:17:39.783588+00:00"
"2026/crlsa-2026_59972.json","2026-09-11T04:17:39.438519+00:00"
"2026/crlsa-2026_48032.json","2026-09-11T04:17:39.022830+00:00"
"2026/crlsa-2026_60004.json","2026-09-11T04:17:36.979700+00:00"
"2026/crlsa-2026_19021.json","2026-09-11T04:17:35.422010+00:00"
"2025/crlsa-2025_23738.json","2026-09-11T04:17:34.311126+00:00"
"2026/crlsa-2026_19073.json","2026-09-11T04:17:33.839504+00:00"
"2026/crlsa-2026_8840.json","2026-09-11T04:17:33.421571+00:00"
"2026/crlsa-2026_28584.json","2026-09-11T04:17:33.136731+00:00"
"2026/crlsa-2026_36788.json","2026-09-11T04:17:28.124473+00:00"
"2025/crlsa-2025_19156.json","2026-09-11T04:17:28.026824+00:00"
"2026/crlsa-2026_3297.json","2026-09-11T04:17:27.867200+00:00"
"2025/crlsa-2025_23295.json","2026-09-11T04:17:27.537419+00:00"
"2026/crlsa-2026_18064.json","2026-09-11T04:17:27.058808+00:00"
"2026/crlsa-2026_52841.json","2026-09-11T04:17:25.451626+00:00"
"2025/crlsa-2025_7489.json","2026-09-11T04:17:24.283411+00:00"
"2025/crlsa-2025_11332.json","2026-09-11T04:17:23.165247+00:00"
"2025/crlsa-2025_19435.json","2026-09-11T04:17:22.769660+00:00"
"2026/crlsa-2026_48170.json","2026-09-11T04:17:21.981682+00:00"
"2025/crlsa-2025_17119.json","2026-09-11T04:17:17.935314+00:00"
"2026/crlsa-2026_19159.json","2026-09-11T04:17:16.819106+00:00"
"2025/crlsa-2025_9420.json","2026-09-11T04:17:11.977171+00:00"
"2026/crlsa-2026_18063.json","2026-09-11T04:17:11.795710+00:00"
"2026/crlsa-2026_7666.json","2026-09-11T04:17:06.269464+00:00"
"2026/crlsa-2026_21754.json","2026-09-11T04:17:06.089241+00:00"
"2026/crlsa-2026_26566.json","2026-09-11T04:17:03.598632+00:00"
"2026/crlsa-2026_58902.json","2026-09-11T04:17:03.387913+00:00"
"2026/crlsa-2026_41892.json","2026-09-11T04:17:03.042045+00:00"
"2026/crlsa-2026_0786.json","2026-09-11T04:17:02.287673+00:00"
"2025/crlsa-2025_16904.json","2026-09-11T04:16:54.528667+00:00"
"2026/crlsa-2026_53330.json","2026-09-11T04:16:52.449581+00:00"
"2025/crlsa-2025_18183.json","2026-09-11T04:16:49.175394+00:00"
"2026/crlsa-2026_36782.json","2026-09-11T04:16:48.993133+00:00"
"2026/crlsa-2026_49836.json","2026-09-11T04:16:48.704375+00:00"
"2026/crlsa-2026_28582.json","2026-09-11T04:16:48.047339+00:00"
"2026/crlsa-2026_6053.json","2026-09-11T04:16:47.550908+00:00"
"2025/crlsa-2025_8047.json","2026-09-11T04:16:46.485344+00:00"
"2026/crlsa-2026_64799.json","2026-09-11T04:16:45.663971+00:00"
"2026/crlsa-2026_61680.json","2026-09-11T04:16:43.706575+00:00"
"2026/crlsa-2026_27742.json","2026-09-11T04:16:42.951077+00:00"
"2025/crlsa-2025_9486.json","2026-09-11T04:16:41.900921+00:00"
"2025/crlsa-2025_14844.json","2026-09-11T04:16:41.560838+00:00"
"2026/crlsa-2026_47180.json","2026-09-11T04:16:32.749188+00:00"
"2026/crlsa-2026_4715.json","2026-09-11T04:16:32.224181+00:00"
"2025/crlsa-2025_7512.json","2026-09-11T04:16:30.090715+00:00"
"2026/crlsa-2026_55437.json","2026-09-11T04:16:25.573979+00:00"
"2026/crlsa-2026_0668.json","2026-09-11T04:16:20.579702+00:00"
"2026/crlsa-2026_5063.json","2026-09-11T04:16:20.290888+00:00"
"2025/crlsa-2025_21038.json","2026-09-11T04:16:19.884919+00:00"
"2026/crlsa-2026_13641.json","2026-09-11T04:16:19.443593+00:00"
"2026/crlsa-2026_28236.json","2026-09-11T04:16:19.325266+00:00"
"2026/crlsa-2026_61887.json","2026-09-11T04:16:18.272307+00:00"
"2026/crlsa-2026_62142.json","2026-09-11T04:16:17.273256+00:00"
"2026/crlsa-2026_30846.json","2026-09-11T04:16:16.152363+00:00"
"2025/crlsa-2025_14826.json","2026-09-11T04:16:16.001434+00:00"
"2026/crlsa-2026_22963.json","2026-09-11T04:16:14.700294+00:00"
"2026/crlsa-2026_63332.json","2026-09-11T04:16:12.775149+00:00"
"2026/crlsa-2026_55855.json","2026-09-11T04:16:06.556511+00:00"
"2026/crlsa-2026_36203.json","2026-09-11T04:16:05.734550+00:00"
"2026/crlsa-2026_60394.json","2026-09-11T04:16:05.221185+00:00"
"2025/crlsa-2025_18154.json","2026-09-11T04:16:04.349192+00:00"
"2025/crlsa-2025_20145.json","2026-09-11T04:16:04.137205+00:00"
"2026/crlsa-2026_49508.json","2026-09-11T04:16:02.639094+00:00"
"2026/crlsa-2026_36189.json","2026-09-11T04:16:02.198521+00:00"
"2026/crlsa-2026_30857.json","2026-09-11T04:16:02.004163+00:00"
"2026/crlsa-2026_19149.json","2026-09-11T04:16:01.698270+00:00"
"2026/crlsa-2026_50142.json","2026-09-11T04:16:00.641984+00:00"
"2026/crlsa-2026_38513.json","2026-09-11T04:15:58.797425+00:00"
"2026/crlsa-2026_27733.json","2026-09-11T04:15:57.131760+00:00"
"2026/crlsa-2026_23231.json","2026-09-11T04:15:56.534032+00:00"
"2026/crlsa-2026_65887.json","2026-09-11T04:15:56.276138+00:00"
"2026/crlsa-2026_0770.json","2026-09-11T04:15:56.155287+00:00"
"2025/crlsa-2025_7476.json","2026-09-11T04:15:52.452516+00:00"
"2026/crlsa-2026_10767.json","2026-09-11T04:15:51.999921+00:00"
"2026/crlsa-2026_65162.json","2026-09-11T04:15:51.067135+00:00"
"2026/crlsa-2026_65899.json","2026-09-11T04:15:50.878949+00:00"
"2026/crlsa-2026_53435.json","2026-09-11T04:15:50.637443+00:00"
"2026/crlsa-2026_0108.json","2026-09-11T04:15:48.136909+00:00"
"2026/crlsa-2026_59379.json","2026-09-11T04:15:45.340246+00:00"
"2025/crlsa-2025_11855.json","2026-09-11T04:15:43.876374+00:00"
"2026/crlsa-2026_38492.json","2026-09-11T04:15:38.554752+00:00"
"2026/crlsa-2026_38499.json","2026-09-11T04:15:34.837047+00:00"
"2026/crlsa-2026_48585.json","2026-09-11T04:15:29.611467+00:00"
"2026/crlsa-2026_18421.json","2026-09-11T04:15:28.462472+00:00"
"2026/crlsa-2026_22325.json","2026-09-11T04:15:27.835336+00:00"
"2025/crlsa-2025_21816.json","2026-09-11T04:15:26.425936+00:00"
"2026/crlsa-2026_13498.json","2026-09-11T04:15:25.961214+00:00"
"2025/crlsa-2025_7599.json","2026-09-11T04:15:23.936262+00:00"
"2026/crlsa-2026_19142.json","2026-09-11T04:15:18.859706+00:00"
"2025/crlsa-2025_10873.json","2026-09-11T04:15:17.199916+00:00"
"2026/crlsa-2026_6825.json","2026-09-11T04:15:16.607924+00:00"
"2025/crlsa-2025_11933.json","2026-09-11T04:15:14.324101+00:00"
"2026/crlsa-2026_35842.json","2026-09-11T04:15:12.064984+00:00"
"2026/crlsa-2026_61376.json","2026-09-11T04:15:11.829572+00:00"
"2026/crlsa-2026_55679.json","2026-09-11T04:15:11.537384+00:00"
"2026/crlsa-2026_0845.json","2026-09-11T04:15:11.353691+00:00"
"2025/crlsa-2025_10635.json","2026-09-11T04:15:09.054884+00:00"
"2026/crlsa-2026_34109.json","2026-09-11T04:15:05.102052+00:00"
"2026/crlsa-2026_40833.json","2026-09-11T04:15:02.840670+00:00"
"2026/crlsa-2026_13380.json","2026-09-11T04:15:02.108298+00:00"
"2025/crlsa-2025_20126.json","2026-09-11T04:15:00.085271+00:00"
"2025/crlsa-2025_21220.json","2026-09-11T04:14:57.818128+00:00"
"2025/crlsa-2025_19106.json","2026-09-11T04:14:56.165371+00:00"
"2025/crlsa-2025_18152.json","2026-09-11T04:14:54.960005+00:00"
"2026/crlsa-2026_6463.json","2026-09-11T04:14:53.312116+00:00"
"2026/crlsa-2026_16062.json","2026-09-11T04:14:51.694950+00:00"
"2026/crlsa-2026_0002.json","2026-09-11T04:14:43.202405+00:00"
"2025/crlsa-2025_21032.json","2026-09-11T04:14:43.088003+00:00"
"2026/crlsa-2026_51075.json","2026-09-11T04:14:42.115538+00:00"
"2026/crlsa-2026_39297.json","2026-09-11T04:14:38.019617+00:00"
"2026/crlsa-2026_46395.json","2026-09-11T04:14:37.104177+00:00"
"2026/crlsa-2026_0606.json","2026-09-11T04:14:37.003039+00:00"
"2025/crlsa-2025_11428.json","2026-09-11T04:14:35.828108+00:00"
"2026/crlsa-2026_55541.json","2026-09-11T04:14:34.556820+00:00"
"2025/crlsa-2025_22394.json","2026-09-11T04:14:31.659972+00:00"
"2026/crlsa-2026_3887.json","2026-09-11T04:14:31.365251+00:00"
"2025/crlsa-2025_19720.json","2026-09-11T04:14:30.864783+00:00"
"2026/crlsa-2026_18142.json","2026-09-11T04:14:30.707953+00:00"
"2026/crlsa-2026_22711.json","2026-09-11T04:14:29.795528+00:00"
"2026/crlsa-2026_46394.json","2026-09-11T04:14:29.569162+00:00"
"2026/crlsa-2026_54576.json","2026-09-11T04:14:29.473826+00:00"
"2026/crlsa-2026_56965.json","2026-09-11T04:14:27.379753+00:00"
"2026/crlsa-2026_1714.json","2026-09-11T04:14:25.382073+00:00"
"2025/crlsa-2025_9178.json","2026-09-11T04:14:23.745358+00:00"
"2026/crlsa-2026_64785.json","2026-09-11T04:14:23.523423+00:00"
"2025/crlsa-2025_23035.json","2026-09-11T04:14:19.941552+00:00"
"2026/crlsa-2026_32990.json","2026-09-11T04:14:19.097684+00:00"
"2026/crlsa-2026_18153.json","2026-09-11T04:14:18.571251+00:00"
"2026/crlba-2026_28238.json","2026-09-11T04:14:17.248338+00:00"
"2026/crlsa-2026_19128.json","2026-09-11T04:14:14.719068+00:00"
"2026/crlsa-2026_5941.json","2026-09-11T04:14:14.324979+00:00"
"2026/crlsa-2026_1696.json","2026-09-11T04:14:13.511056+00:00"
"2026/crlsa-2026_21757.json","2026-09-11T04:14:13.072012+00:00"
"2026/crlsa-2026_1086.json","2026-09-11T04:14:12.437405+00:00"
"2026/crlsa-2026_19127.json","2026-09-11T04:14:11.042778+00:00"
"2025/crlsa-2025_10549.json","2026-09-11T04:14:09.988460+00:00"
"2026/crlsa-2026_1905.json","2026-09-11T04:14:09.655276+00:00"
"2026/crlsa-2026_24470.json","2026-09-11T04:14:09.192236+00:00"
"2026/crlsa-2026_2222.json","2026-09-11T04:14:08.750521+00:00"
"2026/crlsa-2026_38494.json","2026-09-11T04:14:04.923515+00:00"
"2026/crlsa-2026_55858.json","2026-09-11T04:14:04.333867+00:00"
"2026/crlsa-2026_65998.json","2026-09-11T04:14:03.858031+00:00"
"2026/crlsa-2026_65897.json","2026-09-11T04:14:03.773508+00:00"
"2026/crlsa-2026_66016.json","2026-09-11T04:14:03.166621+00:00"
"2026/crlsa-2026_61586.json","2026-09-11T04:14:01.278107+00:00"
"2026/crlsa-2026_64809.json","2026-09-10T07:01:40.981953+00:00"
"2026/crlsa-2026_64772.json","2026-09-10T07:01:40.873485+00:00"
"2026/crlsa-2026_65147.json","2026-09-10T07:01:40.682871+00:00"
"2026/crlsa-2026_65160.json","2026-09-10T07:01:40.481084+00:00"
"2026/crlsa-2026_64823.json","2026-09-10T07:01:40.405133+00:00"
"2026/crlsa-2026_64791.json","2026-09-10T07:01:40.289688+00:00"
"2026/crlsa-2026_64770.json","2026-09-10T07:01:40.145232+00:00"
"2026/crlsa-2026_64807.json","2026-09-10T07:01:40.025521+00:00"
"2026/crlsa-2026_64784.json","2026-09-10T07:01:39.880689+00:00"
"2026/crlsa-2026_65153.json","2026-09-10T07:01:39.681150+00:00"
"2026/crlsa-2026_64774.json","2026-09-10T07:01:39.514485+00:00"
"2026/crlsa-2026_64812.json","2026-09-10T07:01:39.413779+00:00"
"2026/crlsa-2026_64815.json","2026-09-10T07:01:39.217463+00:00"
"2026/crlsa-2026_64800.json","2026-09-10T07:01:39.058482+00:00"
"2026/crlsa-2026_64824.json","2026-09-10T07:01:38.549547+00:00"
"2026/crlsa-2026_64808.json","2026-09-10T07:01:38.163451+00:00"
"2026/crlsa-2026_65158.json","2026-09-10T07:01:37.305213+00:00"
"2026/crlsa-2026_65120.json","2026-09-10T07:01:37.196739+00:00"
"2026/crlsa-2026_65117.json","2026-09-10T07:01:37.071883+00:00"
"2026/crlsa-2026_65832.json","2026-09-10T07:01:32.591544+00:00"
"2026/crlsa-2026_65606.json","2026-09-10T07:01:32.511012+00:00"
"2026/crlsa-2026_65886.json","2026-09-10T07:01:32.025884+00:00"
"2026/crlsa-2026_65993.json","2026-09-10T07:01:31.888388+00:00"
"2026/crlsa-2026_64794.json","2026-09-09T07:01:29.219264+00:00"
"2026/crlsa-2026_63129.json","2026-09-06T07:01:45.908746+00:00"
"2026/crlsa-2026_63014.json","2026-09-05T07:02:03.797623+00:00"
"2026/crlsa-2026_63163.json","2026-09-05T07:02:02.548748+00:00"
"2026/crlsa-2026_63013.json","2026-09-05T07:01:58.572959+00:00"
"2026/crlsa-2026_63136.json","2026-09-05T07:01:58.432281+00:00"
"2026/crlsa-2026_63124.json","2026-09-05T07:01:57.143840+00:00"
"2026/crlsa-2026_62583.json","2026-09-04T07:01:49.417068+00:00"
"2026/crlsa-2026_62667.json","2026-09-04T07:01:49.236258+00:00"
"2026/crlsa-2026_62407.json","2026-09-04T07:01:49.152750+00:00"
"2026/crlsa-2026_62420.json","2026-09-04T07:01:49.059482+00:00"
"2026/crlsa-2026_62425.json","2026-09-04T07:01:48.968916+00:00"
"2026/crlsa-2026_62571.json","2026-09-04T07:01:48.856588+00:00"
"2026/crlsa-2026_62406.json","2026-09-04T07:01:48.551257+00:00"
"2026/crlsa-2026_62218.json","2026-09-03T07:01:53.494956+00:00"
"2026/crlsa-2026_62144.json","2026-09-03T07:01:53.392981+00:00"
"2026/crlsa-2026_62219.json","2026-09-03T07:01:53.307828+00:00"
"2026/crlsa-2026_62334.json","2026-09-03T07:01:53.001013+00:00"
"2026/crlsa-2026_61903.json","2026-09-03T07:01:51.545210+00:00"
"2026/crlsa-2026_62143.json","2026-09-03T07:01:50.104468+00:00"
"2026/crlsa-2026_62217.json","2026-09-03T07:01:49.755730+00:00"
"2026/crlsa-2026_62170.json","2026-09-03T07:01:49.581303+00:00"
"2026/crlsa-2026_62507.json","2026-09-03T07:01:48.520027+00:00"
"2022/crlsa-2022_1730.json","2026-09-01T23:51:07.054285+00:00"
"2025/crlsa-2025_18149.json","2026-09-01T23:51:06.940701+00:00"
"2021/crlsa-2021_0706.json","2026-09-01T23:51:06.298900+00:00"
"2023/crlsa-2023_2589.json","2026-09-01T23:51:04.767502+00:00"
"2026/crlsa-2026_1592.json","2026-09-01T23:51:04.610946+00:00"
"2023/crlsa-2023_4468.json","2026-09-01T23:51:04.495698+00:00"
"2026/crlsa-2026_42899.json","2026-09-01T23:51:04.200602+00:00"
"2022/crlsa-2022_4798.json","2026-09-01T23:51:02.492805+00:00"
"2025/crlsa-2025_7598.json","2026-09-01T23:51:00.830763+00:00"
"2022/crlsa-2022_8162.json","2026-09-01T23:50:59.886691+00:00"
"2024/crlsa-2024_8127.json","2026-09-01T23:50:59.632396+00:00"
"2023/crlsa-2023_1591.json","2026-09-01T23:50:58.179472+00:00"
"2025/crlsa-2025_4488.json","2026-09-01T23:50:57.828485+00:00"
"2025/crlsa-2025_0922.json","2026-09-01T23:50:56.904352+00:00"
"2025/crlsa-2025_0925.json","2026-09-01T23:50:56.607241+00:00"
"2023/crlsa-2023_7052.json","2026-09-01T23:50:56.216501+00:00"
"2024/crlsa-2024_4351.json","2026-09-01T23:50:55.769283+00:00"
"2024/crlsa-2024_4256.json","2026-09-01T23:50:51.673994+00:00"
"2025/crlsa-2025_1582.json","2026-09-01T23:50:51.441859+00:00"
"2026/crlsa-2026_36674.json","2026-09-01T23:50:51.262093+00:00"
"2026/crlsa-2026_58982.json","2026-09-01T23:50:50.836620+00:00"
"2025/crlsa-2025_1443.json","2026-09-01T23:50:50.668612+00:00"
"2021/crlsa-2021_1600.json","2026-09-01T23:50:50.507094+00:00"
"2025/crlsa-2025_0161.json","2026-09-01T23:50:50.382075+00:00"
"2025/crlsa-2025_14573.json","2026-09-01T23:50:50.237743+00:00"
"2024/crlsa-2024_0966.json","2026-09-01T23:50:50.141306+00:00"
"2022/crlsa-2022_6157.json","2026-09-01T23:50:49.976889+00:00"
"2025/crlsa-2025_11747.json","2026-09-01T23:50:49.607512+00:00"
"2025/crlsa-2025_9080.json","2026-09-01T23:50:49.449450+00:00"
"2021/crlsa-2021_1744.json","2026-09-01T23:50:47.949961+00:00"
"2024/crlsa-2024_8117.json","2026-09-01T23:50:47.609453+00:00"
"2025/crlsa-2025_23481.json","2026-09-01T23:50:46.337156+00:00"
"2026/crlsa-2026_8155.json","2026-09-01T23:50:46.035736+00:00"
"2026/crlsa-2026_47103.json","2026-09-01T23:50:45.769049+00:00"
"2025/crlsa-2025_1741.json","2026-09-01T23:50:45.623051+00:00"
"2025/crlsa-2025_14075.json","2026-09-01T23:50:44.704343+00:00"
"2023/crlsa-2023_4527.json","2026-09-01T23:50:44.486742+00:00"
"2022/crlsa-2022_6964.json","2026-09-01T23:50:43.903777+00:00"
"2025/crlsa-2025_3262.json","2026-09-01T23:50:43.680483+00:00"
"2025/crlsa-2025_17715.json","2026-09-01T23:50:43.132099+00:00"
"2026/crlsa-2026_46396.json","2026-09-01T23:50:42.934152+00:00"
"2025/crlsa-2025_21232.json","2026-09-01T23:50:42.597034+00:00"
"2024/crlsa-2024_2722.json","2026-09-01T23:50:36.357268+00:00"
"2022/crlsa-2022_7585.json","2026-09-01T23:50:32.793765+00:00"
"2024/crlsa-2024_6146.json","2026-09-01T23:50:32.610573+00:00"
"2021/crlsa-2021_4426.json","2026-09-01T23:50:32.229936+00:00"
"2026/crlsa-2026_47184.json","2026-09-01T23:50:31.952614+00:00"
"2025/crlsa-2025_7419.json","2026-09-01T23:50:31.788338+00:00"
"2025/crlsa-2025_1215.json","2026-09-01T23:50:31.655404+00:00"
"2023/crlsa-2023_2177.json","2026-09-01T23:50:31.462553+00:00"
"2024/crlsa-2024_0675.json","2026-09-01T23:50:31.219004+00:00"
"2026/crlsa-2026_29151.json","2026-09-01T23:50:30.986558+00:00"
"2022/crlsa-2022_6775.json","2026-09-01T23:50:29.936200+00:00"
"2023/crlsa-2023_2810.json","2026-09-01T23:50:29.766985+00:00"
"2021/crlsa-2021_1675.json","2026-09-01T23:50:29.390570+00:00"
"2022/crlsa-2022_4887.json","2026-09-01T23:50:28.949530+00:00"
"2021/crlsa-2021_4339.json","2026-09-01T23:50:28.726844+00:00"
"2026/crlsa-2026_0125.json","2026-09-01T23:50:28.590408+00:00"
"2025/crlsa-2025_15018.json","2026-09-01T23:50:28.486157+00:00"
"2024/crlsa-2024_3955.json","2026-09-01T23:50:27.153949+00:00"
"2024/crlsa-2024_7867.json","2026-09-01T23:50:26.975584+00:00"
"2022/crlsa-2022_0896.json","2026-09-01T23:50:26.506293+00:00"
"2021/crlsa-2021_1582.json","2026-09-01T23:50:23.158751+00:00"
"2022/crlsa-2022_0825.json","2026-09-01T23:50:23.039593+00:00"
"2024/crlsa-2024_1311.json","2026-09-01T23:50:22.600260+00:00"
"2022/crlsa-2022_8400.json","2026-09-01T23:50:22.263191+00:00"
"2022/crlsa-2022_7935.json","2026-09-01T23:50:22.084340+00:00"
"2021/crlsa-2021_4387.json","2026-09-01T23:50:22.006926+00:00"
"2025/crlsa-2025_15023.json","2026-09-01T23:50:21.709310+00:00"
"2026/crlsa-2026_0241.json","2026-09-01T23:50:20.958872+00:00"
"2026/crlsa-2026_13657.json","2026-09-01T23:50:20.798387+00:00"
"2026/crlsa-2026_1903.json","2026-09-01T23:50:20.535963+00:00"
"2026/crlsa-2026_0445.json","2026-09-01T23:50:19.693485+00:00"
"2021/crlsa-2021_0618.json","2026-09-01T23:50:18.263242+00:00"
"2025/crlsa-2025_1372.json","2026-09-01T23:50:18.143885+00:00"
"2022/crlsa-2022_8317.json","2026-09-01T23:50:16.959956+00:00"
"2026/crlsa-2026_16196.json","2026-09-01T23:50:15.621212+00:00"
"2023/crlsa-2023_2893.json","2026-09-01T23:50:15.472926+00:00"
"2021/crlsa-2021_4326.json","2026-09-01T23:50:15.416436+00:00"
"2026/crlsa-2026_16482.json","2026-09-01T23:50:15.212085+00:00"
"2023/crlsa-2023_7256.json","2026-09-01T23:50:14.834460+00:00"
"2026/crlsa-2026_9131.json","2026-09-01T23:50:14.663076+00:00"
"2026/crlsa-2026_9689.json","2026-09-01T23:50:14.197616+00:00"
"2021/crlsa-2021_4135.json","2026-09-01T23:50:11.185667+00:00"
"2026/crlsa-2026_0422.json","2026-09-01T23:50:10.367259+00:00"
"2026/crlsa-2026_6382.json","2026-09-01T23:50:10.152290+00:00"
"2024/crlsa-2024_0606.json","2026-09-01T23:50:09.819414+00:00"
"2025/crlsa-2025_0144.json","2026-09-01T23:50:09.649698+00:00"
"2026/crlsa-2026_25925.json","2026-09-01T23:50:09.562459+00:00"
"2020/crlsa-2020_0348.json","2026-09-01T23:50:09.389560+00:00"
"2026/crlsa-2026_4442.json","2026-09-01T23:50:08.935591+00:00"
"2020/crlsa-2020_0633.json","2026-09-01T23:50:08.729120+00:00"
"2025/crlsa-2025_20963.json","2026-09-01T23:50:08.591461+00:00"
"2026/crlsa-2026_0444.json","2026-09-01T23:50:08.276141+00:00"
"2024/crlsa-2024_3267.json","2026-09-01T23:50:06.232519+00:00"
"2026/crlsa-2026_5581.json","2026-09-01T23:50:05.604325+00:00"
"2026/crlsa-2026_19201.json","2026-09-01T23:50:04.779364+00:00"
"2024/crlsa-2024_3618.json","2026-09-01T23:50:04.548360+00:00"
"2024/crlsa-2024_10858.json","2026-09-01T23:50:04.091197+00:00"
"2022/crlsa-2022_7959.json","2026-09-01T23:50:03.488045+00:00"
"2019/crlsa-2019_3735.json","2026-09-01T23:50:03.356672+00:00"
"2026/crlsa-2026_24340.json","2026-09-01T23:50:03.084336+00:00"
"2021/crlsa-2021_1935.json","2026-09-01T23:50:02.977264+00:00"
"2025/crlsa-2025_23062.json","2026-09-01T23:50:02.625314+00:00"
"2019/crlsa-2019_3476.json","2026-09-01T23:50:01.770207+00:00"
"2026/crlsa-2026_6390.json","2026-09-01T23:50:01.665682+00:00"
"2026/crlsa-2026_55765.json","2026-09-01T23:50:01.508676+00:00"
"2026/crlsa-2026_6621.json","2026-09-01T23:50:01.346015+00:00"
"2026/crlsa-2026_47731.json","2026-09-01T23:50:00.816600+00:00"
"2026/crlsa-2026_1148.json","2026-09-01T23:50:00.679523+00:00"
"2025/crlsa-2025_21139.json","2026-09-01T23:50:00.523993+00:00"
"2026/crlsa-2026_26533.json","2026-09-01T23:50:00.456595+00:00"
"2026/crlsa-2026_49511.json","2026-09-01T23:49:59.767111+00:00"
"2024/crlsa-2024_0387.json","2026-09-01T23:49:59.632754+00:00"
"2026/crlsa-2026_55787.json","2026-09-01T23:49:58.957586+00:00"
"2026/crlsa-2026_38491.json","2026-09-01T23:49:58.359181+00:00"
"2022/crlsa-2022_7326.json","2026-09-01T23:49:56.916314+00:00"
"2026/crlsa-2026_7671.json","2026-09-01T23:49:56.756810+00:00"
"2023/crlsa-2023_5863.json","2026-09-01T23:49:56.593048+00:00"
"2024/crlsa-2024_1784.json","2026-09-01T23:49:56.512314+00:00"
"2020/crlsa-2020_1581.json","2026-09-01T23:49:56.240940+00:00"
"2025/crlsa-2025_7094.json","2026-09-01T23:49:56.095126+00:00"
"2024/crlsa-2024_1781.json","2026-09-01T23:49:55.944957+00:00"
"2024/crlsa-2024_9194.json","2026-09-01T23:49:55.679238+00:00"
"2026/crlsa-2026_6300.json","2026-09-01T23:49:55.578449+00:00"
"2023/crlsa-2023_5998.json","2026-09-01T23:49:54.725181+00:00"
"2026/crlsa-2026_3334.json","2026-09-01T23:49:52.933481+00:00"
"2026/crlsa-2026_19213.json","2026-09-01T23:49:52.667963+00:00"
"2021/crlsa-2021_2743.json","2026-09-01T23:49:51.965686+00:00"
"2026/crlsa-2026_2224.json","2026-09-01T23:49:51.872598+00:00"
"2024/crlsa-2024_10943.json","2026-09-01T23:49:51.626751+00:00"
"2023/crlsa-2023_4102.json","2026-09-01T23:49:51.175684+00:00"
"2023/crlsa-2023_0953.json","2026-09-01T23:49:50.630555+00:00"
"2026/crlsa-2026_9683.json","2026-09-01T23:49:50.257088+00:00"
"2024/crlsa-2024_8038.json","2026-09-01T23:49:49.683391+00:00"
"2022/crlsa-2022_5337.json","2026-09-01T23:49:48.355764+00:00"
"2023/crlsa-2023_0110.json","2026-09-01T23:49:48.174785+00:00"
"2022/crlsa-2022_6999.json","2026-09-01T23:49:47.905084+00:00"
"2022/crlsa-2022_7458.json","2026-09-01T23:49:46.922629+00:00"
"2026/crlsa-2026_3338.json","2026-09-01T23:49:46.819401+00:00"
"2024/crlsa-2024_4620.json","2026-09-01T23:49:46.719985+00:00"
"2026/crlsa-2026_50979.json","2026-09-01T23:49:46.606286+00:00"
"2026/crlsa-2026_6570.json","2026-09-01T23:49:46.400841+00:00"
"2026/crlsa-2026_36728.json","2026-09-01T23:49:44.927121+00:00"
"2025/crlsa-2025_2868.json","2026-09-01T23:49:44.694356+00:00"
"2026/crlsa-2026_0238.json","2026-09-01T23:49:43.045953+00:00"
"2023/crlsa-2023_3948.json","2026-09-01T23:49:42.880004+00:00"
"2025/crlsa-2025_4658.json","2026-09-01T23:49:42.517108+00:00"
"2024/crlsa-2024_9128.json","2026-09-01T23:49:42.306286+00:00"
"2026/crlsa-2026_33481.json","2026-09-01T23:49:40.504878+00:00"
"2022/crlsa-2022_7648.json","2026-09-01T23:49:39.590896+00:00"
"2022/crlsa-2022_5948.json","2026-09-01T23:49:39.385454+00:00"
"2019/crlsa-2019_4269.json","2026-09-01T23:49:38.496226+00:00"
"2025/crlsa-2025_7427.json","2026-09-01T23:49:38.346963+00:00"
"2025/crlsa-2025_4051.json","2026-09-01T23:49:38.137056+00:00"
"2023/crlsa-2023_4497.json","2026-09-01T23:49:37.880609+00:00"
"2025/crlsa-2025_4492.json","2026-09-01T23:49:37.763358+00:00"
"2025/crlsa-2025_14130.json","2026-09-01T23:49:36.939855+00:00"
"2026/crlba-2026_47115.json","2026-09-01T23:49:36.671335+00:00"
"2025/crlsa-2025_10618.json","2026-09-01T23:49:36.536254+00:00"
"2025/crlsa-2025_19584.json","2026-09-01T23:49:36.389061+00:00"
"2021/crlsa-2021_3893.json","2026-09-01T23:49:36.192711+00:00"
"2026/crlsa-2026_19353.json","2026-09-01T23:49:35.735231+00:00"
"2025/crlsa-2025_3367.json","2026-09-01T23:49:35.518617+00:00"
"2024/crlsa-2024_8025.json","2026-09-01T23:49:35.151100+00:00"
"2023/crlsa-2023_1879.json","2026-09-01T23:49:34.992412+00:00"
"2024/crlsa-2024_2985.json","2026-09-01T23:49:34.406129+00:00"
"2024/crlsa-2024_9181.json","2026-09-01T23:49:33.438871+00:00"
"2025/crlsa-2025_15008.json","2026-09-01T23:49:32.955058+00:00"
"2024/crlsa-2024_0105.json","2026-09-01T23:49:31.926431+00:00"
"2021/crlsa-2021_2717.json","2026-09-01T23:49:31.528314+00:00"
"2022/crlsa-2022_7007.json","2026-09-01T23:49:22.260784+00:00"
"2021/crlsa-2021_4235.json","2026-09-01T23:49:21.480019+00:00"
"2026/crlsa-2026_10774.json","2026-09-01T23:49:21.328881+00:00"
"2025/crlsa-2025_13578.json","2026-09-01T23:49:20.939033+00:00"
"2021/crlsa-2021_4321.json","2026-09-01T23:49:20.879331+00:00"
"2022/crlsa-2022_5819.json","2026-09-01T23:49:20.746106+00:00"
"2022/crlsa-2022_8222.json","2026-09-01T23:49:20.309893+00:00"
"2025/crlsa-2025_15099.json","2026-09-01T23:49:20.159332+00:00"
"2023/crlsa-2023_3593.json","2026-09-01T23:49:19.909793+00:00"
"2026/crlsa-2026_50728.json","2026-09-01T23:49:19.539248+00:00"
"2025/crlsa-2025_22417.json","2026-09-01T23:49:18.484556+00:00"
"2023/crlsa-2023_7083.json","2026-09-01T23:49:17.799862+00:00"
"2026/crlsa-2026_1254.json","2026-09-01T23:49:17.645178+00:00"
"2024/crlsa-2024_1063.json","2026-09-01T23:49:17.595762+00:00"
"2021/crlsa-2021_3073.json","2026-09-01T23:49:17.521640+00:00"
"2024/crlsa-2024_2952.json","2026-09-01T23:49:17.308263+00:00"
"2026/crlsa-2026_6286.json","2026-09-01T23:49:17.163547+00:00"
"2025/crlsa-2025_9432.json","2026-09-01T23:49:16.776986+00:00"
"2024/crlsa-2024_3826.json","2026-09-01T23:49:16.565802+00:00"
"2023/crlsa-2023_6746.json","2026-09-01T23:49:16.268484+00:00"
"2023/crlsa-2023_0095.json","2026-09-01T23:49:15.764526+00:00"
"2025/crlsa-2025_8057.json","2026-09-01T23:49:15.599686+00:00"
"2026/crlsa-2026_33501.json","2026-09-01T23:49:14.910134+00:00"
"2019/crlsa-2019_0975.json","2026-09-01T23:49:14.710011+00:00"
"2026/crlsa-2026_28923.json","2026-09-01T23:49:14.559147+00:00"
"2024/crlsa-2024_9452.json","2026-09-01T23:49:14.232981+00:00"
"2024/crlsa-2024_8678.json","2026-09-01T23:49:09.674995+00:00"
"2022/crlsa-2022_8643.json","2026-09-01T23:49:09.502955+00:00"
"2026/crlsa-2026_39319.json","2026-09-01T23:49:09.355494+00:00"
"2026/crlsa-2026_4458.json","2026-09-01T23:49:09.205078+00:00"
"2026/crlsa-2026_41896.json","2026-09-01T23:49:08.757649+00:00"
"2023/crlsa-2023_0302.json","2026-09-01T23:49:08.110985+00:00"
"2026/crlsa-2026_11521.json","2026-09-01T23:49:07.871653+00:00"
"2024/crlsa-2024_5693.json","2026-09-01T23:49:07.785367+00:00"
"2021/crlsa-2021_2238.json","2026-09-01T23:49:07.676619+00:00"
"2024/crlsa-2024_4212.json","2026-09-01T23:49:07.500235+00:00"
"2026/crlsa-2026_58938.json","2026-09-01T23:49:07.340013+00:00"
"2022/crlsa-2022_4805.json","2026-09-01T23:49:06.461420+00:00"
"2021/crlsa-2021_1631.json","2026-09-01T23:49:06.035544+00:00"
"2024/crlsa-2024_4241.json","2026-09-01T23:49:05.534299+00:00"
"2023/crlsa-2023_1337.json","2026-09-01T23:49:05.420457+00:00"
"2024/crlsa-2024_9195.json","2026-09-01T23:49:05.241380+00:00"
"2025/crlsa-2025_21110.json","2026-09-01T23:49:04.897081+00:00"
"2021/crlsa-2021_4591.json","2026-09-01T23:49:04.451470+00:00"
"2026/crlsa-2026_26180.json","2026-09-01T23:49:04.263921+00:00"
"2025/crlsa-2025_23210.json","2026-09-01T23:49:03.764361+00:00"
"2026/crlsa-2026_26410.json","2026-09-01T23:49:03.532285+00:00"
"2024/crlsa-2024_4231.json","2026-09-01T23:49:01.781350+00:00"
"2021/crlsa-2021_3497.json","2026-09-01T23:49:01.732507+00:00"
"2025/crlsa-2025_15010.json","2026-09-01T23:49:01.627486+00:00"
"2024/crlsa-2024_10384.json","2026-09-01T23:49:01.248348+00:00"
"2026/crlsa-2026_47117.json","2026-09-01T23:49:01.078492+00:00"
"2021/crlsa-2021_4241.json","2026-09-01T23:49:00.908460+00:00"
"2026/crlsa-2026_27354.json","2026-09-01T23:49:00.735901+00:00"
"2023/crlsa-2023_1919.json","2026-09-01T23:49:00.581121+00:00"
"2023/crlsa-2023_5201.json","2026-09-01T23:49:00.471002+00:00"
"2026/crlsa-2026_38995.json","2026-09-01T23:48:59.762496+00:00"
"2025/crlsa-2025_19434.json","2026-09-01T23:48:59.569045+00:00"
"2023/crlsa-2023_5428.json","2026-09-01T23:48:59.291863+00:00"
"2022/crlsa-2022_5564.json","2026-09-01T23:48:59.208116+00:00"
"2024/crlsa-2024_3954.json","2026-09-01T23:48:58.770533+00:00"
"2025/crlsa-2025_7417.json","2026-09-01T23:48:58.676984+00:00"
"2022/crlsa-2022_1861.json","2026-09-01T23:48:58.400892+00:00"
"2024/crlsa-2024_9051.json","2026-09-01T23:48:56.554748+00:00"
"2023/crlsa-2023_4176.json","2026-09-01T23:48:56.236200+00:00"
"2026/crlsa-2026_4168.json","2026-09-01T23:48:54.012198+00:00"
"2021/crlsa-2021_2361.json","2026-09-01T23:48:53.620194+00:00"
"2024/crlsa-2024_4928.json","2026-09-01T23:48:53.107250+00:00"
"2026/crlsa-2026_33503.json","2026-09-01T23:48:51.758116+00:00"
"2023/crlsa-2023_5849.json","2026-09-01T23:48:51.488491+00:00"
"2026/crlsa-2026_27717.json","2026-09-01T23:48:51.307202+00:00"
"2024/crlsa-2024_2979.json","2026-09-01T23:48:51.203936+00:00"
"2024/crlsa-2024_4517.json","2026-09-01T23:48:50.827230+00:00"
"2025/crlba-2025_20841.json","2026-09-01T23:48:50.730485+00:00"
"2024/crlsa-2024_8849.json","2026-09-01T23:48:50.561895+00:00"
"2024/crlsa-2024_0748.json","2026-09-01T23:48:50.442306+00:00"
"2026/crlsa-2026_1381.json","2026-09-01T23:48:48.937956+00:00"
"2024/crlsa-2024_5532.json","2026-09-01T23:48:48.688412+00:00"
"2026/crlsa-2026_8317.json","2026-09-01T23:48:48.369284+00:00"
"2026/crlsa-2026_33445.json","2026-09-01T23:48:47.880055+00:00"
"2026/crlsa-2026_22304.json","2026-09-01T23:48:47.791715+00:00"
"2024/crlsa-2024_3269.json","2026-09-01T23:48:47.633702+00:00"
"2023/crlsa-2023_2654.json","2026-09-01T23:48:44.048414+00:00"
"2019/crlsa-2019_0981.json","2026-09-01T23:48:43.889598+00:00"
"2026/crlsa-2026_19218.json","2026-09-01T23:48:42.898210+00:00"
"2019/crlsa-2019_3702.json","2026-09-01T23:48:42.597825+00:00"
"2026/crlsa-2026_10757.json","2026-09-01T23:48:42.275426+00:00"
"2024/crlsa-2024_8037.json","2026-09-01T23:48:42.096279+00:00"
"2025/crlsa-2025_3261.json","2026-09-01T23:48:41.758875+00:00"
"2022/crlsa-2022_1917.json","2026-09-01T23:48:41.212094+00:00"
"2025/crlsa-2025_10585.json","2026-09-01T23:48:40.850461+00:00"
"2025/crlsa-2025_20955.json","2026-09-01T23:48:40.671172+00:00"
"2025/crlsa-2025_21255.json","2026-09-01T23:48:40.484213+00:00"
"2024/crlsa-2024_4244.json","2026-09-01T23:48:40.037797+00:00"
"2026/crlsa-2026_16195.json","2026-09-01T23:48:39.967483+00:00"
"2026/crlsa-2026_7915.json","2026-09-01T23:48:39.518438+00:00"
"2024/crlsa-2024_5193.json","2026-09-01T23:48:39.081234+00:00"
"2023/crlsa-2023_1918.json","2026-09-01T23:48:38.693930+00:00"
"2024/crlsa-2024_4259.json","2026-09-01T23:48:38.346670+00:00"
"2024/crlsa-2024_1139.json","2026-09-01T23:48:38.062479+00:00"
"2021/crlsa-2021_2595.json","2026-09-01T23:48:37.642186+00:00"
"2025/crlsa-2025_0838.json","2026-09-01T23:48:37.439554+00:00"
"2020/crlsa-2020_1686.json","2026-09-01T23:48:37.306141+00:00"
"2022/crlsa-2022_0830.json","2026-09-01T23:48:37.156598+00:00"
"2025/crlsa-2025_7569.json","2026-09-01T23:48:36.993816+00:00"
"2025/crlsa-2025_22388.json","2026-09-01T23:48:36.790070+00:00"
"2023/crlsa-2023_0288.json","2026-09-01T23:48:36.553064+00:00"
"2026/crlsa-2026_55440.json","2026-09-01T23:48:36.137841+00:00"
"2026/crlsa-2026_2786.json","2026-09-01T23:48:35.398313+00:00"
"2021/crlsa-2021_2233.json","2026-09-01T23:48:28.546224+00:00"
"2025/crlsa-2025_8254.json","2026-09-01T23:48:28.457850+00:00"
"2023/crlsa-2023_5869.json","2026-09-01T23:48:28.376338+00:00"
"2021/crlsa-2021_1979.json","2026-09-01T23:48:27.719592+00:00"
"2022/crlsa-2022_5597.json","2026-09-01T23:48:27.388391+00:00"
"2023/crlsa-2023_3423.json","2026-09-01T23:48:27.313421+00:00"
"2026/crlsa-2026_4648.json","2026-09-01T23:48:27.079284+00:00"
"2026/crlsa-2026_19373.json","2026-09-01T23:48:26.818637+00:00"
"2025/crlsa-2025_10217.json","2026-09-01T23:48:26.451161+00:00"
"2026/crlsa-2026_42062.json","2026-09-01T23:48:25.421860+00:00"
"2025/crlsa-2025_3407.json","2026-09-01T23:48:25.033102+00:00"
"2026/crlsa-2026_47755.json","2026-09-01T23:48:24.656871+00:00"
"2025/crlsa-2025_4443.json","2026-09-01T23:48:24.352763+00:00"
"2025/crlsa-2025_14750.json","2026-09-01T23:48:24.174194+00:00"
"2026/crxsa-2026_50978.json","2026-09-01T23:48:23.652105+00:00"
"2019/crlsa-2019_3703.json","2026-09-01T23:48:23.045738+00:00"
"2023/crlsa-2023_0855.json","2026-09-01T23:48:22.907767+00:00"
"2026/crlsa-2026_25030.json","2026-09-01T23:48:22.835083+00:00"
"2022/crlsa-2022_7628.json","2026-09-01T23:48:22.717583+00:00"
"2022/crlsa-2022_5319.json","2026-09-01T23:48:20.829615+00:00"
"2025/crlsa-2025_8817.json","2026-09-01T23:48:20.458688+00:00"
"2025/crlsa-2025_8696.json","2026-09-01T23:48:19.519025+00:00"
"2024/crxsa-2024_4928.json","2026-09-01T23:48:19.226849+00:00"
"2026/crlsa-2026_11692.json","2026-09-01T23:48:18.720060+00:00"
"2020/crlsa-2020_4756.json","2026-09-01T23:48:18.428155+00:00"
"2021/crlsa-2021_1686.json","2026-09-01T23:48:18.285214+00:00"
"2025/crlsa-2025_14101.json","2026-09-01T23:48:18.198295+00:00"
"2026/crlsa-2026_25110.json","2026-09-01T23:48:18.098028+00:00"
"2019/crlsa-2019_2720.json","2026-09-01T23:48:17.760414+00:00"
"2025/crlsa-2025_9580.json","2026-09-01T23:48:17.069140+00:00"
"2025/crlsa-2025_8183.json","2026-09-01T23:48:16.620699+00:00"
"2026/crlsa-2026_14200.json","2026-09-01T23:48:16.353046+00:00"
"2024/crlsa-2024_2517.json","2026-09-01T23:48:14.595155+00:00"
"2021/crlsa-2021_4489.json","2026-09-01T23:48:14.445239+00:00"
"2026/crlsa-2026_21296.json","2026-09-01T23:48:13.699816+00:00"
"2025/crlsa-2025_23948.json","2026-09-01T23:48:12.757794+00:00"
"2026/crlsa-2026_29703.json","2026-09-01T23:48:12.640390+00:00"
"2022/crlsa-2022_6180.json","2026-09-01T23:48:10.990962+00:00"
"2021/crlsa-2021_4156.json","2026-09-01T23:48:10.894857+00:00"
"2026/crlsa-2026_26008.json","2026-09-01T23:48:10.728344+00:00"
"2021/crlsa-2021_5241.json","2026-09-01T23:48:10.615299+00:00"
"2026/crlsa-2026_6281.json","2026-09-01T23:48:10.460457+00:00"
"2026/crlsa-2026_13978.json","2026-09-01T23:48:10.199040+00:00"
"2022/crlsa-2022_1557.json","2026-09-01T23:48:09.954650+00:00"
"2022/crlsa-2022_5726.json","2026-09-01T23:48:08.661666+00:00"
"2023/crxsa-2023_0101.json","2026-09-01T23:48:08.072529+00:00"
"2022/crlsa-2022_7730.json","2026-09-01T23:48:07.637286+00:00"
"2024/crlsa-2024_3095.json","2026-09-01T23:48:07.381539+00:00"
"2022/crlsa-2022_0418.json","2026-09-01T23:48:07.281597+00:00"
"2023/crlsa-2023_0328.json","2026-09-01T23:48:07.076686+00:00"
"2026/crlsa-2026_24367.json","2026-09-01T23:48:06.878126+00:00"
"2025/crlsa-2025_23530.json","2026-09-01T23:48:06.277495+00:00"
"2023/crlsa-2023_7190.json","2026-09-01T23:48:04.259570+00:00"
"2024/crlsa-2024_9277.json","2026-09-01T23:48:03.602071+00:00"
"2024/crlsa-2024_2980.json","2026-09-01T23:48:03.454260+00:00"
"2022/crlsa-2022_7106.json","2026-09-01T23:48:03.244976+00:00"
"2026/crlsa-2026_26204.json","2026-09-01T23:48:02.998976+00:00"
"2025/crlsa-2025_0401.json","2026-09-01T23:48:00.776306+00:00"
"2026/crlsa-2026_59242.json","2026-09-01T23:48:00.673207+00:00"
"2026/crlsa-2026_4447.json","2026-09-01T23:48:00.605668+00:00"
"2026/crlsa-2026_8352.json","2026-09-01T23:48:00.395409+00:00"
"2026/crlsa-2026_36732.json","2026-09-01T23:47:59.853199+00:00"
"2024/crlsa-2024_2569.json","2026-09-01T23:47:59.793381+00:00"
"2025/crlsa-2025_8419.json","2026-09-01T23:47:59.611110+00:00"
"2026/crlsa-2026_13537.json","2026-09-01T23:47:58.839326+00:00"
"2026/crlsa-2026_1374.json","2026-09-01T23:47:58.743408+00:00"
"2026/crlsa-2026_39311.json","2026-09-01T23:47:58.467390+00:00"
"2026/crlsa-2026_45116.json","2026-09-01T23:47:57.594005+00:00"
"2026/crlsa-2026_25113.json","2026-09-01T23:47:56.503742+00:00"
"2025/crlsa-2025_11047.json","2026-09-01T23:47:56.153050+00:00"
"2025/crlsa-2025_22789.json","2026-09-01T23:47:56.067960+00:00"
"2022/crlsa-2022_0643.json","2026-09-01T23:47:55.817641+00:00"
"2025/crlsa-2025_10699.json","2026-09-01T23:47:55.628088+00:00"
"2021/crlsa-2021_4162.json","2026-09-01T23:47:55.298486+00:00"
"2021/crlsa-2021_4172.json","2026-09-01T23:47:53.833455+00:00"
"2026/crlsa-2026_0596.json","2026-09-01T23:47:53.302088+00:00"
"2025/crlsa-2025_19610.json","2026-09-01T23:47:52.992231+00:00"
"2024/crlsa-2024_9430.json","2026-09-01T23:47:51.957409+00:00"
"2025/crlsa-2025_3645.json","2026-09-01T23:47:51.827280+00:00"
"2025/crlsa-2025_1306.json","2026-09-01T23:47:51.710102+00:00"
"2022/crlsa-2022_6820.json","2026-09-01T23:47:51.236434+00:00"
"2024/crlsa-2024_9093.json","2026-09-01T23:47:51.131461+00:00"
"2023/crlsa-2023_0338.json","2026-09-01T23:47:50.936468+00:00"
"2026/crlsa-2026_8859.json","2026-09-01T23:47:50.683905+00:00"
"2026/crlsa-2026_6470.json","2026-09-01T23:47:50.486411+00:00"
"2026/crlsa-2026_19351.json","2026-09-01T23:47:49.747039+00:00"
"2026/crlsa-2026_55560.json","2026-09-01T23:47:49.529205+00:00"
"2021/crlsa-2021_4270.json","2026-09-01T23:47:47.285153+00:00"
"2025/crlsa-2025_4458.json","2026-09-01T23:47:46.958889+00:00"
"2024/crlsa-2024_1750.json","2026-09-01T23:47:46.855213+00:00"
"2023/crlsa-2023_7015.json","2026-09-01T23:47:46.384085+00:00"
"2025/crlsa-2025_1739.json","2026-09-01T23:47:46.181354+00:00"
"2026/crlsa-2026_36318.json","2026-09-01T23:47:45.463325+00:00"
"2023/crlsa-2023_4864.json","2026-09-01T23:47:45.316821+00:00"
"2025/crlsa-2025_14493.json","2026-09-01T23:47:45.034946+00:00"
"2026/crlsa-2026_0337.json","2026-09-01T23:47:44.905749+00:00"
"2025/crlsa-2025_9165.json","2026-09-01T23:47:44.701463+00:00"
"2025/crlsa-2025_8395.json","2026-09-01T23:47:44.161555+00:00"
"2026/crlsa-2026_19367.json","2026-09-01T23:47:44.054288+00:00"
"2024/crlsa-2024_9555.json","2026-09-01T23:47:43.583592+00:00"
"2025/crlsa-2025_19432.json","2026-09-01T23:47:43.390841+00:00"
"2022/crlsa-2022_1898.json","2026-09-01T23:47:43.328116+00:00"
"2025/crlsa-2025_9147.json","2026-09-01T23:47:43.227332+00:00"
"2023/crlsa-2023_0300.json","2026-09-01T23:47:43.030813+00:00"
"2022/crlsa-2022_6313.json","2026-09-01T23:47:42.887397+00:00"
"2026/crlsa-2026_3042.json","2026-09-01T23:47:42.815932+00:00"
"2026/crlsa-2026_12441.json","2026-09-01T23:47:42.628046+00:00"
"2023/crlsa-2023_2771.json","2026-09-01T23:47:42.414504+00:00"
"2024/crlsa-2024_1444.json","2026-09-01T23:47:42.127158+00:00"
"2022/crlsa-2022_8250.json","2026-09-01T23:47:41.949018+00:00"
"2022/crlba-2022_5747.json","2026-09-01T23:47:41.828085+00:00"
"2026/crlsa-2026_4672.json","2026-09-01T23:47:41.259221+00:00"
"2025/crlsa-2025_21881.json","2026-09-01T23:47:34.377053+00:00"
"2026/crlsa-2026_15971.json","2026-09-01T23:47:34.270855+00:00"
"2024/crlsa-2024_3754.json","2026-09-01T23:47:33.893890+00:00"
"2020/crlsa-2020_0903.json","2026-09-01T23:47:33.540329+00:00"
"2024/crlsa-2024_2551.json","2026-09-01T23:47:33.418594+00:00"
"2019/crlsa-2019_2722.json","2026-09-01T23:47:32.890888+00:00"
"2023/crlsa-2023_0339.json","2026-09-01T23:47:32.532282+00:00"
"2021/crlsa-2021_4097.json","2026-09-01T23:47:32.275325+00:00"
"2023/crlsa-2023_2763.json","2026-09-01T23:47:31.991001+00:00"
"2023/crlsa-2023_4419.json","2026-09-01T23:47:31.052417+00:00"
"2025/crlsa-2025_7077.json","2026-09-01T23:47:30.734255+00:00"
"2022/crlsa-2022_7593.json","2026-09-01T23:47:30.272286+00:00"
"2024/crlsa-2024_3783.json","2026-09-01T23:47:28.257976+00:00"
"2026/crlsa-2026_36879.json","2026-09-01T23:47:27.683570+00:00"
"2026/crlsa-2026_1143.json","2026-09-01T23:47:27.501360+00:00"
"2021/crlsa-2021_3081.json","2026-09-01T23:47:26.065047+00:00"
"2021/crlsa-2021_1611.json","2026-09-01T23:47:25.997567+00:00"
"2025/crlsa-2025_1517.json","2026-09-01T23:47:25.647898+00:00"
"2023/crlsa-2023_7500.json","2026-09-01T23:47:25.488150+00:00"
"2023/crlsa-2023_1470.json","2026-09-01T23:47:25.407968+00:00"
"2025/crlsa-2025_23383.json","2026-09-01T23:47:25.141593+00:00"
"2026/crlsa-2026_39893.json","2026-09-01T23:47:24.903743+00:00"
"2024/crlsa-2024_11232.json","2026-09-01T23:47:24.531436+00:00"
"2023/crlsa-2023_4327.json","2026-09-01T23:47:24.087147+00:00"
"2022/crlsa-2022_0894.json","2026-09-01T23:47:23.846821+00:00"
"2026/crlsa-2026_4454.json","2026-09-01T23:47:23.616337+00:00"
"2024/crlsa-2024_8922.json","2026-09-01T23:47:23.036557+00:00"
"2025/crlsa-2025_1681.json","2026-09-01T23:47:22.719258+00:00"
"2026/crlsa-2026_28921.json","2026-09-01T23:47:22.272507+00:00"
"2026/crlsa-2026_25051.json","2026-09-01T23:47:21.589630+00:00"
"2025/crlsa-2025_10862.json","2026-09-01T23:47:21.343602+00:00"
"2023/crlsa-2023_6188.json","2026-09-01T23:47:20.817543+00:00"
"2025/crlsa-2025_15608.json","2026-09-01T23:47:19.098273+00:00"
"2026/crlsa-2026_55784.json","2026-09-01T23:47:18.966350+00:00"
"2024/crlsa-2024_6973.json","2026-09-01T23:47:18.762102+00:00"
"2026/crlsa-2026_16019.json","2026-09-01T23:47:18.523466+00:00"
"2023/crlsa-2023_3584.json","2026-09-01T23:47:18.282933+00:00"
"2025/crlsa-2025_0377.json","2026-09-01T23:47:18.120758+00:00"
"2026/crlsa-2026_33515.json","2026-09-01T23:47:17.252346+00:00"
"2024/crlsa-2024_5338.json","2026-09-01T23:47:16.285251+00:00"
"2019/crlba-2019_3416.json","2026-09-01T23:47:16.192870+00:00"
"2025/crlsa-2025_14862.json","2026-09-01T23:47:15.354385+00:00"
"2025/crlsa-2025_20954.json","2026-09-01T23:47:14.153728+00:00"
"2023/crlsa-2023_5463.json","2026-09-01T23:47:12.172202+00:00"
"2021/crlsa-2021_1762.json","2026-09-01T23:47:11.737437+00:00"
"2021/crlea-2021_1580.json","2026-09-01T23:47:07.280079+00:00"
"2025/crlsa-2025_8126.json","2026-09-01T23:47:07.108087+00:00"
"2021/crlsa-2021_4647.json","2026-09-01T23:47:06.919698+00:00"
"2026/crlsa-2026_3067.json","2026-09-01T23:47:06.464585+00:00"
"2026/crlsa-2026_1908.json","2026-09-01T23:47:06.093869+00:00"
"2026/crlsa-2026_45192.json","2026-09-01T23:47:05.808957+00:00"
"2026/crlsa-2026_19206.json","2026-09-01T23:47:04.159578+00:00"
"2025/crlsa-2025_2863.json","2026-09-01T23:47:03.764976+00:00"
"2023/crlsa-2023_4570.json","2026-09-01T23:47:03.514103+00:00"
"2023/crlsa-2023_5738.json","2026-09-01T23:47:03.402496+00:00"
"2022/crlsa-2022_0496.json","2026-09-01T23:47:03.355535+00:00"
"2023/crlsa-2023_0610.json","2026-09-01T23:47:03.044048+00:00"
"2025/crlsa-2025_16116.json","2026-09-01T23:47:02.393905+00:00"
"2024/crlsa-2024_2135.json","2026-09-01T23:47:01.989373+00:00"
"2025/crlsa-2025_22363.json","2026-09-01T23:47:01.157119+00:00"
"2026/crlsa-2026_1662.json","2026-09-01T23:47:01.039786+00:00"
"2026/crlsa-2026_49527.json","2026-09-01T23:47:00.363951+00:00"
"2026/crlsa-2026_37130.json","2026-09-01T23:47:00.217696+00:00"
"2021/crlsa-2021_1809.json","2026-09-01T23:46:59.099154+00:00"
"2024/crlsa-2024_0951.json","2026-09-01T23:46:58.578650+00:00"
"2025/crlsa-2025_8421.json","2026-09-01T23:46:57.696526+00:00"
"2025/crlsa-2025_15702.json","2026-09-01T23:46:57.422487+00:00"
"2024/crlsa-2024_9190.json","2026-09-01T23:46:55.564818+00:00"
"2024/crlsa-2024_9281.json","2026-09-01T23:46:55.200847+00:00"
"2024/crlsa-2024_2396.json","2026-09-01T23:46:55.150778+00:00"
"2025/crlsa-2025_9845.json","2026-09-01T23:46:55.022174+00:00"
"2026/crlsa-2026_1906.json","2026-09-01T23:46:54.921426+00:00"
"2020/crlsa-2020_2755.json","2026-09-01T23:46:54.421925+00:00"
"2026/crlsa-2026_34155.json","2026-09-01T23:46:54.247699+00:00"
"2023/crlsa-2023_3083.json","2026-09-01T23:46:53.945803+00:00"
"2024/crlsa-2024_10830.json","2026-09-01T23:46:53.753739+00:00"
"2024/crlsa-2024_10831.json","2026-09-01T23:46:53.095848+00:00"
"2026/crlsa-2026_41906.json","2026-09-01T23:46:52.432706+00:00"
"2025/crlsa-2025_11327.json","2026-09-01T23:46:51.808095+00:00"
"2024/crlsa-2024_6969.json","2026-09-01T23:46:51.247321+00:00"
"2022/crlsa-2022_7822.json","2026-09-01T23:46:44.768125+00:00"
"2026/crlsa-2026_21295.json","2026-09-01T23:46:42.820170+00:00"
"2026/crlsa-2026_13381.json","2026-09-01T23:46:42.411670+00:00"
"2022/crlsa-2022_8340.json","2026-09-01T23:46:41.966295+00:00"
"2023/crlsa-2023_0824.json","2026-09-01T23:46:41.657589+00:00"
"2026/crlsa-2026_0491.json","2026-09-01T23:46:41.491075+00:00"
"2026/crlsa-2026_19208.json","2026-09-01T23:46:40.602092+00:00"
"2026/crlsa-2026_58562.json","2026-09-01T23:46:40.222808+00:00"
"2026/crlsa-2026_13414.json","2026-09-01T23:46:40.126474+00:00"
"2025/crlsa-2025_12100.json","2026-09-01T23:46:39.909312+00:00"
"2026/crlsa-2026_19184.json","2026-09-01T23:46:39.787817+00:00"
"2022/crlsa-2022_4940.json","2026-09-01T23:46:39.645383+00:00"
"2025/crlsa-2025_19714.json","2026-09-01T23:46:39.108846+00:00"
"2024/crlsa-2024_2295.json","2026-09-01T23:46:38.963150+00:00"
"2021/crlsa-2021_1849.json","2026-09-01T23:46:38.587347+00:00"
"2026/crlsa-2026_47082.json","2026-09-01T23:46:38.116205+00:00"
"2025/crlsa-2025_7893.json","2026-09-01T23:46:37.367091+00:00"
"2023/crlsa-2023_4535.json","2026-09-01T23:46:35.637375+00:00"
"2026/crlsa-2026_19664.json","2026-09-01T23:46:35.055085+00:00"
"2026/crlsa-2026_55781.json","2026-09-01T23:46:34.869601+00:00"
"2022/crlsa-2022_1830.json","2026-09-01T23:46:34.295465+00:00"
"2026/crlsa-2026_36774.json","2026-09-01T23:46:33.867849+00:00"
"2026/crlsa-2026_28911.json","2026-09-01T23:46:33.708600+00:00"
"2022/crlsa-2022_5467.json","2026-09-01T23:46:33.439748+00:00"
"2024/crlsa-2024_6961.json","2026-09-01T23:46:31.972795+00:00"
"2026/crlsa-2026_27812.json","2026-09-01T23:46:31.704881+00:00"
"2026/crlsa-2026_19197.json","2026-09-01T23:46:31.544960+00:00"
"2026/crlsa-2026_20611.json","2026-09-01T23:46:31.334389+00:00"
"2026/crlsa-2026_0026.json","2026-09-01T23:46:31.067931+00:00"
"2026/crlsa-2026_36957.json","2026-09-01T23:46:30.926487+00:00"
"2024/crlsa-2024_7000.json","2026-09-01T23:46:29.214073+00:00"
"2026/crlsa-2026_47084.json","2026-09-01T23:46:28.111894+00:00"
"2024/crlsa-2024_8353.json","2026-09-01T23:46:27.909475+00:00"
"2023/crlsa-2023_3087.json","2026-09-01T23:46:27.737861+00:00"
"2025/crlsa-2025_2867.json","2026-09-01T23:46:26.887034+00:00"
"2021/crlsa-2021_3816.json","2026-09-01T23:46:26.823130+00:00"
"2024/crlsa-2024_2950.json","2026-09-01T23:46:26.299835+00:00"
"2026/crlsa-2026_21293.json","2026-09-01T23:46:26.113961+00:00"
"2026/crlsa-2026_25058.json","2026-09-01T23:46:25.500956+00:00"
"2026/crlsa-2026_20612.json","2026-09-01T23:46:24.862868+00:00"
"2026/crlsa-2026_20589.json","2026-09-01T23:46:24.445243+00:00"
"2025/crlsa-2025_8432.json","2026-09-01T23:46:24.325122+00:00"
"2021/crlsa-2021_2587.json","2026-09-01T23:46:24.209048+00:00"
"2025/crlsa-2025_9143.json","2026-09-01T23:46:22.780600+00:00"
"2024/crlsa-2024_10289.json","2026-09-01T23:46:22.268542+00:00"
"2021/crlsa-2021_2290.json","2026-09-01T23:46:21.136641+00:00"
"2024/crlsa-2024_3784.json","2026-09-01T23:46:20.872890+00:00"
"2025/crlsa-2025_11299.json","2026-09-01T23:46:20.761602+00:00"
"2025/crlsa-2025_16919.json","2026-09-01T23:46:20.580157+00:00"
"2022/crlsa-2022_7583.json","2026-09-01T23:46:20.147288+00:00"
"2024/crlsa-2024_3626.json","2026-09-01T23:46:19.809251+00:00"
"2023/crlsa-2023_4347.json","2026-09-01T23:46:19.635847+00:00"
"2025/crlsa-2025_15115.json","2026-09-01T23:46:19.459602+00:00"
"2022/crlsa-2022_8067.json","2026-09-01T23:46:18.634580+00:00"
"2024/crlsa-2024_9827.json","2026-09-01T23:46:18.025341+00:00"
"2023/crlsa-2023_3711.json","2026-09-01T23:46:17.835256+00:00"
"2026/crlsa-2026_2389.json","2026-09-01T23:46:17.589890+00:00"
"2022/crlsa-2022_5250.json","2026-09-01T23:46:17.423348+00:00"
"2024/crlsa-2024_0967.json","2026-09-01T23:46:16.985566+00:00"
"2024/crlsa-2024_2290.json","2026-09-01T23:46:16.868572+00:00"
"2024/crlsa-2024_10481.json","2026-09-01T23:46:16.722826+00:00"
"2026/crlsa-2026_40831.json","2026-09-01T23:46:16.464439+00:00"
"2022/crlsa-2022_4899.json","2026-09-01T23:46:16.122162+00:00"
"2025/crlsa-2025_7418.json","2026-09-01T23:46:15.858657+00:00"
"2022/crlsa-2022_8054.json","2026-09-01T23:46:13.278163+00:00"
"2026/crlsa-2026_12271.json","2026-09-01T23:46:12.609399+00:00"
"2024/crlsa-2024_8831.json","2026-09-01T23:46:11.711163+00:00"
"2024/crlsa-2024_8327.json","2026-09-01T23:46:11.555429+00:00"
"2026/crlsa-2026_38510.json","2026-09-01T23:46:11.443140+00:00"
"2024/crlsa-2024_3261.json","2026-09-01T23:46:11.242333+00:00"
"2022/crlsa-2022_5099.json","2026-09-01T23:46:11.040819+00:00"
"2026/crlsa-2026_4146.json","2026-09-01T23:46:10.910225+00:00"
"2024/crlsa-2024_2437.json","2026-09-01T23:46:10.853185+00:00"
"2026/crlsa-2026_53847.json","2026-09-01T23:46:10.471802+00:00"
"2024/crlsa-2024_4227.json","2026-09-01T23:46:10.248876+00:00"
"2026/crlsa-2026_0524.json","2026-09-01T23:46:10.030989+00:00"
"2025/crlsa-2025_14560.json","2026-09-01T23:46:09.373844+00:00"
"2023/crlsa-2023_4643.json","2026-09-01T23:46:09.164107+00:00"
"2026/crlsa-2026_36834.json","2026-09-01T23:46:08.822906+00:00"
"2026/crlsa-2026_5587.json","2026-09-01T23:46:08.536887+00:00"
"2021/crlsa-2021_3063.json","2026-09-01T23:46:08.257484+00:00"
"2022/crlsa-2022_8207.json","2026-09-01T23:46:07.296557+00:00"
"2026/crlsa-2026_1852.json","2026-09-01T23:46:07.026189+00:00"
"2020/crlsa-2020_4659.json","2026-09-01T23:46:06.096975+00:00"
"2024/crlsa-2024_10832.json","2026-09-01T23:46:05.943184+00:00"
"2022/crlsa-2022_7813.json","2026-09-01T23:46:05.357152+00:00"
"2026/crlsa-2026_52772.json","2026-09-01T23:46:04.640375+00:00"
"2022/crlsa-2022_7618.json","2026-09-01T23:46:04.388071+00:00"
"2021/crlsa-2021_3499.json","2026-09-01T23:46:04.234741+00:00"
"2021/crlsa-2021_3548.json","2026-09-01T23:46:04.130864+00:00"
"2025/crlsa-2025_10676.json","2026-09-01T23:46:03.531570+00:00"
"2026/crlsa-2026_9345.json","2026-09-01T23:46:03.335192+00:00"
"2026/crlsa-2026_2782.json","2026-09-01T23:46:03.219653+00:00"
"2025/crlsa-2025_1309.json","2026-09-01T23:46:02.764771+00:00"
"2025/crlsa-2025_7430.json","2026-09-01T23:46:01.949643+00:00"
"2024/crlsa-2024_9456.json","2026-09-01T23:46:01.455959+00:00"
"2024/crlsa-2024_3254.json","2026-09-01T23:46:00.993618+00:00"
"2026/crlsa-2026_42552.json","2026-09-01T23:45:59.842649+00:00"
"2023/crlsa-2023_4523.json","2026-09-01T23:45:59.430456+00:00"
"2025/crlsa-2025_18070.json","2026-09-01T23:45:59.207220+00:00"
"2022/crlsa-2022_8090.json","2026-09-01T23:45:58.954046+00:00"
"2024/crlsa-2024_0003.json","2026-09-01T23:45:58.813189+00:00"
"2024/crlsa-2024_9243.json","2026-09-01T23:45:58.576457+00:00"
"2023/crlsa-2023_1583.json","2026-09-01T23:45:57.169558+00:00"
"2022/crlsa-2022_5498.json","2026-09-01T23:45:56.958473+00:00"
"2023/crlsa-2023_5184.json","2026-09-01T23:45:56.633348+00:00"
"2026/crlsa-2026_7009.json","2026-09-01T23:45:54.605816+00:00"
"2026/crlsa-2026_30851.json","2026-09-01T23:45:54.118033+00:00"
"2025/crlsa-2025_10550.json","2026-09-01T23:45:45.991608+00:00"
"2024/crlsa-2024_0786.json","2026-09-01T23:45:45.653892+00:00"
"2025/crlsa-2025_11802.json","2026-09-01T23:45:45.367765+00:00"
"2020/crlsa-2020_3280.json","2026-09-01T23:45:45.202458+00:00"
"2022/crlsa-2022_2234.json","2026-09-01T23:45:45.045989+00:00"
"2022/crlsa-2022_0951.json","2026-09-01T23:45:44.353813+00:00"
"2020/crlsa-2020_2231.json","2026-09-01T23:45:44.208495+00:00"
"2023/crlsa-2023_6551.json","2026-09-01T23:45:44.131212+00:00"
"2025/crlsa-2025_20926.json","2026-09-01T23:45:43.971847+00:00"
"2025/crlsa-2025_0066.json","2026-09-01T23:45:43.771882+00:00"
"2026/crlsa-2026_42090.json","2026-09-01T23:45:43.610850+00:00"
"2025/crlsa-2025_13602.json","2026-09-01T23:45:43.312687+00:00"
"2021/crlsa-2021_3157.json","2026-09-01T23:45:41.786120+00:00"
"2022/crlsa-2022_7592.json","2026-09-01T23:45:41.574044+00:00"
"2025/crlsa-2025_0595.json","2026-09-01T23:45:40.006235+00:00"
"2025/crlsa-2025_0312.json","2026-09-01T23:45:39.889627+00:00"
"2021/crlsa-2021_2714.json","2026-09-01T23:45:39.235877+00:00"
"2026/crlsa-2026_6915.json","2026-09-01T23:45:38.778395+00:00"
"2024/crlsa-2024_3128.json","2026-09-01T23:45:38.410366+00:00"
"2025/crlsa-2025_12842.json","2026-09-01T23:45:32.551649+00:00"
"2022/crlsa-2022_6058.json","2026-09-01T23:45:32.017062+00:00"
"2022/crlsa-2022_7928.json","2026-09-01T23:45:31.710978+00:00"
"2023/crlsa-2023_6482.json","2026-09-01T23:45:31.459525+00:00"
"2024/crlsa-2024_8446.json","2026-09-01T23:45:30.930884+00:00"
"2023/crlsa-2023_1405.json","2026-09-01T23:45:30.607103+00:00"
"2020/crlsa-2020_4272.json","2026-09-01T23:45:30.419903+00:00"
"2025/crlsa-2025_7433.json","2026-09-01T23:45:30.343436+00:00"
"2022/crlsa-2022_5565.json","2026-09-01T23:45:30.194441+00:00"
"2026/crlsa-2026_0437.json","2026-09-01T23:45:30.024013+00:00"
"2026/crlsa-2026_47749.json","2026-09-01T23:45:29.773598+00:00"
"2026/crlsa-2026_7667.json","2026-09-01T23:45:28.102138+00:00"
"2022/crlsa-2022_7133.json","2026-09-01T23:45:27.921244+00:00"
"2025/crlsa-2025_20945.json","2026-09-01T23:45:27.705395+00:00"
"2026/crlsa-2026_61383.json","2026-09-01T23:45:27.336962+00:00"
"2023/crlsa-2023_4520.json","2026-09-01T23:45:26.170701+00:00"
"2022/crlsa-2022_5775.json","2026-09-01T23:45:26.114752+00:00"
"2020/crlsa-2020_1766.json","2026-09-01T23:45:25.928052+00:00"
"2022/crlsa-2022_5818.json","2026-09-01T23:45:25.402189+00:00"
"2026/crlsa-2026_18039.json","2026-09-01T23:45:25.197433+00:00"
"2023/crlsa-2023_4059.json","2026-09-01T23:45:24.562826+00:00"
"2025/crlsa-2025_10074.json","2026-09-01T23:45:24.307014+00:00"
"2026/crlsa-2026_7259.json","2026-09-01T23:45:24.205573+00:00"
"2023/crlsa-2023_0336.json","2026-09-01T23:45:23.901072+00:00"
"2026/crlsa-2026_46391.json","2026-09-01T23:45:23.234735+00:00"
"2022/crlsa-2022_7318.json","2026-09-01T23:45:23.099026+00:00"
"2021/crlsa-2021_0531.json","2026-09-01T23:45:22.180885+00:00"
"2025/crlsa-2025_7076.json","2026-09-01T23:45:21.130195+00:00"
"2023/crlsa-2023_3109.json","2026-09-01T23:45:20.734406+00:00"
"2024/crlsa-2024_10978.json","2026-09-01T23:45:19.975061+00:00"
"2024/crlsa-2024_6309.json","2026-09-01T23:45:19.573131+00:00"
"2026/crlsa-2026_59362.json","2026-09-01T23:45:19.029429+00:00"
"2026/crlsa-2026_0232.json","2026-09-01T23:45:18.463977+00:00"
"2026/crlsa-2026_50108.json","2026-09-01T23:45:17.679232+00:00"
"2024/crlsa-2024_2560.json","2026-09-01T23:45:15.695151+00:00"
"2026/crlsa-2026_27819.json","2026-09-01T23:45:13.958210+00:00"
"2025/crlsa-2025_12834.json","2026-09-01T23:45:13.554175+00:00"
"2022/crlsa-2022_7461.json","2026-09-01T23:45:13.452607+00:00"
"2021/crlsa-2021_4324.json","2026-09-01T23:45:11.824065+00:00"
"2022/crlsa-2022_1065.json","2026-09-01T23:45:11.747244+00:00"
"2024/crlsa-2024_6964.json","2026-09-01T23:45:11.271106+00:00"
"2025/crlsa-2025_8256.json","2026-09-01T23:45:04.130091+00:00"
"2023/crlsa-2023_5309.json","2026-09-01T23:45:04.046700+00:00"
"2026/crlsa-2026_34354.json","2026-09-01T23:45:03.887653+00:00"
"2026/crlsa-2026_42828.json","2026-09-01T23:45:02.218370+00:00"
"2025/crlsa-2025_2872.json","2026-09-01T23:44:59.646572+00:00"
"2022/crlsa-2022_1445.json","2026-09-01T23:44:59.547031+00:00"
"2026/crlsa-2026_53848.json","2026-09-01T23:44:58.999253+00:00"
"2023/crlsa-2023_0208.json","2026-09-01T23:44:58.804037+00:00"
"2026/crlsa-2026_19346.json","2026-09-01T23:44:58.263545+00:00"
"2026/crlsa-2026_58952.json","2026-09-01T23:44:58.062193+00:00"
"2022/crlsa-2022_2201.json","2026-09-01T23:44:57.932760+00:00"
"2026/crlsa-2026_18913.json","2026-09-01T23:44:57.824910+00:00"
"2025/crlsa-2025_1329.json","2026-09-01T23:44:57.680646+00:00"
"2023/crlsa-2023_2863.json","2026-09-01T23:44:57.451284+00:00"
"2026/crlsa-2026_38501.json","2026-09-01T23:44:57.347450+00:00"
"2026/crlsa-2026_36617.json","2026-09-01T23:44:57.111313+00:00"
"2025/crlsa-2025_18321.json","2026-09-01T23:44:56.970594+00:00"
"2024/crlsa-2024_0607.json","2026-09-01T23:44:56.826495+00:00"
"2021/crlsa-2021_5013.json","2026-09-01T23:44:56.691046+00:00"
"2025/crlsa-2025_0382.json","2026-09-01T23:44:56.584403+00:00"
"2025/crlsa-2025_14420.json","2026-09-01T23:44:56.197306+00:00"
"2022/crlsa-2022_5799.json","2026-09-01T23:44:54.378026+00:00"
"2024/crlsa-2024_9102.json","2026-09-01T23:44:54.186554+00:00"
"2024/crlsa-2024_1514.json","2026-09-01T23:44:53.842155+00:00"
"2024/crlsa-2024_6908.json","2026-09-01T23:44:51.911097+00:00"
"2026/crlsa-2026_39266.json","2026-09-01T23:44:51.734327+00:00"
"2023/crlsa-2023_7581.json","2026-09-01T23:44:51.630929+00:00"
"2021/crlsa-2021_4358.json","2026-09-01T23:44:50.728774+00:00"
"2023/crlsa-2023_2870.json","2026-09-01T23:44:47.316120+00:00"
"2024/crlsa-2024_11217.json","2026-09-01T23:44:46.979789+00:00"
"2026/crlsa-2026_30854.json","2026-09-01T23:44:46.792943+00:00"
"2022/crlsa-2022_5317.json","2026-09-01T23:44:46.657924+00:00"
"2025/crlsa-2025_3713.json","2026-09-01T23:44:46.475247+00:00"
"2026/crlsa-2026_21556.json","2026-09-01T23:44:45.716950+00:00"
"2026/crlsa-2026_49667.json","2026-09-01T23:44:44.240659+00:00"
"2024/crlsa-2024_4077.json","2026-09-01T23:44:43.836463+00:00"
"2025/crlsa-2025_11851.json","2026-09-01T23:44:43.446250+00:00"
"2024/crlsa-2024_0465.json","2026-09-01T23:44:42.350955+00:00"
"2023/crlsa-2023_0049.json","2026-09-01T23:44:42.087354+00:00"
"2025/crlsa-2025_8336.json","2026-09-01T23:44:41.807502+00:00"
"2025/crlsa-2025_9430.json","2026-09-01T23:44:41.586226+00:00"
"2026/crlsa-2026_6435.json","2026-09-01T23:44:40.960201+00:00"
"2025/crlsa-2025_22175.json","2026-09-01T23:44:40.222362+00:00"
"2023/crlsa-2023_2127.json","2026-09-01T23:44:40.005457+00:00"
"2026/crlsa-2026_19187.json","2026-09-01T23:44:39.354706+00:00"
"2023/crlsa-2023_4071.json","2026-09-01T23:44:39.189805+00:00"
"2021/crlsa-2021_1024.json","2026-09-01T23:44:39.055846+00:00"
"2026/crlsa-2026_33512.json","2026-09-01T23:44:38.847151+00:00"
"2025/crlsa-2025_7160.json","2026-09-01T23:44:38.217019+00:00"
"2022/crlsa-2022_6838.json","2026-09-01T23:44:38.015827+00:00"
"2022/crlsa-2022_7624.json","2026-09-01T23:44:37.798050+00:00"
"2023/crlsa-2023_0476.json","2026-09-01T23:44:36.625262+00:00"
"2026/crxsa-2026_13577.json","2026-09-01T23:44:36.462056+00:00"
"2021/crlsa-2021_5142.json","2026-09-01T23:44:36.041661+00:00"
"2023/crlsa-2023_2074.json","2026-09-01T23:44:35.289839+00:00"
"2026/crlsa-2026_54571.json","2026-09-01T23:44:34.942571+00:00"
"2023/crlsa-2023_0842.json","2026-09-01T23:44:34.592886+00:00"
"2026/crlsa-2026_0928.json","2026-09-01T23:44:34.475632+00:00"
"2024/crlsa-2024_9135.json","2026-09-01T23:44:33.918778+00:00"
"2023/crlsa-2023_0946.json","2026-09-01T23:44:33.601204+00:00"
"2026/crlsa-2026_0750.json","2026-09-01T23:44:33.292445+00:00"
"2025/crlsa-2025_3913.json","2026-09-01T23:44:33.009877+00:00"
"2025/crlsa-2025_14126.json","2026-09-01T23:44:32.082373+00:00"
"2025/crlsa-2025_15007.json","2026-09-01T23:44:31.113452+00:00"
"2024/crlsa-2024_10788.json","2026-09-01T23:44:30.732739+00:00"
"2024/crlsa-2024_3343.json","2026-09-01T23:44:30.397772+00:00"
"2019/crlba-2019_4268.json","2026-09-01T23:44:30.308434+00:00"
"2025/crlsa-2025_19713.json","2026-09-01T23:44:30.130639+00:00"
"2025/crlsa-2025_19113.json","2026-09-01T23:44:29.928511+00:00"
"2026/crlsa-2026_35828.json","2026-09-01T23:44:29.681161+00:00"
"2026/crlsa-2026_47178.json","2026-09-01T23:44:29.509737+00:00"
"2023/crlsa-2023_6939.json","2026-09-01T23:44:28.856303+00:00"
"2026/crlsa-2026_19189.json","2026-09-01T23:44:28.134266+00:00"
"2024/crlsa-2024_5530.json","2026-09-01T23:44:27.996848+00:00"
"2020/crlsa-2020_4634.json","2026-09-01T23:44:27.919920+00:00"
"2025/crlsa-2025_1917.json","2026-09-01T23:44:27.742945+00:00"
"2026/crlsa-2026_27734.json","2026-09-01T23:44:27.121586+00:00"
"2023/crlsa-2023_5927.json","2026-09-01T23:44:26.910898+00:00"
"2022/crlsa-2022_7640.json","2026-09-01T23:44:26.092410+00:00"
"2026/crlsa-2026_22717.json","2026-09-01T23:44:25.987885+00:00"
"2025/crlsa-2025_12841.json","2026-09-01T23:44:25.620093+00:00"
"2022/crlsa-2022_7012.json","2026-09-01T23:44:25.279530+00:00"
"2023/crlsa-2023_0333.json","2026-09-01T23:44:24.721396+00:00"
"2023/crlsa-2023_6267.json","2026-09-01T23:44:23.681127+00:00"
"2025/crlsa-2025_22387.json","2026-09-01T23:44:23.509783+00:00"
"2022/crlsa-2022_7482.json","2026-09-01T23:44:23.352867+00:00"
"2026/crlsa-2026_0752.json","2026-09-01T23:44:23.290086+00:00"
"2024/crlsa-2024_9180.json","2026-09-01T23:44:23.240018+00:00"
"2024/crlsa-2024_0157.json","2026-09-01T23:44:23.097969+00:00"
"2025/crlsa-2025_3631.json","2026-09-01T23:44:22.604928+00:00"
"2024/crlsa-2024_2679.json","2026-09-01T23:44:22.237786+00:00"
"2026/crlsa-2026_28253.json","2026-09-01T23:44:21.991787+00:00"
"2025/crlsa-2025_17129.json","2026-09-01T23:44:21.717900+00:00"
"2020/crlsa-2020_3053.json","2026-09-01T23:44:20.824014+00:00"
"2021/crlsa-2021_4198.json","2026-09-01T23:44:20.542394+00:00"
"2023/crlsa-2023_3587.json","2026-09-01T23:44:20.473063+00:00"
"2023/crlsa-2023_7042.json","2026-09-01T23:44:20.065090+00:00"
"2026/crlsa-2026_21378.json","2026-09-01T23:44:18.750182+00:00"
"2024/crlsa-2024_4583.json","2026-09-01T23:44:18.490845+00:00"
"2025/crlsa-2025_21916.json","2026-09-01T23:44:17.120466+00:00"
"2022/crlsa-2022_6963.json","2026-09-01T23:44:16.952055+00:00"
"2024/crlsa-2024_4260.json","2026-09-01T23:44:16.681999+00:00"
"2025/crlsa-2025_20034.json","2026-09-01T23:44:16.621885+00:00"
"2026/crlsa-2026_6283.json","2026-09-01T23:44:16.444923+00:00"
"2026/crlsa-2026_8888.json","2026-09-01T23:44:16.177580+00:00"
"2021/crlsa-2021_0538.json","2026-09-01T23:44:15.500996+00:00"
"2023/crlsa-2023_2097.json","2026-09-01T23:44:15.080734+00:00"
"2024/crlsa-2024_5299.json","2026-09-01T23:44:14.992611+00:00"
"2023/crlsa-2023_2652.json","2026-09-01T23:44:14.902744+00:00"
"2026/crlsa-2026_35891.json","2026-09-01T23:44:14.457001+00:00"
"2023/crlsa-2023_7034.json","2026-09-01T23:44:13.821765+00:00"
"2024/crlsa-2024_2961.json","2026-09-01T23:44:12.383212+00:00"
"2023/crlsa-2023_5838.json","2026-09-01T23:44:12.175483+00:00"
"2024/crlsa-2024_2410.json","2026-09-01T23:44:12.073670+00:00"
"2026/crlsa-2026_38512.json","2026-09-01T23:44:11.786260+00:00"
"2026/crlsa-2026_47982.json","2026-09-01T23:44:11.626790+00:00"
"2024/crlsa-2024_8798.json","2026-09-01T23:44:11.254539+00:00"
"2024/crlsa-2024_4563.json","2026-09-01T23:44:10.890818+00:00"
"2024/crlsa-2024_4267.json","2026-09-01T23:44:10.345301+00:00"
"2024/crlsa-2024_3265.json","2026-09-01T23:44:10.231938+00:00"
"2022/crlsa-2022_0543.json","2026-09-01T23:44:09.064245+00:00"
"2023/crlsa-2023_1336.json","2026-09-01T23:44:07.940367+00:00"
"2022/crlsa-2022_4582.json","2026-09-01T23:44:07.836991+00:00"
"2025/crlsa-2025_18275.json","2026-09-01T23:44:07.685422+00:00"
"2024/crlsa-2024_10281.json","2026-09-01T23:44:07.467249+00:00"
"2026/crlsa-2026_20596.json","2026-09-01T23:44:06.964947+00:00"
"2023/crlsa-2023_3319.json","2026-09-01T23:44:05.839589+00:00"
"2025/crlsa-2025_0288.json","2026-09-01T23:44:05.664672+00:00"
"2024/crlsa-2024_2962.json","2026-09-01T23:44:05.006368+00:00"
"2025/crlsa-2025_19107.json","2026-09-01T23:44:00.830275+00:00"
"2022/crlsa-2022_8385.json","2026-09-01T23:44:00.400861+00:00"
"2023/crlsa-2023_6236.json","2026-09-01T23:44:00.172762+00:00"
"2025/crlsa-2025_9119.json","2026-09-01T23:44:00.100271+00:00"
"2026/crlsa-2026_26354.json","2026-09-01T23:43:59.966168+00:00"
"2026/crlsa-2026_3407.json","2026-09-01T23:43:59.531686+00:00"
"2026/crlsa-2026_49512.json","2026-09-01T23:43:59.456645+00:00"
"2024/crlsa-2024_8374.json","2026-09-01T23:43:59.008875+00:00"
"2025/crlsa-2025_0746.json","2026-09-01T23:43:58.615582+00:00"
"2025/crlsa-2025_23745.json","2026-09-01T23:43:58.194434+00:00"
"2025/crlsa-2025_15700.json","2026-09-01T23:43:58.094261+00:00"
"2025/crlsa-2025_20922.json","2026-09-01T23:43:57.585788+00:00"
"2022/crlsa-2022_5813.json","2026-09-01T23:43:56.614494+00:00"
"2026/crlsa-2026_18028.json","2026-09-01T23:43:55.578029+00:00"
"2024/crlsa-2024_4438.json","2026-09-01T23:43:55.340274+00:00"
"2021/crlsa-2021_0507.json","2026-09-01T23:43:55.050469+00:00"
"2025/crlsa-2025_4491.json","2026-09-01T23:43:54.590165+00:00"
"2025/crlsa-2025_7600.json","2026-09-01T23:43:54.267632+00:00"
"2026/crlsa-2026_39323.json","2026-09-01T23:43:53.334697+00:00"
"2026/crlsa-2026_57574.json","2026-09-01T23:43:52.816586+00:00"
"2023/crlsa-2023_7841.json","2026-09-01T23:43:51.184873+00:00"
"2025/crlsa-2025_12447.json","2026-09-01T23:43:51.047144+00:00"
"2024/crlsa-2024_3347.json","2026-09-01T23:43:50.801683+00:00"
"2024/crlsa-2024_3344.json","2026-09-01T23:43:50.447034+00:00"
"2025/crlsa-2025_12752.json","2026-09-01T23:43:46.820997+00:00"
"2026/crlsa-2026_1939.json","2026-09-01T23:43:46.380102+00:00"
"2023/crlsa-2023_0608.json","2026-09-01T23:43:46.312102+00:00"
"2024/crlsa-2024_7204.json","2026-09-01T23:43:46.161528+00:00"
"2025/crlsa-2025_12748.json","2026-09-01T23:43:38.080381+00:00"
"2024/crlsa-2024_1375.json","2026-09-01T23:43:30.619115+00:00"
"2021/crlsa-2021_4173.json","2026-09-01T23:43:28.832269+00:00"
"2023/crlsa-2023_7548.json","2026-09-01T23:43:28.655128+00:00"
"2026/crlsa-2026_49612.json","2026-09-01T23:43:28.211210+00:00"
"2024/crlsa-2024_10987.json","2026-09-01T23:43:28.075741+00:00"
"2026/crlsa-2026_1377.json","2026-09-01T23:43:27.991677+00:00"
"2023/crlsa-2023_0903.json","2026-09-01T23:43:27.837783+00:00"
"2023/crlsa-2023_2758.json","2026-09-01T23:43:26.627031+00:00"
"2024/crlsa-2024_6670.json","2026-09-01T23:43:26.393961+00:00"
"2023/crlsa-2023_1252.json","2026-09-01T23:43:26.306952+00:00"
"2026/crlsa-2026_38485.json","2026-09-01T23:43:25.918492+00:00"
"2023/crlsa-2023_0979.json","2026-09-01T23:43:25.791153+00:00"
"2025/crlsa-2025_18285.json","2026-09-01T23:43:25.633979+00:00"
"2025/crlsa-2025_23063.json","2026-09-01T23:43:25.507039+00:00"
"2025/crlsa-2025_6990.json","2026-09-01T23:43:24.375070+00:00"
"2024/crlsa-2024_0150.json","2026-09-01T23:43:23.458691+00:00"
"2024/crlsa-2024_2302.json","2026-09-01T23:43:23.021136+00:00"
"2021/crlsa-2021_4743.json","2026-09-01T23:43:22.758548+00:00"
"2026/crlsa-2026_1661.json","2026-09-01T23:43:21.613006+00:00"
"2025/crlsa-2025_7589.json","2026-09-01T23:43:21.164378+00:00"
"2025/crlsa-2025_9188.json","2026-09-01T23:43:20.815287+00:00"
"2026/crlsa-2026_3291.json","2026-09-01T23:43:19.930909+00:00"
"2025/crlsa-2025_22790.json","2026-09-01T23:43:19.763453+00:00"
"2024/crlsa-2024_4002.json","2026-09-01T23:43:19.370456+00:00"
"2024/crlsa-2024_1510.json","2026-09-01T23:43:19.220812+00:00"
"2026/crlsa-2026_36777.json","2026-09-01T23:43:19.021078+00:00"
"2022/crlsa-2022_5779.json","2026-09-01T23:43:18.628399+00:00"
"2020/crlsa-2020_3623.json","2026-09-01T23:43:17.552867+00:00"
"2021/crlsa-2021_1598.json","2026-09-01T23:43:17.434460+00:00"
"2024/crlsa-2024_0974.json","2026-09-01T23:43:17.145601+00:00"
"2022/crlsa-2022_7314.json","2026-09-01T23:43:16.321794+00:00"
"2025/crlsa-2025_4043.json","2026-09-01T23:43:16.099337+00:00"
"2025/crlsa-2025_23142.json","2026-09-01T23:43:15.822562+00:00"
"2025/crlsa-2025_22011.json","2026-09-01T23:43:15.562965+00:00"
"2024/crlsa-2024_9502.json","2026-09-01T23:43:15.355579+00:00"
"2023/crlsa-2023_3949.json","2026-09-01T23:43:15.217237+00:00"
"2025/crlsa-2025_21920.json","2026-09-01T23:43:15.113333+00:00"
"2025/crlsa-2025_10742.json","2026-09-01T23:43:14.962534+00:00"
"2024/crlsa-2024_0806.json","2026-09-01T23:43:14.873945+00:00"
"2026/crlsa-2026_49921.json","2026-09-01T23:43:14.701959+00:00"
"2023/crlsa-2023_4063.json","2026-09-01T23:43:14.572889+00:00"
"2023/crlsa-2023_3221.json","2026-09-01T23:43:14.487489+00:00"
"2024/crlsa-2024_3253.json","2026-09-01T23:43:14.157209+00:00"
"2025/crlsa-2025_14743.json","2026-09-01T23:43:10.099596+00:00"
"2024/crlsa-2024_2699.json","2026-09-01T23:43:10.013606+00:00"
"2022/crlsa-2022_6447.json","2026-09-01T23:43:09.886342+00:00"
"2022/crlsa-2022_6206.json","2026-09-01T23:43:08.765255+00:00"
"2021/crlsa-2021_1678.json","2026-09-01T23:43:08.403270+00:00"
"2024/crlsa-2024_0135.json","2026-09-01T23:43:07.812502+00:00"
"2023/crlsa-2023_6621.json","2026-09-01T23:43:02.694607+00:00"
"2021/crlsa-2021_1586.json","2026-09-01T23:43:01.315273+00:00"
"2025/crlsa-2025_8142.json","2026-09-01T23:42:57.242778+00:00"
"2026/crlsa-2026_0756.json","2026-09-01T23:42:55.770966+00:00"
"2026/crlsa-2026_2323.json","2026-09-01T23:42:55.680521+00:00"
"2026/crlsa-2026_20586.json","2026-09-01T23:42:55.590395+00:00"
"2024/crlsa-2024_4617.json","2026-09-01T23:42:55.493128+00:00"
"2026/crlsa-2026_39575.json","2026-09-01T23:42:55.053013+00:00"
"2024/crlsa-2024_6000.json","2026-09-01T23:42:54.881636+00:00"
"2026/crlsa-2026_30858.json","2026-09-01T23:42:54.315107+00:00"
"2024/crlsa-2024_2888.json","2026-09-01T23:42:54.252362+00:00"
"2026/crlsa-2026_56133.json","2026-09-01T23:42:54.105238+00:00"
"2022/crlsa-2022_6913.json","2026-09-01T23:42:53.913020+00:00"
"2024/crlsa-2024_1828.json","2026-09-01T23:42:53.455448+00:00"
"2026/crlsa-2026_55859.json","2026-09-01T23:42:51.980266+00:00"
"2026/crlba-2026_0860.json","2026-09-01T23:42:51.890484+00:00"
"2022/crlsa-2022_8062.json","2026-09-01T23:42:51.783071+00:00"
"2022/crlsa-2022_0370.json","2026-09-01T23:42:51.450240+00:00"
"2026/crlsa-2026_18029.json","2026-09-01T23:42:51.169143+00:00"
"2025/crlsa-2025_3210.json","2026-09-01T23:42:50.438647+00:00"
"2026/crlsa-2026_3516.json","2026-09-01T23:42:43.320315+00:00"
"2024/crlsa-2024_1692.json","2026-09-01T23:42:43.174590+00:00"
"2026/crlsa-2026_41900.json","2026-09-01T23:42:43.002924+00:00"
"2025/crlsa-2025_16156.json","2026-09-01T23:42:42.607345+00:00"
"2026/crlsa-2026_1518.json","2026-09-01T23:42:42.474486+00:00"
"2024/crlsa-2024_0894.json","2026-09-01T23:42:42.237399+00:00"
"2023/crlsa-2023_1140.json","2026-09-01T23:42:41.817127+00:00"
"2025/crlsa-2025_1613.json","2026-09-01T23:42:41.597378+00:00"
"2026/crlsa-2026_3337.json","2026-09-01T23:42:41.436247+00:00"
"2022/crlsa-2022_5311.json","2026-09-01T23:42:40.874337+00:00"
"2024/crlsa-2024_1576.json","2026-09-01T23:42:40.713803+00:00"
"2025/crlsa-2025_4459.json","2026-09-01T23:42:40.465084+00:00"
"2021/crlsa-2021_4256.json","2026-09-01T23:42:39.974558+00:00"
"2026/crlsa-2026_1429.json","2026-09-01T23:42:39.674479+00:00"
"2025/crlsa-2025_18983.json","2026-09-01T23:42:36.768121+00:00"
"2022/crlsa-2022_2081.json","2026-09-01T23:42:36.575841+00:00"
"2022/crlsa-2022_1642.json","2026-09-01T23:42:34.468458+00:00"
"2022/crlsa-2022_8506.json","2026-09-01T23:42:33.921115+00:00"
"2022/crlsa-2022_0368.json","2026-09-01T23:42:33.248075+00:00"
"2023/crlsa-2023_4498.json","2026-09-01T23:42:32.619486+00:00"
"2022/crlsa-2022_8221.json","2026-09-01T23:42:31.940378+00:00"
"2024/crlsa-2024_8914.json","2026-09-01T23:42:31.493822+00:00"
"2023/crlsa-2023_0848.json","2026-09-01T23:42:31.197282+00:00"
"2024/crlsa-2024_9150.json","2026-09-01T23:42:29.852971+00:00"
"2024/crlsa-2024_4247.json","2026-09-01T23:42:29.799940+00:00"
"2024/crlsa-2024_11123.json","2026-09-01T23:42:29.648505+00:00"
"2022/crlsa-2022_7514.json","2026-09-01T23:42:29.090251+00:00"
"2026/crlsa-2026_16252.json","2026-09-01T23:42:28.953946+00:00"
"2026/crlsa-2026_3928.json","2026-09-01T23:42:28.805906+00:00"
"2025/crlsa-2025_11298.json","2026-09-01T23:42:28.640177+00:00"
"2024/crlba-2024_5736.json","2026-09-01T23:42:27.999233+00:00"
"2021/crlsa-2021_3838.json","2026-09-01T23:42:27.948545+00:00"
"2021/crlsa-2021_2776.json","2026-09-01T23:42:27.849899+00:00"
"2020/crlsa-2020_4490.json","2026-09-01T23:42:26.876308+00:00"
"2022/crlsa-2022_1555.json","2026-09-01T23:42:26.758770+00:00"
"2026/crlsa-2026_54574.json","2026-09-01T23:42:26.593186+00:00"
"2024/crlsa-2024_10244.json","2026-09-01T23:42:26.013028+00:00"
"2023/crlsa-2023_2786.json","2026-09-01T23:42:25.793390+00:00"
"2021/crlsa-2021_4595.json","2026-09-01T23:42:25.318571+00:00"
"2026/crlsa-2026_55530.json","2026-09-01T23:42:23.488929+00:00"
"2024/crlsa-2024_1607.json","2026-09-01T23:42:23.265192+00:00"
"2026/crlsa-2026_39127.json","2026-09-01T23:42:22.822862+00:00"
"2023/crlsa-2023_3018.json","2026-09-01T23:42:22.623173+00:00"
"2020/crlsa-2020_4670.json","2026-09-01T23:42:22.448535+00:00"
"2025/crlsa-2025_7138.json","2026-09-01T23:42:21.611858+00:00"
"2026/crlsa-2026_19610.json","2026-09-01T23:42:20.589211+00:00"
"2026/crlsa-2026_10226.json","2026-09-01T23:42:20.324547+00:00"
"2023/crlba-2023_3052.json","2026-09-01T23:42:20.153146+00:00"
"2023/crlsa-2023_1670.json","2026-09-01T23:42:19.971702+00:00"
"2024/crlsa-2024_1646.json","2026-09-01T23:42:19.275986+00:00"
"2024/crlsa-2024_3968.json","2026-09-01T23:42:19.150115+00:00"
"2026/crlsa-2026_4445.json","2026-09-01T23:42:17.990652+00:00"
"2026/crlsa-2026_0927.json","2026-09-01T23:42:17.288946+00:00"
"2025/crlsa-2025_2722.json","2026-09-01T23:42:16.735690+00:00"
"2026/crlsa-2026_5603.json","2026-09-01T23:42:16.325620+00:00"
"2024/crlsa-2024_0046.json","2026-09-01T23:42:15.844316+00:00"
"2022/crlsa-2022_6634.json","2026-09-01T23:42:15.662591+00:00"
"2021/crlsa-2021_5227.json","2026-09-01T23:42:14.986599+00:00"
"2026/crlsa-2026_38490.json","2026-09-01T23:42:14.544050+00:00"
"2026/crlsa-2026_0470.json","2026-09-01T23:42:13.987698+00:00"
"2025/crlsa-2025_0222.json","2026-09-01T23:42:13.666638+00:00"
"2025/crlsa-2025_3997.json","2026-09-01T23:42:13.538419+00:00"
"2025/crlsa-2025_18150.json","2026-09-01T23:42:13.360700+00:00"
"2026/crlsa-2026_0605.json","2026-09-01T23:42:13.023203+00:00"
"2026/crlsa-2026_55764.json","2026-09-01T23:42:11.957095+00:00"
"2026/crlsa-2026_57451.json","2026-09-01T23:42:11.539005+00:00"
"2026/crlsa-2026_41899.json","2026-09-01T23:42:11.335551+00:00"
"2022/crlsa-2022_1546.json","2026-09-01T23:42:10.960955+00:00"
"2022/crlsa-2022_5468.json","2026-09-01T23:42:10.740784+00:00"
"2023/crlsa-2023_3246.json","2026-09-01T23:42:09.556416+00:00"
"2022/crlsa-2022_5056.json","2026-09-01T23:42:09.274320+00:00"
"2025/crlsa-2025_8918.json","2026-09-01T23:42:08.998019+00:00"
"2025/crlsa-2025_23109.json","2026-09-01T23:42:08.879943+00:00"
"2025/crlsa-2025_1737.json","2026-09-01T23:42:08.428984+00:00"
"2025/crlsa-2025_7064.json","2026-09-01T23:42:08.259876+00:00"
"2025/crlsa-2025_9605.json","2026-09-01T23:42:08.126878+00:00"
"2024/crlsa-2024_8830.json","2026-09-01T23:42:08.079195+00:00"
"2026/crlsa-2026_50147.json","2026-09-01T23:42:07.986186+00:00"
"2025/crlsa-2025_12876.json","2026-09-01T23:42:07.740657+00:00"
"2025/crlsa-2025_9329.json","2026-09-01T23:42:07.417463+00:00"
"2024/crlsa-2024_3670.json","2026-09-01T23:42:07.298102+00:00"
"2026/crlsa-2026_0523.json","2026-09-01T23:42:06.334350+00:00"
"2025/crlsa-2025_4263.json","2026-09-01T23:42:05.478859+00:00"
"2025/crlsa-2025_16046.json","2026-09-01T23:42:03.147127+00:00"
"2026/crlsa-2026_2627.json","2026-09-01T23:42:02.512181+00:00"
"2026/crlsa-2026_13917.json","2026-09-01T23:42:02.332062+00:00"
"2024/crlsa-2024_3666.json","2026-09-01T23:42:01.288219+00:00"
"2021/crlsa-2021_4510.json","2026-09-01T23:42:01.173271+00:00"
"2021/crlsa-2021_4594.json","2026-09-01T23:42:00.993969+00:00"
"2026/crlsa-2026_41898.json","2026-09-01T23:42:00.836131+00:00"
"2021/crlsa-2021_2781.json","2026-09-01T23:41:59.503483+00:00"
"2022/crlsa-2022_1860.json","2026-09-01T23:41:59.003758+00:00"
"2024/crlsa-2024_9158.json","2026-09-01T23:41:58.077592+00:00"
"2026/crlsa-2026_7679.json","2026-09-01T23:41:57.880975+00:00"
"2021/crlsa-2021_1723.json","2026-09-01T23:41:57.743274+00:00"
"2022/crlsa-2022_1894.json","2026-09-01T23:41:56.880055+00:00"
"2024/crlsa-2024_6001.json","2026-09-01T23:41:56.508221+00:00"
"2026/crlsa-2026_6036.json","2026-09-01T23:41:55.782052+00:00"
"2022/crlsa-2022_2202.json","2026-09-01T23:41:55.622746+00:00"
"2026/crlsa-2026_58555.json","2026-09-01T23:41:55.452370+00:00"
"2022/crlsa-2022_7541.json","2026-09-01T23:41:54.976137+00:00"
"2023/crlsa-2023_1584.json","2026-09-01T23:41:54.853306+00:00"
"2025/crlsa-2025_2686.json","2026-09-01T23:41:54.310955+00:00"
"2025/crlsa-2025_0281.json","2026-09-01T23:41:54.148570+00:00"
"2024/crlsa-2024_3341.json","2026-09-01T23:41:50.667487+00:00"
"2024/crlsa-2024_9302.json","2026-09-01T23:41:50.385235+00:00"
"2026/crlsa-2026_14087.json","2026-09-01T23:41:50.063097+00:00"
"2024/crlsa-2024_10590.json","2026-09-01T23:41:49.926999+00:00"
"2023/crlsa-2023_1909.json","2026-09-01T23:41:49.787112+00:00"
"2026/crlsa-2026_14791.json","2026-09-01T23:41:47.394872+00:00"
"2026/crlsa-2026_0991.json","2026-09-01T23:41:47.157297+00:00"
"2025/crlsa-2025_16108.json","2026-09-01T23:41:46.902434+00:00"
"2024/crlsa-2024_2968.json","2026-09-01T23:41:46.714587+00:00"
"2026/crlsa-2026_3034.json","2026-09-01T23:41:46.204630+00:00"
"2026/crlsa-2026_38487.json","2026-09-01T23:41:45.939538+00:00"
"2021/crlsa-2021_2259.json","2026-09-01T23:41:45.463762+00:00"
"2020/crlsa-2020_4497.json","2026-09-01T23:41:45.190869+00:00"
"2023/crlsa-2023_3082.json","2026-09-01T23:41:43.900349+00:00"
"2021/crlsa-2021_4409.json","2026-09-01T23:41:42.229768+00:00"
"2023/crxsa-2023_0334.json","2026-09-01T23:41:41.652130+00:00"
"2022/crlsa-2022_0826.json","2026-09-01T23:41:41.189628+00:00"
"2026/crlsa-2026_21706.json","2026-09-01T23:41:40.854786+00:00"
"2023/crlsa-2023_0016.json","2026-09-01T23:41:40.216997+00:00"
"2022/crlsa-2022_7119.json","2026-09-01T23:41:39.808886+00:00"
"2021/crlsa-2021_2566.json","2026-09-01T23:41:39.475428+00:00"
"2024/crlsa-2024_10950.json","2026-09-01T23:41:39.361645+00:00"
"2026/crlsa-2026_1380.json","2026-09-01T23:41:38.336070+00:00"
"2022/crlsa-2022_7129.json","2026-09-01T23:41:38.213466+00:00"
"2026/crlsa-2026_5930.json","2026-09-01T23:41:38.090488+00:00"
"2026/crlsa-2026_1509.json","2026-09-01T23:41:37.923777+00:00"
"2020/crlsa-2020_5499.json","2026-09-01T23:41:37.863984+00:00"
"2024/crlsa-2024_5298.json","2026-09-01T23:41:37.797389+00:00"
"2026/crlsa-2026_24545.json","2026-09-01T23:41:37.694940+00:00"
"2025/crlsa-2025_10631.json","2026-09-01T23:41:37.582002+00:00"
"2021/crlsa-2021_4130.json","2026-09-01T23:41:35.877129+00:00"
"2022/crlsa-2022_7329.json","2026-09-01T23:41:35.307282+00:00"
"2026/crlsa-2026_8093.json","2026-09-01T23:41:35.060163+00:00"
"2021/crlsa-2021_4150.json","2026-09-01T23:41:34.790260+00:00"
"2022/crlsa-2022_7457.json","2026-09-01T23:41:34.064717+00:00"
"2026/crlsa-2026_1595.json","2026-09-01T23:41:32.619844+00:00"
"2024/crlsa-2024_1908.json","2026-09-01T23:41:32.455469+00:00"
"2024/crlsa-2024_1610.json","2026-09-01T23:41:32.293447+00:00"
"2026/crlsa-2026_19361.json","2026-09-01T23:41:32.190131+00:00"
"2025/crlsa-2025_3617.json","2026-09-01T23:41:31.843007+00:00"
"2022/crlsa-2022_8226.json","2026-09-01T23:41:31.643562+00:00"
"2022/crlsa-2022_6595.json","2026-09-01T23:41:31.540957+00:00"
"2023/crlsa-2023_7877.json","2026-09-01T23:41:31.323923+00:00"
"2026/crlsa-2026_0421.json","2026-09-01T23:41:31.177942+00:00"
"2024/crlsa-2024_4720.json","2026-09-01T23:41:30.987263+00:00"
"2020/crlsa-2020_1636.json","2026-09-01T23:41:29.741906+00:00"
"2025/crlsa-2025_17428.json","2026-09-01T23:41:28.885352+00:00"
"2025/crlsa-2025_16373.json","2026-09-01T23:41:28.711589+00:00"
"2024/crlsa-2024_5297.json","2026-09-01T23:41:27.966524+00:00"
"2026/crlsa-2026_24368.json","2026-09-01T23:41:27.886761+00:00"
"2019/crlsa-2019_3673.json","2026-09-01T23:41:27.458690+00:00"
"2023/crlsa-2023_7712.json","2026-09-01T23:41:27.344194+00:00"
"2024/crlsa-2024_4861.json","2026-09-01T23:41:27.206023+00:00"
"2026/crlsa-2026_4728.json","2026-09-01T23:41:27.057904+00:00"
"2025/crlsa-2025_4797.json","2026-09-01T23:41:26.892660+00:00"
"2025/crlsa-2025_8744.json","2026-09-01T23:41:26.803175+00:00"
"2021/crlsa-2021_1989.json","2026-09-01T23:41:26.626769+00:00"
"2024/crxsa-2024_1248.json","2026-09-01T23:41:26.038893+00:00"
"2021/crlsa-2021_1879.json","2026-09-01T23:41:25.497925+00:00"
"2023/crlsa-2023_0089.json","2026-09-01T23:41:24.166991+00:00"
"2026/crlsa-2026_28553.json","2026-09-01T23:41:22.573088+00:00"
"2022/crlsa-2022_7185.json","2026-09-01T23:41:22.362633+00:00"
"2024/crlsa-2024_6963.json","2026-09-01T23:41:22.058603+00:00"
"2025/crlsa-2025_9434.json","2026-09-01T23:41:21.794527+00:00"
"2021/crlsa-2021_3572.json","2026-09-01T23:41:21.641251+00:00"
"2023/crlsa-2023_0954.json","2026-09-01T23:41:21.124541+00:00"
"2020/crlsa-2020_4647.json","2026-09-01T23:41:20.456870+00:00"
"2026/crlsa-2026_10708.json","2026-09-01T23:41:20.365057+00:00"
"2024/crlsa-2024_2778.json","2026-09-01T23:41:20.046006+00:00"
"2024/crlsa-2024_7136.json","2026-09-01T23:41:19.849087+00:00"
"2023/crlsa-2023_0837.json","2026-09-01T23:41:19.701143+00:00"
"2024/crlsa-2024_9457.json","2026-09-01T23:41:19.350225+00:00"
"2021/crlsa-2021_0549.json","2026-09-01T23:41:19.296249+00:00"
"2021/crlsa-2021_3547.json","2026-09-01T23:41:17.629886+00:00"
"2026/crlsa-2026_3967.json","2026-09-01T23:41:17.488496+00:00"
"2025/crlsa-2025_9118.json","2026-09-01T23:41:17.354230+00:00"
"2024/crlsa-2024_10218.json","2026-09-01T23:41:17.158493+00:00"
"2023/crlsa-2023_3590.json","2026-09-01T23:41:16.872337+00:00"
"2025/crlsa-2025_0693.json","2026-09-01T23:41:16.768239+00:00"
"2025/crlsa-2025_8468.json","2026-09-01T23:41:16.563774+00:00"
"2026/crlsa-2026_0233.json","2026-09-01T23:41:16.017616+00:00"
"2024/crlsa-2024_2366.json","2026-09-01T23:41:15.381031+00:00"
"2025/crlsa-2025_2471.json","2026-09-01T23:41:15.203433+00:00"
"2025/crlsa-2025_22668.json","2026-09-01T23:41:15.097536+00:00"
"2022/crlsa-2022_6443.json","2026-09-01T23:41:14.874890+00:00"
"2024/crlsa-2024_3659.json","2026-09-01T23:41:14.195203+00:00"
"2024/crlsa-2024_8846.json","2026-09-01T23:41:14.027859+00:00"
"2024/crlsa-2024_8111.json","2026-09-01T23:41:12.886413+00:00"
"2021/crlsa-2021_4590.json","2026-09-01T23:41:12.705330+00:00"
"2024/crlsa-2024_4624.json","2026-09-01T23:41:12.378239+00:00"
"2021/crlsa-2021_4464.json","2026-09-01T23:41:11.894798+00:00"
"2021/crlsa-2021_2660.json","2026-09-01T23:41:10.983585+00:00"
"2026/crlsa-2026_11510.json","2026-09-01T23:41:10.878896+00:00"
"2025/crlsa-2025_1346.json","2026-09-01T23:41:10.484464+00:00"
"2025/crlsa-2025_1300.json","2026-09-01T23:41:08.981159+00:00"
"2024/crlsa-2024_8359.json","2026-09-01T23:41:08.019055+00:00"
"2025/crlsa-2025_2679.json","2026-09-01T23:41:06.845549+00:00"
"2024/crlsa-2024_6683.json","2026-09-01T23:41:06.597475+00:00"
"2020/crlsa-2020_4847.json","2026-09-01T23:41:06.379470+00:00"
"2026/crlsa-2026_21468.json","2026-09-01T23:41:05.593673+00:00"
"2025/crlsa-2025_0168.json","2026-09-01T23:41:05.360298+00:00"
"2026/crlsa-2026_7384.json","2026-09-01T23:41:05.245644+00:00"
"2024/crlsa-2024_9136.json","2026-09-01T23:41:04.986930+00:00"
"2026/crlsa-2026_42089.json","2026-09-01T23:41:04.134922+00:00"
"2025/crlsa-2025_15022.json","2026-09-01T23:41:03.745191+00:00"
"2024/crlsa-2024_2568.json","2026-09-01T23:41:03.020790+00:00"
"2023/crlsa-2023_7884.json","2026-09-01T23:41:02.706985+00:00"
"2024/crlsa-2024_6784.json","2026-09-01T23:41:02.191207+00:00"
"2020/crlsa-2020_4436.json","2026-09-01T23:41:01.437870+00:00"
"2024/crlsa-2024_2548.json","2026-09-01T23:41:00.613416+00:00"
"2024/crlsa-2024_1615.json","2026-09-01T23:41:00.313260+00:00"
"2026/crlsa-2026_59490.json","2026-09-01T23:41:00.110758+00:00"
"2021/crlsa-2021_4142.json","2026-09-01T23:40:57.850043+00:00"
"2025/crlsa-2025_14181.json","2026-09-01T23:40:57.762161+00:00"
"2025/crlsa-2025_3260.json","2026-09-01T23:40:57.636394+00:00"
"2024/crlsa-2024_9184.json","2026-09-01T23:40:57.177462+00:00"
"2023/crlsa-2023_5924.json","2026-09-01T23:40:56.823663+00:00"
"2025/crlsa-2025_1673.json","2026-09-01T23:40:56.619248+00:00"
"2026/crlsa-2026_43420.json","2026-09-01T23:40:56.262945+00:00"
"2026/crlsa-2026_54530.json","2026-09-01T23:40:56.081542+00:00"
"2025/crlsa-2025_11456.json","2026-09-01T23:40:55.388640+00:00"
"2026/crlsa-2026_23258.json","2026-09-01T23:40:55.223531+00:00"
"2026/crlsa-2026_4064.json","2026-09-01T23:40:54.774415+00:00"
"2024/crlsa-2024_0539.json","2026-09-01T23:40:53.876316+00:00"
"2024/crlsa-2024_0012.json","2026-09-01T23:40:53.770547+00:00"
"2025/crlsa-2025_11463.json","2026-09-01T23:40:53.654807+00:00"
"2024/crlsa-2024_3668.json","2026-09-01T23:40:52.936107+00:00"
"2020/crlsa-2020_4484.json","2026-09-01T23:40:52.664151+00:00"
"2023/crlsa-2023_1880.json","2026-09-01T23:40:52.486027+00:00"
"2025/crlsa-2025_17675.json","2026-09-01T23:40:51.670448+00:00"
"2026/crlsa-2026_13383.json","2026-09-01T23:40:51.550375+00:00"
"2021/crlsa-2021_3153.json","2026-09-01T23:40:51.254251+00:00"
"2023/crlsa-2023_6385.json","2026-09-01T23:40:51.137067+00:00"
"2021/crlsa-2021_0705.json","2026-09-01T23:40:50.930955+00:00"
"2022/crlsa-2022_0672.json","2026-09-01T23:40:49.523820+00:00"
"2024/crlsa-2024_4084.json","2026-09-01T23:40:48.351059+00:00"
"2025/crlsa-2025_15687.json","2026-09-01T23:40:47.991218+00:00"
"2025/crlsa-2025_8812.json","2026-09-01T23:40:46.351536+00:00"
"2025/crlsa-2025_8743.json","2026-09-01T23:40:46.021772+00:00"
"2024/crlsa-2024_8834.json","2026-09-01T23:40:45.595852+00:00"
"2024/crlsa-2024_3184.json","2026-09-01T23:40:45.505350+00:00"
"2025/crlsa-2025_1283.json","2026-09-01T23:40:45.230899+00:00"
"2026/crlsa-2026_1240.json","2026-09-01T23:40:45.123571+00:00"
"2022/crlsa-2022_8252.json","2026-09-01T23:40:44.610144+00:00"
"2026/crlsa-2026_1574.json","2026-09-01T23:40:44.258108+00:00"
"2026/crlsa-2026_27862.json","2026-09-01T23:40:43.430786+00:00"
"2026/crlsa-2026_19368.json","2026-09-01T23:40:43.264315+00:00"
"2025/crlsa-2025_23342.json","2026-09-01T23:40:43.093208+00:00"
"2021/crlsa-2021_2591.json","2026-09-01T23:40:42.782344+00:00"
"2021/crlsa-2021_0551.json","2026-09-01T23:40:42.714669+00:00"
"2025/crlsa-2025_12010.json","2026-09-01T23:40:42.307245+00:00"
"2020/crlsa-2020_3662.json","2026-09-01T23:40:41.953777+00:00"
"2025/crlsa-2025_0737.json","2026-09-01T23:40:40.698306+00:00"
"2023/crlsa-2023_0606.json","2026-09-01T23:40:39.381220+00:00"
"2024/crlsa-2024_0134.json","2026-09-01T23:40:39.277577+00:00"
"2026/crlsa-2026_3464.json","2026-09-01T23:40:39.100853+00:00"
"2025/crlsa-2025_23480.json","2026-09-01T23:40:38.670101+00:00"
"2026/crlsa-2026_55804.json","2026-09-01T23:40:38.231163+00:00"
"2024/crlsa-2024_7550.json","2026-09-01T23:40:38.047791+00:00"
"2024/crlsa-2024_5927.json","2026-09-01T23:40:37.868228+00:00"
"2025/crlsa-2025_9184.json","2026-09-01T23:40:37.223660+00:00"
"2026/crlsa-2026_5580.json","2026-09-01T23:40:36.779569+00:00"
"2023/crlsa-2023_0202.json","2026-09-01T23:40:36.189261+00:00"
"2021/crlsa-2021_1206.json","2026-09-01T23:40:35.182537+00:00"
"2026/crlsa-2026_7002.json","2026-09-01T23:40:34.811787+00:00"
"2021/crlsa-2021_2588.json","2026-09-01T23:40:34.010763+00:00"
"2022/crlsa-2022_1823.json","2026-09-01T23:40:32.866509+00:00"
"2020/crlsa-2020_1852.json","2026-09-01T23:40:32.708003+00:00"
"2026/crlsa-2026_30856.json","2026-09-01T23:40:32.618777+00:00"
"2023/crxsa-2023_1566.json","2026-09-01T23:40:31.602130+00:00"
"2025/crlsa-2025_7049.json","2026-09-01T23:40:31.175987+00:00"
"2024/crlsa-2024_6947.json","2026-09-01T23:40:31.109737+00:00"
"2025/crlsa-2025_7895.json","2026-09-01T23:40:30.767863+00:00"
"2024/crlsa-2024_5531.json","2026-09-01T23:40:30.654649+00:00"
"2025/crlsa-2025_9060.json","2026-09-01T23:40:30.599072+00:00"
"2026/crxsa-2026_49857.json","2026-09-01T23:40:30.495179+00:00"
"2025/crlsa-2025_23739.json","2026-09-01T23:40:30.104959+00:00"
"2024/crlsa-2024_2463.json","2026-09-01T23:40:29.940046+00:00"
"2022/crlsa-2022_8299.json","2026-09-01T23:40:29.257147+00:00"
"2026/crlsa-2026_10950.json","2026-09-01T23:40:28.864982+00:00"
"2026/crlsa-2026_36618.json","2026-09-01T23:40:28.548884+00:00"
"2026/crlsa-2026_56131.json","2026-09-01T23:40:26.981006+00:00"
"2020/crlsa-2020_4690.json","2026-09-01T23:40:26.482736+00:00"
"2024/crlsa-2024_2145.json","2026-09-01T23:40:26.294425+00:00"
"2026/crlsa-2026_54510.json","2026-09-01T23:40:24.386670+00:00"
"2026/crlsa-2026_2264.json","2026-09-01T23:40:23.908649+00:00"
"2019/crlsa-2019_2925.json","2026-09-01T23:40:23.026466+00:00"
"2024/crlsa-2024_1436.json","2026-09-01T23:40:22.793418+00:00"
"2021/crlsa-2021_4585.json","2026-09-01T23:40:22.722672+00:00"
"2026/crlsa-2026_28208.json","2026-09-01T23:40:22.299374+00:00"
"2026/crlsa-2026_13670.json","2026-09-01T23:40:21.422403+00:00"
"2023/crlsa-2023_5264.json","2026-09-01T23:40:20.596827+00:00"
"2025/crlsa-2025_2667.json","2026-09-01T23:40:15.385042+00:00"
"2023/crlsa-2023_0282.json","2026-09-01T23:40:15.063345+00:00"
"2022/crlsa-2022_0886.json","2026-09-01T23:40:14.730685+00:00"
"2022/crlsa-2022_6463.json","2026-09-01T23:40:09.935868+00:00"
"2021/crlsa-2021_1846.json","2026-09-01T23:40:09.045571+00:00"
"2021/crlsa-2021_4364.json","2026-09-01T23:40:08.404663+00:00"
"2025/crlsa-2025_14546.json","2026-09-01T23:40:08.289245+00:00"
"2024/crlsa-2024_4211.json","2026-09-01T23:40:07.928778+00:00"
"2019/crlsa-2019_3494.json","2026-09-01T23:40:07.481017+00:00"
"2023/crlsa-2023_5048.json","2026-09-01T23:40:07.233039+00:00"
"2026/crlsa-2026_3898.json","2026-09-01T23:40:06.960843+00:00"
"2026/crlsa-2026_1412.json","2026-09-01T23:40:06.762458+00:00"
"2025/crlsa-2025_11803.json","2026-09-01T23:40:05.105185+00:00"
"2021/crlsa-2021_3074.json","2026-09-01T23:40:04.627061+00:00"
"2026/crlsa-2026_7343.json","2026-09-01T23:40:03.727084+00:00"
"2023/crlsa-2023_0284.json","2026-09-01T23:40:02.541406+00:00"
"2020/crlsa-2020_3176.json","2026-09-01T23:40:02.013017+00:00"
"2024/crlsa-2024_3030.json","2026-09-01T23:40:01.956250+00:00"
"2024/crlsa-2024_8860.json","2026-09-01T23:40:01.782228+00:00"
"2026/crxsa-2026_45192.json","2026-09-01T23:40:01.381020+00:00"
"2026/crlsa-2026_9044.json","2026-09-01T23:40:00.828086+00:00"
"2025/crlsa-2025_0743.json","2026-09-01T23:40:00.571112+00:00"
"2026/crlsa-2026_2821.json","2026-09-01T23:40:00.468066+00:00"
"2025/crlsa-2025_13780.json","2026-09-01T23:40:00.291675+00:00"
"2026/crlsa-2026_17481.json","2026-09-01T23:40:00.046595+00:00"
"2026/crlsa-2026_6949.json","2026-09-01T23:39:59.947426+00:00"
"2020/crlea-2020_0330.json","2026-09-01T23:39:59.766542+00:00"
"2024/crlsa-2024_4623.json","2026-09-01T23:39:59.683089+00:00"
"2022/crlsa-2022_7715.json","2026-09-01T23:39:59.071846+00:00"
"2022/crlsa-2022_6164.json","2026-09-01T23:39:58.904830+00:00"
"2026/crlsa-2026_25120.json","2026-09-01T23:39:57.959487+00:00"
"2022/crlsa-2022_6590.json","2026-09-01T23:39:57.693288+00:00"
"2021/crlsa-2021_2264.json","2026-09-01T23:39:57.246953+00:00"
"2023/crlsa-2023_4100.json","2026-09-01T23:39:57.153515+00:00"
"2023/crlsa-2023_3559.json","2026-09-01T23:39:56.885238+00:00"
"2026/crlsa-2026_3730.json","2026-09-01T23:39:56.668674+00:00"
"2026/crlsa-2026_15953.json","2026-09-01T23:39:55.642030+00:00"
"2026/crlsa-2026_2214.json","2026-09-01T23:39:55.389267+00:00"
"2024/crlsa-2024_2525.json","2026-09-01T23:39:55.331367+00:00"
"2025/crlsa-2025_21628.json","2026-09-01T23:39:55.271027+00:00"
"2025/crlsa-2025_9431.json","2026-09-01T23:39:55.147321+00:00"
"2020/crlsa-2020_4654.json","2026-09-01T23:39:54.860070+00:00"
"2024/crlsa-2024_9689.json","2026-09-01T23:39:52.426304+00:00"
"2024/crlsa-2024_7001.json","2026-09-01T23:39:50.991218+00:00"
"2026/crlsa-2026_9692.json","2026-09-01T23:39:50.798478+00:00"
"2026/crlsa-2026_4828.json","2026-09-01T23:39:50.378688+00:00"
"2024/crlsa-2024_4502.json","2026-09-01T23:39:49.918355+00:00"
"2019/crlsa-2019_1972.json","2026-09-01T23:39:49.740143+00:00"
"2026/crlsa-2026_0933.json","2026-09-01T23:39:49.108630+00:00"
"2026/crlsa-2026_4898.json","2026-09-01T23:39:48.618630+00:00"
"2024/crlsa-2024_3501.json","2026-09-01T23:39:48.358801+00:00"
"2020/crlsa-2020_4469.json","2026-09-01T23:39:48.111292+00:00"
"2025/crlsa-2025_0325.json","2026-09-01T23:39:47.842573+00:00"
"2026/crlsa-2026_41901.json","2026-09-01T23:39:47.716889+00:00"
"2026/crlsa-2026_20568.json","2026-09-01T23:39:47.399037+00:00"
"2024/crlsa-2024_0608.json","2026-09-01T23:39:47.347601+00:00"
"2026/crlsa-2026_19370.json","2026-09-01T23:39:47.277195+00:00"
"2026/crlsa-2026_39180.json","2026-09-01T23:39:47.105755+00:00"
"2025/crlsa-2025_20935.json","2026-09-01T23:39:46.939594+00:00"
"2021/crlsa-2021_3075.json","2026-09-01T23:39:46.657840+00:00"
"2026/crlsa-2026_28212.json","2026-09-01T23:39:46.427238+00:00"
"2021/crlsa-2021_4154.json","2026-09-01T23:39:45.269556+00:00"
"2026/crlsa-2026_36307.json","2026-09-01T23:39:43.386644+00:00"
"2026/crlsa-2026_6005.json","2026-09-01T23:39:42.459258+00:00"
"2025/crlsa-2025_8635.json","2026-09-01T23:39:42.216851+00:00"
"2025/crlsa-2025_19793.json","2026-09-01T23:39:42.066296+00:00"
"2026/crlsa-2026_11504.json","2026-09-01T23:39:41.787082+00:00"
"2026/crlsa-2026_6188.json","2026-09-01T23:39:41.328793+00:00"
"2024/crlsa-2024_3211.json","2026-09-01T23:39:41.191450+00:00"
"2022/crlsa-2022_6540.json","2026-09-01T23:39:41.100695+00:00"
"2026/crlsa-2026_0694.json","2026-09-01T23:39:40.847749+00:00"
"2025/crlsa-2025_10867.json","2026-09-01T23:39:40.660079+00:00"
"2026/crlsa-2026_2707.json","2026-09-01T23:39:40.113571+00:00"
"2023/crlsa-2023_7836.json","2026-09-01T23:39:39.911277+00:00"
"2020/crlsa-2020_4451.json","2026-09-01T23:39:39.179731+00:00"
"2024/crlsa-2024_4243.json","2026-09-01T23:39:36.812093+00:00"
"2026/crlsa-2026_18868.json","2026-09-01T23:39:36.538604+00:00"
"2019/crlsa-2019_0984.json","2026-09-01T23:39:36.384999+00:00"
"2024/crlsa-2024_0861.json","2026-09-01T23:39:35.991328+00:00"
"2025/crlsa-2025_0145.json","2026-09-01T23:39:35.727574+00:00"
"2026/crlsa-2026_3963.json","2026-09-01T23:39:35.435175+00:00"
"2024/crlsa-2024_4450.json","2026-09-01T23:39:34.993903+00:00"
"2021/crlsa-2021_4386.json","2026-09-01T23:39:34.340347+00:00"
"2026/crlsa-2026_10704.json","2026-09-01T23:39:33.427309+00:00"
"2026/crlsa-2026_19344.json","2026-09-01T23:39:33.136237+00:00"
"2026/crlsa-2026_4772.json","2026-09-01T23:39:32.837523+00:00"
"2025/crlsa-2025_3408.json","2026-09-01T23:39:29.199547+00:00"
"2026/crlsa-2026_1142.json","2026-09-01T23:39:27.075514+00:00"
"2021/crlsa-2021_4517.json","2026-09-01T23:39:26.654009+00:00"
"2026/crlsa-2026_5602.json","2026-09-01T23:39:26.439139+00:00"
"2025/crlsa-2025_17415.json","2026-09-01T23:39:26.081197+00:00"
"2025/crlsa-2025_23137.json","2026-09-01T23:39:25.793275+00:00"
"2023/crlsa-2023_0662.json","2026-09-01T23:39:25.264613+00:00"
"2026/crlsa-2026_38847.json","2026-09-01T23:39:25.026141+00:00"
"2025/crlsa-2025_12746.json","2026-09-01T23:39:24.083248+00:00"
"2024/crlsa-2024_1335.json","2026-09-01T23:39:22.569692+00:00"
"2024/crlsa-2024_5101.json","2026-09-01T23:39:22.278984+00:00"
"2025/crlsa-2025_20928.json","2026-09-01T23:39:21.616628+00:00"
"2026/crlsa-2026_12176.json","2026-09-01T23:39:21.105464+00:00"
"2026/crlsa-2026_22551.json","2026-09-01T23:39:20.598403+00:00"
"2025/crlsa-2025_10027.json","2026-09-01T23:39:20.455670+00:00"
"2024/crlsa-2024_3827.json","2026-09-01T23:39:20.314219+00:00"
"2022/crlsa-2022_7647.json","2026-09-01T23:39:20.098838+00:00"
"2021/crlsa-2021_2375.json","2026-09-01T23:39:19.656749+00:00"
"2026/crlsa-2026_40895.json","2026-09-01T23:39:17.481806+00:00"
"2024/crlsa-2024_1427.json","2026-09-01T23:39:17.201968+00:00"
"2020/crlsa-2020_4638.json","2026-09-01T23:39:16.304120+00:00"
"2023/crlsa-2023_0103.json","2026-09-01T23:39:16.204231+00:00"
"2024/crlsa-2024_9559.json","2026-09-01T23:39:16.058607+00:00"
"2026/crlsa-2026_19345.json","2026-09-01T23:39:15.868316+00:00"
"2024/crlsa-2024_11299.json","2026-09-01T23:39:15.678445+00:00"
"2024/crlsa-2024_1438.json","2026-09-01T23:39:15.511764+00:00"
"2025/crlsa-2025_11534.json","2026-09-01T23:39:15.389443+00:00"
"2022/crlsa-2022_6439.json","2026-09-01T23:39:15.119408+00:00"
"2022/crlsa-2022_1565.json","2026-09-01T23:39:14.905928+00:00"
"2026/crlsa-2026_38486.json","2026-09-01T23:39:12.097190+00:00"
"2026/crlsa-2026_28143.json","2026-09-01T23:39:11.575381+00:00"
"2024/crlsa-2024_0827.json","2026-09-01T23:39:10.743662+00:00"
"2025/crlsa-2025_13935.json","2026-09-01T23:39:10.397447+00:00"
"2023/crlsa-2023_1576.json","2026-09-01T23:39:10.177372+00:00"
"2025/crlsa-2025_0837.json","2026-09-01T23:39:09.537961+00:00"
"2023/crlsa-2023_2898.json","2026-09-01T23:39:09.329354+00:00"
"2025/crlsa-2025_7967.json","2026-09-01T23:39:09.214302+00:00"
"2026/crxsa-2026_51035.json","2026-09-01T23:39:09.071647+00:00"
"2026/crlsa-2026_53329.json","2026-09-01T23:39:08.453564+00:00"
"2026/crlsa-2026_19357.json","2026-09-01T23:39:06.971832+00:00"
"2021/crlsa-2021_1702.json","2026-09-01T23:39:06.293610+00:00"
"2022/crlsa-2022_7970.json","2026-09-01T23:39:06.119992+00:00"
"2024/crlsa-2024_2981.json","2026-09-01T23:39:05.735121+00:00"
"2023/crlsa-2023_7050.json","2026-09-01T23:39:05.592205+00:00"
"2026/crlsa-2026_4024.json","2026-09-01T23:39:04.237464+00:00"
"2026/crlsa-2026_19180.json","2026-09-01T23:39:03.262296+00:00"
"2026/crlsa-2026_54662.json","2026-09-01T23:39:02.613476+00:00"
"2026/crlsa-2026_1408.json","2026-09-01T23:39:02.335236+00:00"
"2023/crlsa-2023_1368.json","2026-09-01T23:39:01.920179+00:00"
"2024/crlsa-2024_9424.json","2026-09-01T23:39:01.179631+00:00"
"2020/crlsa-2020_1317.json","2026-09-01T23:39:01.041704+00:00"
"2026/crlsa-2026_37123.json","2026-09-01T23:39:00.803925+00:00"
"2023/crlsa-2023_1067.json","2026-09-01T23:38:59.417135+00:00"
"2025/crlsa-2025_11850.json","2026-09-01T23:38:59.308065+00:00"
"2023/crlsa-2023_5742.json","2026-09-01T23:38:58.870681+00:00"
"2026/crlsa-2026_49520.json","2026-09-01T23:38:58.578253+00:00"
"2025/crlsa-2025_4341.json","2026-09-01T23:38:58.284615+00:00"
"2026/crlsa-2026_2722.json","2026-09-01T23:38:56.890894+00:00"
"2026/crlsa-2026_56130.json","2026-09-01T23:38:55.129012+00:00"
"2025/crlsa-2025_11805.json","2026-09-01T23:38:54.939085+00:00"
"2020/crlsa-2020_0902.json","2026-09-01T23:38:54.492394+00:00"
"2024/crlsa-2024_0256.json","2026-09-01T23:38:54.282699+00:00"
"2025/crlsa-2025_16589.json","2026-09-01T23:38:54.041070+00:00"
"2020/crlsa-2020_1653.json","2026-09-01T23:38:53.953483+00:00"
"2026/crlsa-2026_22553.json","2026-09-01T23:38:53.786597+00:00"
"2026/crlsa-2026_8534.json","2026-09-01T23:38:53.359799+00:00"
"2026/crlsa-2026_53364.json","2026-09-01T23:38:53.167256+00:00"
"2025/crlsa-2025_23700.json","2026-09-01T23:38:53.020797+00:00"
"2026/crlsa-2026_4216.json","2026-09-01T23:38:52.692592+00:00"
"2026/crlsa-2026_38503.json","2026-09-01T23:38:52.315089+00:00"
"2021/crlsa-2021_3079.json","2026-09-01T23:38:52.126466+00:00"
"2026/crlsa-2026_0771.json","2026-09-01T23:38:51.927484+00:00"
"2025/crlsa-2025_2600.json","2026-09-01T23:38:51.531094+00:00"
"2024/crlsa-2024_4050.json","2026-09-01T23:38:51.435391+00:00"
"2023/crlsa-2023_1592.json","2026-09-01T23:38:51.304322+00:00"
"2021/crlsa-2021_1610.json","2026-09-01T23:38:51.155980+00:00"
"2025/crlsa-2025_0733.json","2026-09-01T23:38:43.605134+00:00"
"2026/crlsa-2026_36832.json","2026-09-01T23:38:43.377462+00:00"
"2022/crlsa-2022_1950.json","2026-09-01T23:38:41.285582+00:00"
"2026/crlsa-2026_27811.json","2026-09-01T23:38:41.047461+00:00"
"2026/crlsa-2026_55857.json","2026-09-01T23:38:40.616567+00:00"
"2024/crlsa-2024_4935.json","2026-09-01T23:38:39.916444+00:00"
"2025/crlsa-2025_12008.json","2026-09-01T23:38:39.109937+00:00"
"2022/crlsa-2022_5061.json","2026-09-01T23:38:38.935264+00:00"
"2022/crlsa-2022_6523.json","2026-09-01T23:38:38.788491+00:00"
"2026/crlsa-2026_4177.json","2026-09-01T23:38:38.641548+00:00"
"2024/crlsa-2024_3049.json","2026-09-01T23:38:38.571286+00:00"
"2021/crlsa-2021_4158.json","2026-09-01T23:38:38.521805+00:00"
"2025/crlsa-2025_16861.json","2026-09-01T23:38:38.331282+00:00"
"2024/crlsa-2024_10834.json","2026-09-01T23:38:37.755055+00:00"
"2025/crlsa-2025_23483.json","2026-09-01T23:38:37.040120+00:00"
"2021/crlsa-2021_0611.json","2026-09-01T23:38:36.489421+00:00"
"2025/crlsa-2025_0314.json","2026-09-01T23:38:36.373885+00:00"
"2026/crlsa-2026_2799.json","2026-09-01T23:38:36.195867+00:00"
"2023/crlsa-2023_7025.json","2026-09-01T23:38:34.613788+00:00"
"2025/crlsa-2025_1292.json","2026-09-01T23:38:33.857816+00:00"
"2024/crlsa-2024_2994.json","2026-09-01T23:38:33.636809+00:00"
"2025/crlsa-2025_11042.json","2026-09-01T23:38:33.294258+00:00"
"2024/crlsa-2024_2278.json","2026-09-01T23:38:32.975342+00:00"
"2025/crlba-2025_2973.json","2026-09-01T23:38:32.362632+00:00"
"2022/crlsa-2022_2031.json","2026-09-01T23:38:32.218565+00:00"
"2025/crlsa-2025_7243.json","2026-09-01T23:38:31.669941+00:00"
"2024/crlsa-2024_1688.json","2026-09-01T23:38:29.219469+00:00"
"2024/crlsa-2024_5598.json","2026-09-01T23:38:29.029464+00:00"
"2024/crlsa-2024_10219.json","2026-09-01T23:38:27.372737+00:00"
"2023/crlsa-2023_0194.json","2026-09-01T23:38:26.526245+00:00"
"2021/crlsa-2021_4251.json","2026-09-01T23:38:25.680466+00:00"
"2026/crlsa-2026_41947.json","2026-09-01T23:38:25.465777+00:00"
"2022/crlsa-2022_4795.json","2026-09-01T23:38:25.044631+00:00"
"2022/crlsa-2022_7558.json","2026-09-01T23:38:23.794956+00:00"
"2019/crlsa-2019_3706.json","2026-09-01T23:38:23.661315+00:00"
"2024/crlsa-2024_10979.json","2026-09-01T23:38:23.482519+00:00"
"2024/crlsa-2024_4246.json","2026-09-01T23:38:23.062487+00:00"
"2023/crlsa-2023_0821.json","2026-09-01T23:38:17.456746+00:00"
"2025/crlsa-2025_7163.json","2026-09-01T23:38:17.337683+00:00"
"2025/crlsa-2025_16823.json","2026-09-01T23:38:16.328014+00:00"
"2024/crlsa-2024_4262.json","2026-09-01T23:38:16.026930+00:00"
"2025/crlsa-2025_14135.json","2026-09-01T23:38:15.456783+00:00"
"2026/crlsa-2026_13830.json","2026-09-01T23:38:15.278539+00:00"
"2025/crlsa-2025_11335.json","2026-09-01T23:38:15.051906+00:00"
"2022/crlsa-2022_5344.json","2026-09-01T23:38:14.942162+00:00"
"2026/crlsa-2026_14929.json","2026-09-01T23:38:14.780961+00:00"
"2024/crlsa-2024_0627.json","2026-09-01T23:38:14.683312+00:00"
"2023/crlsa-2023_2851.json","2026-09-01T23:38:14.557107+00:00"
"2025/crlsa-2025_0912.json","2026-09-01T23:38:14.359880+00:00"
"2026/crlsa-2026_37282.json","2026-09-01T23:38:13.480457+00:00"
"2022/crlsa-2022_2013.json","2026-09-01T23:38:12.801362+00:00"
"2026/crlsa-2026_1473.json","2026-09-01T23:38:12.034182+00:00"
"2025/crlsa-2025_10148.json","2026-09-01T23:38:11.721652+00:00"
"2025/crlsa-2025_15009.json","2026-09-01T23:38:11.351820+00:00"
"2024/crlsa-2024_8790.json","2026-09-01T23:38:11.188211+00:00"
"2026/crlsa-2026_38497.json","2026-09-01T23:38:11.077002+00:00"
"2026/crlsa-2026_55603.json","2026-09-01T23:38:10.562882+00:00"
"2024/crlsa-2024_4242.json","2026-09-01T23:38:09.537578+00:00"
"2026/crlsa-2026_8459.json","2026-09-01T23:38:07.886630+00:00"
"2025/crlsa-2025_19433.json","2026-09-01T23:38:07.733530+00:00"
"2026/crlsa-2026_7123.json","2026-09-01T23:38:07.225393+00:00"
"2024/crlsa-2024_4078.json","2026-09-01T23:38:06.340392+00:00"
"2025/crlsa-2025_19623.json","2026-09-01T23:38:05.994915+00:00"
"2026/crlsa-2026_19358.json","2026-09-01T23:38:05.775230+00:00"
"2026/crlsa-2026_36366.json","2026-09-01T23:38:03.605133+00:00"
"2021/crlsa-2021_2291.json","2026-09-01T23:38:03.148460+00:00"
"2026/crlsa-2026_6628.json","2026-09-01T23:38:01.545475+00:00"
"2025/crlsa-2025_23323.json","2026-09-01T23:37:59.411791+00:00"
"2026/crlsa-2026_3463.json","2026-09-01T23:37:59.081092+00:00"
"2022/crlsa-2022_7950.json","2026-09-01T23:37:58.912886+00:00"
"2025/crlsa-2025_9877.json","2026-09-01T23:37:58.538263+00:00"
"2019/crlsa-2019_2799.json","2026-09-01T23:37:51.518801+00:00"
"2025/crlsa-2025_10031.json","2026-09-01T23:37:51.244091+00:00"
"2026/crlsa-2026_19356.json","2026-09-01T23:37:50.985907+00:00"
"2023/crlsa-2023_5312.json","2026-09-01T23:37:50.793512+00:00"
"2022/crlsa-2022_5331.json","2026-09-01T23:37:50.678763+00:00"
"2026/crlsa-2026_26335.json","2026-09-01T23:37:50.506925+00:00"
"2024/crlsa-2024_1431.json","2026-09-01T23:37:50.240051+00:00"
"2021/crlsa-2021_1853.json","2026-09-01T23:37:49.511800+00:00"
"2026/crlsa-2026_19365.json","2026-09-01T23:37:49.302362+00:00"
"2026/crlsa-2026_54485.json","2026-09-01T23:37:49.101280+00:00"
"2024/crlsa-2024_8793.json","2026-09-01T23:37:48.856348+00:00"
"2025/crlsa-2025_12006.json","2026-09-01T23:37:48.718455+00:00"
"2026/crlsa-2026_54542.json","2026-09-01T23:37:48.588201+00:00"
"2025/crlsa-2025_17812.json","2026-09-01T23:37:48.180096+00:00"
"2025/crlsa-2025_9462.json","2026-09-01T23:37:47.995615+00:00"
"2025/crlsa-2025_17509.json","2026-09-01T23:37:47.224100+00:00"
"2026/crlsa-2026_54371.json","2026-09-01T23:37:47.111096+00:00"
"2024/crlsa-2024_8617.json","2026-09-01T23:37:46.441372+00:00"
"2021/crlsa-2021_4319.json","2026-09-01T23:37:45.110439+00:00"
"2026/crlsa-2026_11711.json","2026-09-01T23:37:44.994423+00:00"
"2022/crlsa-2022_2129.json","2026-09-01T23:37:44.830630+00:00"
"2024/crlsa-2024_6464.json","2026-09-01T23:37:44.723171+00:00"
"2025/crlsa-2025_3411.json","2026-09-01T23:37:44.394196+00:00"
"2022/crlsa-2022_8453.json","2026-09-01T23:37:44.307048+00:00"
"2021/crlsa-2021_4231.json","2026-09-01T23:37:44.001326+00:00"
"2024/crlsa-2024_4249.json","2026-09-01T23:37:43.842106+00:00"
"2026/crlsa-2026_36331.json","2026-09-01T23:37:43.688007+00:00"
"2026/crlsa-2026_47057.json","2026-09-01T23:37:43.126282+00:00"
"2026/crlsa-2026_26348.json","2026-09-01T23:37:42.712362+00:00"
"2025/crlsa-2025_3026.json","2026-09-01T23:37:42.583563+00:00"
"2023/crlsa-2023_7668.json","2026-09-01T23:37:42.135552+00:00"
"2026/crlsa-2026_4463.json","2026-09-01T23:37:41.993064+00:00"
"2026/crlsa-2026_10949.json","2026-09-01T23:37:40.721489+00:00"
"2025/crlsa-2025_7242.json","2026-09-01T23:37:40.315812+00:00"
"2026/crlsa-2026_9135.json","2026-09-01T23:37:40.067692+00:00"
"2026/crlsa-2026_59241.json","2026-09-01T23:37:39.906574+00:00"
"2026/crlsa-2026_39868.json","2026-09-01T23:37:39.832760+00:00"
"2022/crlsa-2022_6878.json","2026-09-01T23:37:39.518893+00:00"
"2026/crlsa-2026_36733.json","2026-09-01T23:37:39.381993+00:00"
"2025/crlsa-2025_9392.json","2026-09-01T23:37:39.102964+00:00"
"2026/crlsa-2026_7896.json","2026-09-01T23:37:38.879356+00:00"
"2026/crlsa-2026_8510.json","2026-09-01T23:37:38.500011+00:00"
"2023/crlsa-2023_7711.json","2026-09-01T23:37:38.021688+00:00"
"2024/crlsa-2024_8110.json","2026-09-01T23:37:37.823915+00:00"
"2023/crlsa-2023_3923.json","2026-09-01T23:37:37.687287+00:00"
"2026/crlsa-2026_25918.json","2026-09-01T23:37:37.489830+00:00"
"2022/crlsa-2022_0818.json","2026-09-01T23:37:37.240195+00:00"
"2026/crxsa-2026_13565.json","2026-09-01T23:37:37.128413+00:00"
"2021/crlsa-2021_3088.json","2026-09-01T23:37:36.574869+00:00"
"2026/crlsa-2026_47058.json","2026-09-01T23:37:36.417449+00:00"
"2022/crlsa-2022_2074.json","2026-09-01T23:37:35.952259+00:00"
"2026/crlsa-2026_4110.json","2026-09-01T23:37:35.039793+00:00"
"2020/crlsa-2020_2848.json","2026-09-01T23:37:32.938097+00:00"
"2024/crlsa-2024_9185.json","2026-09-01T23:37:32.721113+00:00"
"2026/crlsa-2026_28244.json","2026-09-01T23:37:32.578502+00:00"
"2023/crlsa-2023_1566.json","2026-09-01T23:37:31.355383+00:00"
"2026/crlsa-2026_30852.json","2026-09-01T23:37:30.243615+00:00"
"2019/crlsa-2019_3708.json","2026-09-01T23:37:30.041794+00:00"
"2025/crlsa-2025_19512.json","2026-09-01T23:37:29.844249+00:00"
"2024/crlsa-2024_2146.json","2026-09-01T23:37:29.751609+00:00"
"2022/crlsa-2022_8832.json","2026-09-01T23:37:29.543788+00:00"
"2021/crlsa-2021_1242.json","2026-09-01T23:37:29.413902+00:00"
"2026/crlsa-2026_1904.json","2026-09-01T23:37:28.627777+00:00"
"2022/crlsa-2022_6057.json","2026-09-01T23:37:28.502441+00:00"
"2023/crlsa-2023_0321.json","2026-09-01T23:37:28.345241+00:00"
"2024/crlsa-2024_10379.json","2026-09-01T23:37:28.059800+00:00"
"2025/crlsa-2025_22660.json","2026-09-01T23:37:27.910325+00:00"
"2025/crlsa-2025_1230.json","2026-09-01T23:37:27.206958+00:00"
"2025/crlsa-2025_8411.json","2026-09-01T23:37:27.031671+00:00"
"2021/crlsa-2021_4191.json","2026-09-01T23:37:26.374610+00:00"
"2023/crlsa-2023_0335.json","2026-09-01T23:37:21.536794+00:00"
"2023/crlsa-2023_0077.json","2026-09-01T23:37:21.091251+00:00"
"2020/crlsa-2020_1360.json","2026-09-01T23:37:20.732492+00:00"
"2026/crlsa-2026_38796.json","2026-09-01T23:37:20.134603+00:00"
"2025/crlsa-2025_0065.json","2026-09-01T23:37:20.067403+00:00"
"2026/crlsa-2026_22714.json","2026-09-01T23:37:19.612584+00:00"
"2021/crlsa-2021_4396.json","2026-09-01T23:37:19.359321+00:00"
"2026/crlsa-2026_13672.json","2026-09-01T23:37:19.132867+00:00"
"2023/crlsa-2023_5269.json","2026-09-01T23:37:18.350065+00:00"
"2025/crlsa-2025_1742.json","2026-09-01T23:37:17.865605+00:00"
"2025/crlsa-2025_7391.json","2026-09-01T23:37:16.984306+00:00"
"2024/crlsa-2024_3105.json","2026-09-01T23:37:16.353667+00:00"
"2025/crxsa-2025_1262.json","2026-09-01T23:37:16.250038+00:00"
"2024/crlsa-2024_6681.json","2026-09-01T23:37:15.754565+00:00"
"2025/crlsa-2025_22005.json","2026-09-01T23:37:15.583498+00:00"
"2025/crlsa-2025_0739.json","2026-09-01T23:37:15.392973+00:00"
"2021/crlba-2021_4438.json","2026-09-01T23:37:14.540234+00:00"
"2024/crlsa-2024_3513.json","2026-09-01T23:37:13.723248+00:00"
"2022/crlsa-2022_5716.json","2026-09-01T23:37:13.593074+00:00"
"2022/crlsa-2022_5821.json","2026-09-01T23:37:13.239233+00:00"
"2021/crlsa-2021_3027.json","2026-09-01T23:37:07.700162+00:00"
"2021/crlsa-2021_0711.json","2026-09-01T23:37:07.580518+00:00"
"2026/crlsa-2026_1088.json","2026-09-01T23:37:05.147411+00:00"
"2024/crlsa-2024_3233.json","2026-09-01T23:37:05.094656+00:00"
"2026/crlsa-2026_1631.json","2026-09-01T23:37:04.950536+00:00"
"2023/crlsa-2023_2903.json","2026-09-01T23:37:02.803014+00:00"
"2025/crlsa-2025_1068.json","2026-09-01T23:37:01.133401+00:00"
"2024/crlsa-2024_1912.json","2026-09-01T23:37:00.694879+00:00"
"2021/crlsa-2021_4123.json","2026-09-01T23:37:00.601888+00:00"
"2024/crlsa-2024_9439.json","2026-09-01T23:37:00.509670+00:00"
"2026/crlsa-2026_55856.json","2026-09-01T23:37:00.335479+00:00"
"2025/crlsa-2025_23086.json","2026-09-01T23:36:59.671614+00:00"
"2026/crlsa-2026_59152.json","2026-09-01T23:36:59.484722+00:00"
"2025/crlsa-2025_14553.json","2026-09-01T23:36:59.242686+00:00"
"2023/crlsa-2023_6980.json","2026-09-01T23:36:58.968386+00:00"
"2022/crlsa-2022_1537.json","2026-09-01T23:36:53.832764+00:00"
"2024/crlsa-2024_7502.json","2026-09-01T23:36:53.740546+00:00"
"2025/crlsa-2025_6993.json","2026-09-01T23:36:53.542266+00:00"
"2024/crlsa-2024_5192.json","2026-09-01T23:36:53.095231+00:00"
"2026/crlsa-2026_0936.json","2026-09-01T23:36:52.843497+00:00"
"2024/crlsa-2024_5363.json","2026-09-01T23:36:52.310634+00:00"
"2023/crlsa-2023_2757.json","2026-09-01T23:36:50.771525+00:00"
"2019/crlsa-2019_3704.json","2026-09-01T23:36:47.600089+00:00"
"2020/crlsa-2020_5620.json","2026-09-01T23:36:46.720886+00:00"
"2026/crlsa-2026_8841.json","2026-09-01T23:36:46.524006+00:00"
"2025/crlsa-2025_15887.json","2026-09-01T23:36:46.345475+00:00"
"2023/crlea-2023_7117.json","2026-09-01T23:36:46.270219+00:00"
"2024/crlsa-2024_4567.json","2026-09-01T23:36:46.187159+00:00"
"2024/crlsa-2024_2098.json","2026-09-01T23:36:45.602192+00:00"
"2022/crlsa-2022_0177.json","2026-09-01T23:36:44.467821+00:00"
"2021/crlsa-2021_4201.json","2026-09-01T23:36:44.029461+00:00"
"2023/crlsa-2023_3811.json","2026-09-01T23:36:43.942048+00:00"
"2026/crlsa-2026_29455.json","2026-09-01T23:36:42.797748+00:00"
"2021/crlsa-2021_2570.json","2026-09-01T23:36:42.584542+00:00"
"2024/crlsa-2024_0956.json","2026-09-01T23:36:41.547596+00:00"
"2024/crlsa-2024_8800.json","2026-09-01T23:36:41.116388+00:00"
"2026/crlsa-2026_59009.json","2026-09-01T23:36:40.860185+00:00"
"2025/crlsa-2025_7937.json","2026-09-01T23:36:40.473665+00:00"
"2022/crlsa-2022_6585.json","2026-09-01T23:36:40.298041+00:00"
"2025/crlsa-2025_11453.json","2026-09-01T23:36:39.685562+00:00"
"2025/crlsa-2025_11748.json","2026-09-01T23:36:39.500019+00:00"
"2022/crlsa-2022_0892.json","2026-09-01T23:36:39.332699+00:00"
"2025/crlsa-2025_7241.json","2026-09-01T23:36:39.166822+00:00"
"2023/crlsa-2023_6120.json","2026-09-01T23:36:39.054253+00:00"
"2021/crlsa-2021_2583.json","2026-09-01T23:36:37.048909+00:00"
"2024/crlsa-2024_0768.json","2026-09-01T23:36:35.554995+00:00"
"2026/crlsa-2026_22721.json","2026-09-01T23:36:35.417906+00:00"
"2025/crlsa-2025_9150.json","2026-09-01T23:36:27.976317+00:00"
"2024/crlsa-2024_9470.json","2026-09-01T23:36:27.406565+00:00"
"2024/crlsa-2024_2616.json","2026-09-01T23:36:26.915879+00:00"
"2026/crlsa-2026_36195.json","2026-09-01T23:36:26.585140+00:00"
"2021/crlsa-2021_3576.json","2026-09-01T23:36:26.284450+00:00"
"2022/crlsa-2022_1442.json","2026-09-01T23:36:25.877574+00:00"
"2026/crlsa-2026_4306.json","2026-09-01T23:36:25.346494+00:00"
"2025/crlsa-2025_7571.json","2026-09-01T23:36:25.245423+00:00"
"2025/crlsa-2025_9142.json","2026-09-01T23:36:24.723599+00:00"
"2024/crlsa-2024_2988.json","2026-09-01T23:36:17.914805+00:00"
"2025/crlsa-2025_1210.json","2026-09-01T23:36:14.273408+00:00"
"2022/crlsa-2022_7070.json","2026-09-01T23:36:13.999871+00:00"
"2024/crlsa-2024_1962.json","2026-09-01T23:36:13.852464+00:00"
"2023/crlsa-2023_4076.json","2026-09-01T23:36:13.693422+00:00"
"2024/crlsa-2024_3661.json","2026-09-01T23:36:13.595567+00:00"
"2025/crlsa-2025_11402.json","2026-09-01T23:36:13.444450+00:00"
"2025/crlsa-2025_8467.json","2026-09-01T23:36:12.658317+00:00"
"2025/crlsa-2025_0692.json","2026-09-01T23:36:12.508423+00:00"
"2025/crlsa-2025_14442.json","2026-09-01T23:36:12.335791+00:00"
"2026/crlsa-2026_2128.json","2026-09-01T23:36:12.241759+00:00"
"2026/crlsa-2026_36201.json","2026-09-01T23:36:12.037854+00:00"
"2026/crlsa-2026_56970.json","2026-09-01T23:36:11.833669+00:00"
"2021/crlsa-2021_1581.json","2026-09-01T23:36:11.778433+00:00"
"2025/crlsa-2025_0923.json","2026-09-01T23:36:11.542097+00:00"
"2024/crlsa-2024_11242.json","2026-09-01T23:36:11.332993+00:00"
"2024/crlsa-2024_6684.json","2026-09-01T23:36:10.013472+00:00"
"2025/crlsa-2025_23241.json","2026-09-01T23:36:09.871447+00:00"
"2025/crlsa-2025_7586.json","2026-09-01T23:36:08.403313+00:00"
"2026/crlsa-2026_26610.json","2026-09-01T23:36:07.920157+00:00"
"2024/crlsa-2024_0158.json","2026-09-01T23:36:07.427411+00:00"
"2026/crlsa-2026_61242.json","2026-09-01T23:36:07.268112+00:00"
"2025/crlsa-2025_20961.json","2026-09-01T23:36:07.156658+00:00"
"2024/crlsa-2024_10949.json","2026-09-01T23:36:06.096042+00:00"
"2026/crlsa-2026_54575.json","2026-09-01T23:36:05.191998+00:00"
"2022/crlsa-2022_9073.json","2026-09-01T23:36:04.987668+00:00"
"2025/crlsa-2025_4560.json","2026-09-01T23:36:04.800311+00:00"
"2023/crlsa-2023_4524.json","2026-09-01T23:36:04.651581+00:00"
"2026/crlsa-2026_19185.json","2026-09-01T23:36:04.515763+00:00"
"2024/crlsa-2024_10282.json","2026-09-01T23:36:04.205935+00:00"
"2024/crlsa-2024_10980.json","2026-09-01T23:36:02.553135+00:00"
"2025/crlsa-2025_7309.json","2026-09-01T23:36:02.279757+00:00"
"2025/crlsa-2025_18297.json","2026-09-01T23:36:00.396258+00:00"
"2022/crlsa-2022_1934.json","2026-09-01T23:36:00.353896+00:00"
"2025/crlsa-2025_0381.json","2026-09-01T23:36:00.219164+00:00"
"2024/crlsa-2024_4252.json","2026-09-01T23:35:59.532482+00:00"
"2022/crlsa-2022_6854.json","2026-09-01T23:35:59.345143+00:00"
"2026/crlsa-2026_21294.json","2026-09-01T23:35:58.827348+00:00"
"2025/crlsa-2025_8916.json","2026-09-01T23:35:58.473256+00:00"
"2025/crlsa-2025_23087.json","2026-09-01T23:35:58.335320+00:00"
"2024/crlsa-2024_10860.json","2026-09-01T23:35:58.156386+00:00"
"2024/crlsa-2024_7135.json","2026-09-01T23:35:57.910273+00:00"
"2024/crlsa-2024_5258.json","2026-09-01T23:35:55.391226+00:00"
"2020/crlsa-2020_4689.json","2026-09-01T23:35:54.238025+00:00"
"2022/crlsa-2022_8833.json","2026-09-01T23:35:53.944699+00:00"
"2025/crlsa-2025_7050.json","2026-09-01T23:35:51.454858+00:00"
"2022/crlsa-2022_1792.json","2026-09-01T23:35:50.962463+00:00"
"2026/crlsa-2026_29940.json","2026-09-01T23:35:50.711791+00:00"
"2026/crlsa-2026_0443.json","2026-09-01T23:35:49.799536+00:00"
"2026/crlsa-2026_18705.json","2026-09-01T23:35:49.640197+00:00"
"2024/crlsa-2024_3275.json","2026-09-01T23:35:49.553952+00:00"
"2021/crlsa-2021_3253.json","2026-09-01T23:35:49.358534+00:00"
"2022/crlsa-2022_1891.json","2026-09-01T23:35:48.938070+00:00"
"2026/crlsa-2026_8259.json","2026-09-01T23:35:48.758104+00:00"
"2024/crlsa-2024_2843.json","2026-09-01T23:35:48.388410+00:00"
"2024/crlsa-2024_2566.json","2026-09-01T23:35:47.815874+00:00"
"2024/crlsa-2024_5815.json","2026-09-01T23:35:43.354865+00:00"
"2026/crlsa-2026_19216.json","2026-09-01T23:35:43.181626+00:00"
"2025/crlsa-2025_11044.json","2026-09-01T23:35:42.794940+00:00"
"2022/crlsa-2022_6449.json","2026-09-01T23:35:42.718971+00:00"
"2025/crlsa-2025_1266.json","2026-09-01T23:35:42.495910+00:00"
"2026/crlsa-2026_54509.json","2026-09-01T23:35:42.042043+00:00"
"2026/crlsa-2026_19220.json","2026-09-01T23:35:41.754098+00:00"
"2024/crlsa-2024_0973.json","2026-09-01T23:35:41.537644+00:00"
"2024/crlsa-2024_8563.json","2026-09-01T23:35:41.112623+00:00"
"2023/crlsa-2023_6712.json","2026-09-01T23:35:40.914194+00:00"
"2025/crlsa-2025_8756.json","2026-09-01T23:35:40.849194+00:00"
"2022/crlsa-2022_0658.json","2026-09-01T23:35:40.739341+00:00"
"2022/crlsa-2022_7000.json","2026-09-01T23:35:40.131829+00:00"
"2021/crlsa-2021_1898.json","2026-09-01T23:35:39.573802+00:00"
"2023/crlsa-2023_6077.json","2026-09-01T23:35:39.490045+00:00"
"2020/crlsa-2020_4641.json","2026-09-01T23:35:39.337207+00:00"
"2026/crlsa-2026_25221.json","2026-09-01T23:35:38.304666+00:00"
"2022/crlsa-2022_1705.json","2026-09-01T23:35:37.643356+00:00"
"2026/crlsa-2026_19559.json","2026-09-01T23:35:37.552788+00:00"
"2026/crlsa-2026_5513.json","2026-09-01T23:35:37.203813+00:00"
"2026/crlsa-2026_60215.json","2026-09-01T23:35:36.857252+00:00"
"2021/crlsa-2021_3447.json","2026-09-01T23:35:36.785927+00:00"
"2025/crlsa-2025_4493.json","2026-09-01T23:35:36.303267+00:00"
"2023/crlsa-2023_0958.json","2026-09-01T23:35:35.307585+00:00"
"2024/crlsa-2024_9474.json","2026-09-01T23:35:34.988180+00:00"
"2026/crlsa-2026_47011.json","2026-09-01T23:35:34.492088+00:00"
"2023/crlsa-2023_3585.json","2026-09-01T23:35:34.068175+00:00"
"2020/crlsa-2020_4539.json","2026-09-01T23:35:33.695823+00:00"
"2026/crlsa-2026_13677.json","2026-09-01T23:35:33.240199+00:00"
"2026/crlsa-2026_20597.json","2026-09-01T23:35:32.304308+00:00"
"2026/crlsa-2026_6436.json","2026-09-01T23:35:25.302118+00:00"
"2023/crlsa-2023_3582.json","2026-09-01T23:35:25.198422+00:00"
"2024/crlsa-2024_8039.json","2026-09-01T23:35:24.918878+00:00"
"2023/crlsa-2023_3819.json","2026-09-01T23:35:24.603923+00:00"
"2025/crlsa-2025_7426.json","2026-09-01T23:35:24.434297+00:00"
"2026/crlsa-2026_55772.json","2026-09-01T23:35:24.270569+00:00"
"2024/crlsa-2024_2570.json","2026-09-01T23:35:24.122338+00:00"
"2026/crlsa-2026_5640.json","2026-09-01T23:35:23.584127+00:00"
"2024/crlsa-2024_8680.json","2026-09-01T23:35:23.304751+00:00"
"2022/crlsa-2022_6450.json","2026-09-01T23:35:23.132648+00:00"
"2024/crlsa-2024_0955.json","2026-09-01T23:35:22.219390+00:00"
"2023/crlsa-2023_5837.json","2026-09-01T23:35:22.133531+00:00"
"2024/crlsa-2024_9193.json","2026-09-01T23:35:22.093238+00:00"
"2022/crlsa-2022_6539.json","2026-09-01T23:35:22.017568+00:00"
"2020/crlsa-2020_4694.json","2026-09-01T23:35:21.698782+00:00"
"2025/crlsa-2025_23919.json","2026-09-01T23:35:21.311540+00:00"
"2021/crlsa-2021_1609.json","2026-09-01T23:35:20.720400+00:00"
"2021/crlsa-2021_5160.json","2026-09-01T23:35:20.508006+00:00"
"2026/crlsa-2026_25049.json","2026-09-01T23:35:20.247605+00:00"
"2021/crlsa-2021_5171.json","2026-09-01T23:35:18.108867+00:00"
"2020/crlsa-2020_1931.json","2026-09-01T23:35:17.896177+00:00"
"2025/crlsa-2025_8046.json","2026-09-01T23:35:17.170421+00:00"
"2022/crlsa-2022_4799.json","2026-09-01T23:35:16.902035+00:00"
"2021/crlsa-2021_3771.json","2026-09-01T23:35:16.265655+00:00"
"2021/crlsa-2021_4058.json","2026-09-01T23:35:16.169641+00:00"
"2024/crlsa-2024_9192.json","2026-09-01T23:35:15.336898+00:00"
"2025/crlsa-2025_7410.json","2026-09-01T23:35:14.376270+00:00"
"2022/crlsa-2022_1797.json","2026-09-01T23:35:12.556568+00:00"
"2023/crlsa-2023_2873.json","2026-09-01T23:35:12.436931+00:00"
"2024/crlsa-2024_6192.json","2026-09-01T23:35:12.315420+00:00"
"2025/crlsa-2025_15874.json","2026-09-01T23:35:12.186707+00:00"
"2023/crlsa-2023_5061.json","2026-09-01T23:35:11.855912+00:00"
"2024/crlsa-2024_2564.json","2026-09-01T23:35:11.767219+00:00"
"2024/crlsa-2024_4349.json","2026-09-01T23:35:11.558585+00:00"
"2025/crlsa-2025_2452.json","2026-09-01T23:35:10.161177+00:00"
"2026/crlsa-2026_19224.json","2026-09-01T23:35:09.876116+00:00"
"2026/crlsa-2026_33449.json","2026-09-01T23:35:09.461012+00:00"
"2022/crlsa-2022_0332.json","2026-09-01T23:35:07.872141+00:00"
"2021/crlsa-2021_3590.json","2026-09-01T23:35:02.064289+00:00"
"2021/crlsa-2021_1881.json","2026-09-01T23:35:01.709434+00:00"
"2025/crlsa-2025_7201.json","2026-09-01T23:35:01.132197+00:00"
"2025/crlsa-2025_0845.json","2026-09-01T23:35:00.830184+00:00"
"2026/crlsa-2026_11704.json","2026-09-01T23:35:00.623443+00:00"
"2026/crlsa-2026_52765.json","2026-09-01T23:35:00.467147+00:00"
"2025/crlsa-2025_20559.json","2026-09-01T23:35:00.050217+00:00"
"2019/crlsa-2019_2002.json","2026-09-01T23:34:59.787043+00:00"
"2025/crlsa-2025_9114.json","2026-09-01T23:34:59.677446+00:00"
"2026/crlsa-2026_3341.json","2026-09-01T23:34:59.626819+00:00"
"2026/crlsa-2026_14819.json","2026-09-01T23:34:59.458936+00:00"
"2024/crlsa-2024_7457.json","2026-09-01T23:34:59.078124+00:00"
"2025/crlsa-2025_0324.json","2026-09-01T23:34:58.946645+00:00"
"2022/crlsa-2022_0290.json","2026-09-01T23:34:58.796333+00:00"
"2024/crlsa-2024_9548.json","2026-09-01T23:34:58.586075+00:00"
"2021/crlsa-2021_4222.json","2026-09-01T23:34:58.277802+00:00"
"2026/crlsa-2026_6473.json","2026-09-01T23:34:55.639919+00:00"
"2023/crlsa-2023_7714.json","2026-09-01T23:34:55.417324+00:00"
"2021/crlsa-2021_4315.json","2026-09-01T23:34:54.836274+00:00"
"2026/crlsa-2026_0700.json","2026-09-01T23:34:54.743523+00:00"
"2024/crlsa-2024_3846.json","2026-09-01T23:34:54.607733+00:00"
"2026/crlsa-2026_3359.json","2026-09-01T23:34:54.120096+00:00"
"2024/crlsa-2024_3166.json","2026-09-01T23:34:54.054376+00:00"
"2026/crlsa-2026_42122.json","2026-09-01T23:34:53.691502+00:00"
"2026/crlsa-2026_57252.json","2026-09-01T23:34:51.491157+00:00"
"2025/crlsa-2025_13315.json","2026-09-01T23:34:50.017660+00:00"
"2022/crlsa-2022_1759.json","2026-09-01T23:34:48.856018+00:00"
"2025/crlsa-2025_14841.json","2026-09-01T23:34:43.284743+00:00"
"2022/crlsa-2022_0258.json","2026-09-01T23:34:43.000650+00:00"
"2026/crlsa-2026_2419.json","2026-09-01T23:34:41.756500+00:00"
"2025/crlsa-2025_3421.json","2026-09-01T23:34:41.488364+00:00"
"2023/crlsa-2023_5708.json","2026-09-01T23:34:41.351831+00:00"
"2026/crlsa-2026_0130.json","2026-09-01T23:34:41.097738+00:00"
"2024/crlsa-2024_8836.json","2026-09-01T23:34:39.939941+00:00"
"2025/crlsa-2025_10110.json","2026-09-01T23:34:39.677884+00:00"
"2026/crlsa-2026_39315.json","2026-09-01T23:34:39.573466+00:00"
"2021/crlsa-2021_3492.json","2026-09-01T23:34:39.246289+00:00"
"2026/crlsa-2026_16875.json","2026-09-01T23:34:39.076837+00:00"
"2024/crlsa-2024_5291.json","2026-09-01T23:34:38.986320+00:00"
"2023/crlsa-2023_3839.json","2026-09-01T23:34:38.874842+00:00"
"2021/crlsa-2021_4385.json","2026-09-01T23:34:38.730571+00:00"
"2023/crxsa-2023_7749.json","2026-09-01T23:34:38.461556+00:00"
"2022/crlsa-2022_7319.json","2026-09-01T23:34:38.058607+00:00"
"2025/crlsa-2025_19932.json","2026-09-01T23:34:37.648016+00:00"
"2024/crlsa-2024_7699.json","2026-09-01T23:34:37.580859+00:00"
"2023/crlsa-2023_5244.json","2026-09-01T23:34:37.481019+00:00"
"2026/crlsa-2026_59723.json","2026-09-01T23:34:36.380691+00:00"
"2025/crlsa-2025_8686.json","2026-09-01T23:34:34.815334+00:00"
"2023/crlsa-2023_5214.json","2026-09-01T23:34:31.239007+00:00"
"2022/crlsa-2022_1777.json","2026-09-01T23:34:23.691290+00:00"
"2025/crlsa-2025_9581.json","2026-09-01T23:34:23.158981+00:00"
"2021/crlsa-2021_3582.json","2026-09-01T23:34:22.995627+00:00"
"2022/crlsa-2022_8547.json","2026-09-01T23:34:22.728143+00:00"
"2024/crlsa-2024_10779.json","2026-09-01T23:34:22.634542+00:00"
"2026/crlsa-2026_11369.json","2026-09-01T23:34:22.389514+00:00"
"2025/crlsa-2025_20838.json","2026-09-01T23:34:22.188429+00:00"
"2026/crlsa-2026_57254.json","2026-09-01T23:34:21.918216+00:00"
"2026/crlsa-2026_24339.json","2026-09-01T23:34:21.738364+00:00"
"2026/crlsa-2026_6923.json","2026-09-01T23:34:21.133955+00:00"
"2025/crlsa-2025_10246.json","2026-09-01T23:34:19.907210+00:00"
"2021/crlsa-2021_2363.json","2026-09-01T23:34:19.808895+00:00"
"2026/crlsa-2026_39771.json","2026-09-01T23:34:19.656604+00:00"
"2019/crlsa-2019_2593.json","2026-09-01T23:34:19.274183+00:00"
"2026/crlsa-2026_3842.json","2026-09-01T23:34:18.810703+00:00"
"2024/crlsa-2024_3466.json","2026-09-01T23:34:18.656532+00:00"
"2025/crlsa-2025_8056.json","2026-09-01T23:34:17.506837+00:00"
"2024/crlsa-2024_1502.json","2026-09-01T23:34:17.066156+00:00"
"2020/crlsa-2020_1624.json","2026-09-01T23:34:16.701135+00:00"
"2023/crlsa-2023_4952.json","2026-09-01T23:34:15.166511+00:00"
"2026/crlsa-2026_20587.json","2026-09-01T23:34:14.960044+00:00"
"2024/crlsa-2024_8121.json","2026-09-01T23:34:11.334866+00:00"
"2023/crlsa-2023_3821.json","2026-09-01T23:34:09.528895+00:00"
"2022/crlsa-2022_4661.json","2026-09-01T23:34:08.786443+00:00"
"2023/crlsa-2023_5459.json","2026-09-01T23:34:08.704457+00:00"
"2026/crlsa-2026_3095.json","2026-09-01T23:34:08.556728+00:00"
"2025/crlsa-2025_9318.json","2026-09-01T23:34:06.830061+00:00"
"2023/crlsa-2023_5850.json","2026-09-01T23:33:58.988701+00:00"
"2025/crlsa-2025_22376.json","2026-09-01T23:33:57.515116+00:00"
"2026/crlsa-2026_55775.json","2026-09-01T23:33:57.232423+00:00"
"2025/crlsa-2025_8478.json","2026-09-01T23:33:56.682472+00:00"
"2025/crlsa-2025_8246.json","2026-09-01T23:33:56.426843+00:00"
"2025/crlsa-2025_23382.json","2026-09-01T23:33:55.987081+00:00"
"2026/crlsa-2026_22140.json","2026-09-01T23:33:55.469082+00:00"
"2026/crlsa-2026_0921.json","2026-09-01T23:33:51.701958+00:00"
"2025/crlsa-2025_4460.json","2026-09-01T23:33:51.510409+00:00"
"2024/crlsa-2024_2571.json","2026-09-01T23:33:51.301923+00:00"
"2026/crlsa-2026_49922.json","2026-09-01T23:33:49.256162+00:00"
"2021/crlsa-2021_3891.json","2026-09-01T23:33:49.133987+00:00"
"2026/crlsa-2026_6461.json","2026-09-01T23:33:48.503555+00:00"
"2026/crlsa-2026_55439.json","2026-09-01T23:33:48.186615+00:00"
"2023/crlsa-2023_5989.json","2026-09-01T23:33:47.781952+00:00"
"2023/crlsa-2023_3595.json","2026-09-01T23:33:47.625666+00:00"
"2026/crlsa-2026_18597.json","2026-09-01T23:33:47.298148+00:00"
"2025/crlsa-2025_1338.json","2026-09-01T23:33:46.449788+00:00"
"2021/crlsa-2021_4153.json","2026-09-01T23:33:45.891186+00:00"
"2024/crlsa-2024_3203.json","2026-09-01T23:33:45.755427+00:00"
"2026/crlsa-2026_8921.json","2026-09-01T23:33:45.357364+00:00"
"2026/crlsa-2026_26427.json","2026-09-01T23:33:42.954823+00:00"
"2022/crlsa-2022_5809.json","2026-09-01T23:33:42.539278+00:00"
"2024/crlsa-2024_1818.json","2026-09-01T23:33:42.088490+00:00"
"2026/crlsa-2026_47750.json","2026-09-01T23:33:40.471831+00:00"
"2024/crlsa-2024_5694.json","2026-09-01T23:33:38.838571+00:00"
"2025/crlsa-2025_12527.json","2026-09-01T23:33:38.541371+00:00"
"2026/crlsa-2026_36365.json","2026-09-01T23:33:31.481845+00:00"
"2026/crlsa-2026_3031.json","2026-09-01T23:33:31.324857+00:00"
"2021/crlsa-2021_3076.json","2026-09-01T23:33:31.165409+00:00"
"2026/crlsa-2026_48790.json","2026-09-01T23:33:31.000038+00:00"
"2025/crlsa-2025_23744.json","2026-09-01T23:33:30.843096+00:00"
"2026/crlsa-2026_3188.json","2026-09-01T23:33:30.709658+00:00"
"2024/crxsa-2024_3138.json","2026-09-01T23:33:27.446694+00:00"
"2026/crlsa-2026_35829.json","2026-09-01T23:33:26.525369+00:00"
"2024/crlsa-2024_5391.json","2026-09-01T23:33:26.156089+00:00"
"2026/crlsa-2026_37137.json","2026-09-01T23:33:25.012863+00:00"
"2021/crlsa-2021_4221.json","2026-09-01T23:33:24.836121+00:00"
"2024/crlsa-2024_2337.json","2026-09-01T23:33:23.193177+00:00"
"2024/crlsa-2024_3127.json","2026-09-01T23:33:23.058178+00:00"
"2026/crlsa-2026_6383.json","2026-09-01T23:33:22.590549+00:00"
"2023/crlsa-2023_0965.json","2026-09-01T23:33:20.776929+00:00"
"2026/crlsa-2026_26275.json","2026-09-01T23:33:19.185014+00:00"
"2022/crlsa-2022_1819.json","2026-09-01T23:33:18.989946+00:00"
"2019/crlsa-2019_2512.json","2026-09-01T23:33:18.812067+00:00"
"2026/crlsa-2026_0914.json","2026-09-01T23:33:18.612648+00:00"
"2022/crlsa-2022_1762.json","2026-09-01T23:33:18.350307+00:00"
"2026/crlsa-2026_16055.json","2026-09-01T23:33:16.628997+00:00"
"2026/crlsa-2026_11360.json","2026-09-01T23:33:16.462489+00:00"
"2025/crlsa-2025_14899.json","2026-09-01T23:33:16.227876+00:00"
"2021/crlsa-2021_3440.json","2026-09-01T23:33:15.496851+00:00"
"2026/crlsa-2026_26590.json","2026-09-01T23:33:15.337738+00:00"
"2021/crlsa-2021_2575.json","2026-09-01T23:33:15.129018+00:00"
"2025/crlsa-2025_2474.json","2026-09-01T23:33:14.942310+00:00"
"2025/crlsa-2025_20957.json","2026-09-01T23:33:14.776727+00:00"
"2020/crlsa-2020_1616.json","2026-09-01T23:33:14.642823+00:00"
"2026/crlsa-2026_4473.json","2026-09-01T23:33:14.528560+00:00"
"2026/crlsa-2026_8469.json","2026-09-01T23:33:14.246054+00:00"
"2026/crlsa-2026_42550.json","2026-09-01T23:33:13.654893+00:00"
"2026/crlsa-2026_21382.json","2026-09-01T23:33:13.490986+00:00"
"2021/crlsa-2021_4592.json","2026-09-01T23:33:13.406548+00:00"
"2021/crlsa-2021_3585.json","2026-09-01T23:33:13.327205+00:00"
"2025/crlsa-2025_23343.json","2026-09-01T23:33:13.148801+00:00"
"2026/crlsa-2026_7681.json","2026-09-01T23:33:12.933892+00:00"
"2025/crlsa-2025_7438.json","2026-09-01T23:33:12.843590+00:00"
"2023/crlsa-2023_5994.json","2026-09-01T23:33:12.630097+00:00"
"2025/crlsa-2025_14999.json","2026-09-01T23:33:11.557124+00:00"
"2026/crlsa-2026_25932.json","2026-09-01T23:33:11.427325+00:00"
"2026/crlsa-2026_49870.json","2026-09-01T23:33:11.106444+00:00"
"2026/crlsa-2026_33514.json","2026-09-01T23:33:09.612586+00:00"
"2026/crlsa-2026_0695.json","2026-09-01T23:33:08.837586+00:00"
"2025/crlsa-2025_19911.json","2026-09-01T23:33:08.666378+00:00"
"2024/crlsa-2024_3060.json","2026-09-01T23:33:08.373725+00:00"
"2022/crlsa-2022_7633.json","2026-09-01T23:33:08.230195+00:00"
"2022/crlsa-2022_1935.json","2026-09-01T23:33:08.061180+00:00"
"2026/crlsa-2026_36317.json","2026-09-01T23:33:06.183599+00:00"
"2023/crlsa-2023_5313.json","2026-09-01T23:33:06.003587+00:00"
"2024/crlsa-2024_5962.json","2026-09-01T23:33:05.758041+00:00"
"2025/crlsa-2025_23049.json","2026-09-01T23:33:03.799835+00:00"
"2025/crlsa-2025_22801.json","2026-09-01T23:33:03.540825+00:00"
"2025/crlsa-2025_10353.json","2026-09-01T23:33:03.133905+00:00"
"2026/crlsa-2026_2220.json","2026-09-01T23:33:02.995691+00:00"
"2025/crlsa-2025_8337.json","2026-09-01T23:33:02.907350+00:00"
"2024/crlsa-2024_6754.json","2026-09-01T23:33:02.754189+00:00"
"2024/crlsa-2024_0609.json","2026-09-01T23:33:02.575345+00:00"
"2023/crlsa-2023_1068.json","2026-09-01T23:33:02.494834+00:00"
"2022/crlsa-2022_7958.json","2026-09-01T23:33:02.124914+00:00"
"2024/crlba-2024_3053.json","2026-09-01T23:33:01.496985+00:00"
"2025/crlsa-2025_0673.json","2026-09-01T23:33:01.397844+00:00"
"2025/crlsa-2025_21977.json","2026-09-01T23:33:01.263243+00:00"
"2022/crlsa-2022_1968.json","2026-09-01T23:33:01.120813+00:00"
"2023/crlsa-2023_3714.json","2026-09-01T23:33:00.953857+00:00"
"2026/crlsa-2026_39309.json","2026-09-01T23:33:00.087228+00:00"
"2022/crlsa-2022_7192.json","2026-09-01T23:32:59.842239+00:00"
"2025/crlsa-2025_8197.json","2026-09-01T23:32:59.578811+00:00"
"2022/crlba-2022_2065.json","2026-09-01T23:32:59.106967+00:00"
"2024/crlsa-2024_6975.json","2026-09-01T23:32:58.958398+00:00"
"2025/crlsa-2025_1675.json","2026-09-01T23:32:58.700811+00:00"
"2026/crlsa-2026_39320.json","2026-09-01T23:32:58.141028+00:00"
"2022/crlsa-2022_5313.json","2026-09-01T23:32:57.896842+00:00"
"2019/crlsa-2019_3643.json","2026-09-01T23:32:57.679185+00:00"
"2026/crlsa-2026_3753.json","2026-09-01T23:32:57.464339+00:00"
"2026/crlsa-2026_3298.json","2026-09-01T23:32:57.208239+00:00"
"2026/crlsa-2026_0067.json","2026-09-01T23:32:56.596240+00:00"
"2026/crlsa-2026_7011.json","2026-09-01T23:32:56.527212+00:00"
"2023/crlsa-2023_7090.json","2026-09-01T23:32:56.419545+00:00"
"2022/crlsa-2022_8638.json","2026-09-01T23:32:56.259080+00:00"
"2021/crlsa-2021_1746.json","2026-09-01T23:32:54.333042+00:00"
"2022/crlsa-2022_6159.json","2026-09-01T23:32:53.367228+00:00"
"2024/crlsa-2024_2377.json","2026-09-01T23:32:53.137294+00:00"
"2023/crlsa-2023_3106.json","2026-09-01T23:32:52.879443+00:00"
"2022/crlsa-2022_0827.json","2026-09-01T23:32:52.653830+00:00"
"2026/crlsa-2026_2048.json","2026-09-01T23:32:52.125071+00:00"
"2025/crlsa-2025_10072.json","2026-09-01T23:32:51.736856+00:00"
"2022/crlsa-2022_7704.json","2026-09-01T23:32:51.557317+00:00"
"2026/crlsa-2026_56219.json","2026-09-01T23:32:51.041047+00:00"
"2022/crlsa-2022_8098.json","2026-09-01T23:32:50.785060+00:00"
"2022/crlsa-2022_1301.json","2026-09-01T23:32:50.616710+00:00"
"2024/crlsa-2024_3094.json","2026-09-01T23:32:50.531162+00:00"
"2025/crlsa-2025_21926.json","2026-09-01T23:32:50.463903+00:00"
"2024/crlsa-2024_2512.json","2026-09-01T23:32:49.659308+00:00"
"2026/crlsa-2026_38488.json","2026-09-01T23:32:49.417523+00:00"
"2024/crlsa-2024_4635.json","2026-09-01T23:32:49.330944+00:00"
"2025/crlsa-2025_8414.json","2026-09-01T23:32:49.225543+00:00"
"2025/crlsa-2025_22865.json","2026-09-01T23:32:48.859157+00:00"
"2026/crlsa-2026_0493.json","2026-09-01T23:32:47.074440+00:00"
"2024/crxsa-2024_4211.json","2026-09-01T23:32:45.006148+00:00"
"2024/crlsa-2024_0121.json","2026-09-01T23:32:44.539037+00:00"
"2026/crlsa-2026_13578.json","2026-09-01T23:32:43.579069+00:00"
"2020/crlsa-2020_4453.json","2026-09-01T23:32:43.423095+00:00"
"2026/crlsa-2026_2720.json","2026-09-01T23:32:43.196426+00:00"
"2025/crlsa-2025_1736.json","2026-09-01T23:32:42.424949+00:00"
"2024/crlsa-2024_6837.json","2026-09-01T23:32:41.791112+00:00"
"2020/crlsa-2020_3654.json","2026-09-01T23:32:39.540406+00:00"
"2026/crlsa-2026_6266.json","2026-09-01T23:32:39.403889+00:00"
"2025/crlsa-2025_17742.json","2026-09-01T23:32:39.189338+00:00"
"2021/crlsa-2021_1752.json","2026-09-01T23:32:38.880104+00:00"
"2020/crlsa-2020_1631.json","2026-09-01T23:32:38.408563+00:00"
"2026/crlsa-2026_26203.json","2026-09-01T23:32:37.659248+00:00"
"2024/crlsa-2024_5929.json","2026-09-01T23:32:35.438403+00:00"
"2023/crlsa-2023_0285.json","2026-09-01T23:32:35.200868+00:00"
"2022/crlsa-2022_7190.json","2026-09-01T23:32:35.049329+00:00"
"2026/crlsa-2026_8052.json","2026-09-01T23:32:34.905981+00:00"
"2022/crlsa-2022_7134.json","2026-09-01T23:32:34.810930+00:00"
"2024/crlsa-2024_0628.json","2026-09-01T23:32:34.656777+00:00"
"2024/crlsa-2024_2504.json","2026-09-01T23:32:34.405759+00:00"
"2021/crlsa-2021_3666.json","2026-09-01T23:32:34.204919+00:00"
"2023/crlsa-2023_1895.json","2026-09-01T23:32:33.959427+00:00"
"2023/crlsa-2023_4418.json","2026-09-01T23:32:33.655932+00:00"
"2022/crlsa-2022_6708.json","2026-09-01T23:32:33.496838+00:00"
"2021/crlsa-2021_5235.json","2026-09-01T23:32:33.384444+00:00"
"2024/crlsa-2024_4237.json","2026-09-01T23:32:32.756322+00:00"
"2026/crlsa-2026_48197.json","2026-09-01T23:32:32.489095+00:00"
"2025/crlsa-2025_14557.json","2026-09-01T23:32:29.991019+00:00"
"2026/crlsa-2026_50827.json","2026-09-01T23:32:29.804330+00:00"
"2026/crlsa-2026_0760.json","2026-09-01T23:32:28.693128+00:00"
"2022/crlsa-2022_0323.json","2026-09-01T23:32:28.526747+00:00"
"2026/crlsa-2026_22305.json","2026-09-01T23:32:28.002248+00:00"
"2026/crxsa-2026_25217.json","2026-09-01T23:32:26.395025+00:00"
"2024/crlsa-2024_0950.json","2026-09-01T23:32:25.945633+00:00"
"2025/crlsa-2025_18148.json","2026-09-01T23:32:25.694784+00:00"
"2025/crlsa-2025_16260.json","2026-09-01T23:32:25.381450+00:00"
"2021/crlsa-2021_5226.json","2026-09-01T23:32:25.288613+00:00"
"2026/crlsa-2026_8861.json","2026-09-01T23:32:25.099835+00:00"
"2021/crlsa-2021_1734.json","2026-09-01T23:32:24.814334+00:00"
"2025/crlsa-2025_10196.json","2026-09-01T23:32:24.749556+00:00"
"2022/crlsa-2022_8263.json","2026-09-01T23:32:24.609088+00:00"
"2021/crlsa-2021_4384.json","2026-09-01T23:32:24.398269+00:00"
"2022/crlsa-2022_1939.json","2026-09-01T23:32:23.843063+00:00"
"2025/crlsa-2025_15661.json","2026-09-01T23:32:23.368052+00:00"
"2024/crlsa-2024_3271.json","2026-09-01T23:32:21.924298+00:00"
"2026/crlsa-2026_47104.json","2026-09-01T23:32:21.149417+00:00"
"2022/crlsa-2022_1932.json","2026-09-01T23:32:20.981627+00:00"
"2026/crlsa-2026_4173.json","2026-09-01T23:32:20.879381+00:00"
"2024/crlsa-2024_9306.json","2026-09-01T23:32:18.653971+00:00"
"2025/crlsa-2025_0917.json","2026-09-01T23:32:18.048758+00:00"
"2021/crlsa-2021_1804.json","2026-09-01T23:32:16.011296+00:00"
"2024/crlsa-2024_7260.json","2026-09-01T23:32:14.229947+00:00"
"2022/crlsa-2022_5338.json","2026-09-01T23:32:13.536419+00:00"
"2026/crlsa-2026_11349.json","2026-09-01T23:32:12.308289+00:00"
"2024/crlsa-2024_3066.json","2026-09-01T23:32:12.144497+00:00"
"2026/crlsa-2026_10702.json","2026-09-01T23:32:11.990190+00:00"
"2023/crlsa-2023_0833.json","2026-09-01T23:32:11.724904+00:00"
"2026/crlsa-2026_3839.json","2026-09-01T23:32:11.473566+00:00"
"2026/crlsa-2026_34156.json","2026-09-01T23:32:11.324237+00:00"
"2026/crlsa-2026_8456.json","2026-09-01T23:32:10.796073+00:00"
"2026/crlsa-2026_33722.json","2026-09-01T23:32:10.369302+00:00"
"2026/crlsa-2026_28998.json","2026-09-01T23:32:04.798557+00:00"
"2026/crlsa-2026_49214.json","2026-09-01T23:32:04.546445+00:00"
"2024/crlsa-2024_10850.json","2026-09-01T23:32:03.891051+00:00"
"2023/crlsa-2023_3433.json","2026-09-01T23:32:03.146414+00:00"
"2025/crlsa-2025_13428.json","2026-09-01T23:32:02.894758+00:00"
"2022/crlsa-2022_5834.json","2026-09-01T23:32:02.623896+00:00"
"2023/crlsa-2023_3661.json","2026-09-01T23:32:02.374542+00:00"
"2023/crlsa-2023_0611.json","2026-09-01T23:31:57.517843+00:00"
"2024/crlsa-2024_11192.json","2026-09-01T23:31:57.097763+00:00"
"2026/crlsa-2026_60226.json","2026-09-01T23:31:56.923108+00:00"
"2026/crlsa-2026_59216.json","2026-09-01T23:31:56.560720+00:00"
"2025/crlsa-2025_19238.json","2026-09-01T23:31:53.801220+00:00"
"2022/crlsa-2022_5696.json","2026-09-01T23:31:53.667476+00:00"
"2026/crlsa-2026_38500.json","2026-09-01T23:31:53.120332+00:00"
"2025/crlsa-2025_17760.json","2026-09-01T23:31:52.504312+00:00"
"2026/crxsa-2026_25121.json","2026-09-01T23:31:51.043003+00:00"
"2026/crlsa-2026_3187.json","2026-09-01T23:31:50.645813+00:00"
"2022/crlsa-2022_5526.json","2026-09-01T23:31:50.546235+00:00"
"2025/crlsa-2025_9144.json","2026-09-01T23:31:50.372779+00:00"
"2022/crlsa-2022_7700.json","2026-09-01T23:31:50.043203+00:00"
"2022/crlsa-2022_0199.json","2026-09-01T23:31:49.947804+00:00"
"2026/crlsa-2026_54272.json","2026-09-01T23:31:49.830880+00:00"
"2024/crlsa-2024_9472.json","2026-09-01T23:31:49.216093+00:00"
"2026/crlsa-2026_26355.json","2026-09-01T23:31:49.031148+00:00"
"2026/crlsa-2026_8475.json","2026-09-01T23:31:48.870813+00:00"
"2026/crlsa-2026_6285.json","2026-09-01T23:31:48.497145+00:00"
"2026/crlsa-2026_59821.json","2026-09-01T23:31:48.084361+00:00"
"2022/crlsa-2022_7128.json","2026-09-01T23:31:47.650327+00:00"
"2026/crlsa-2026_47179.json","2026-09-01T23:31:46.787990+00:00"
"2024/crlsa-2024_2780.json","2026-09-01T23:31:46.511696+00:00"
"2025/crlsa-2025_11333.json","2026-09-01T23:31:46.326651+00:00"
"2024/crlsa-2024_6020.json","2026-09-01T23:31:46.209151+00:00"
"2022/crlsa-2022_8291.json","2026-09-01T23:31:45.967464+00:00"
"2025/crlsa-2025_23374.json","2026-09-01T23:31:45.630076+00:00"
"2021/crlsa-2021_1585.json","2026-09-01T23:31:38.825041+00:00"
"2022/crlsa-2022_7529.json","2026-09-01T23:31:35.302974+00:00"
"2025/crlsa-2025_2502.json","2026-09-01T23:31:32.774636+00:00"
"2026/crlsa-2026_23228.json","2026-09-01T23:31:32.552869+00:00"
"2024/crlsa-2024_1503.json","2026-09-01T23:31:32.405088+00:00"
"2026/crlsa-2026_3515.json","2026-09-01T23:31:32.187583+00:00"
"2025/crlsa-2025_8815.json","2026-09-01T23:31:32.082700+00:00"
"2026/crlsa-2026_4063.json","2026-09-01T23:31:31.706205+00:00"
"2026/crlsa-2026_42952.json","2026-09-01T23:31:30.569877+00:00"
"2021/crlsa-2021_1775.json","2026-09-01T23:31:23.538510+00:00"
"2021/crlsa-2021_4622.json","2026-09-01T23:31:22.671449+00:00"
"2025/crlsa-2025_11035.json","2026-09-01T23:31:22.171380+00:00"
"2026/crlsa-2026_54654.json","2026-09-01T23:31:21.964032+00:00"
"2026/crlsa-2026_33226.json","2026-09-01T23:31:19.665859+00:00"
"2026/crlsa-2026_42668.json","2026-09-01T23:31:12.742586+00:00"
"2024/crlsa-2024_3138.json","2026-09-01T23:31:11.614235+00:00"
"2026/crlsa-2026_21297.json","2026-09-01T23:31:11.156292+00:00"
"2024/crlsa-2024_2084.json","2026-09-01T23:31:09.632116+00:00"
"2026/crlsa-2026_6462.json","2026-09-01T23:31:08.490255+00:00"
"2024/crlsa-2024_7977.json","2026-09-01T23:31:08.034303+00:00"
"2024/crlsa-2024_9540.json","2026-09-01T23:31:07.937093+00:00"
"2025/crlsa-2025_3582.json","2026-09-01T23:31:07.736693+00:00"
"2021/crlsa-2021_5045.json","2026-09-01T23:31:07.481534+00:00"
"2026/crlsa-2026_50978.json","2026-09-01T23:31:07.379121+00:00"
"2024/crlsa-2024_5524.json","2026-09-01T23:31:06.951756+00:00"
"2024/crlsa-2024_3268.json","2026-09-01T23:31:06.393764+00:00"
"2022/crlsa-2022_7524.json","2026-09-01T23:31:06.005032+00:00"
"2024/crlsa-2024_2550.json","2026-09-01T23:31:05.865466+00:00"
"2026/crlsa-2026_23259.json","2026-09-01T23:31:05.663200+00:00"
"2021/crlsa-2021_4424.json","2026-09-01T23:31:04.417534+00:00"
"2025/crlsa-2025_14640.json","2026-09-01T23:30:57.030488+00:00"
"2026/crlsa-2026_0492.json","2026-09-01T23:30:56.854237+00:00"
"2026/crlsa-2026_8474.json","2026-09-01T23:30:55.668418+00:00"
"2025/crlsa-2025_23128.json","2026-09-01T23:30:55.020756+00:00"
"2026/crlsa-2026_24369.json","2026-09-01T23:30:54.911657+00:00"
"2025/crlsa-2025_0308.json","2026-09-01T23:30:54.528457+00:00"
"2023/crlsa-2023_4635.json","2026-09-01T23:30:53.828484+00:00"
"2026/crlsa-2026_49607.json","2026-09-01T23:30:53.493831+00:00"
"2025/crlsa-2025_0667.json","2026-09-01T23:30:53.350240+00:00"
"2026/crlsa-2026_58572.json","2026-09-01T23:30:53.270963+00:00"
"2022/crlsa-2022_8139.json","2026-09-01T23:30:52.415413+00:00"
"2025/crlsa-2025_23309.json","2026-09-01T23:30:52.141000+00:00"
"2023/crlsa-2023_5721.json","2026-09-01T23:30:50.206234+00:00"
"2023/crlsa-2023_4035.json","2026-09-01T23:30:50.019901+00:00"
"2026/crlsa-2026_3668.json","2026-09-01T23:30:49.838538+00:00"
"2024/crlsa-2024_0130.json","2026-09-01T23:30:49.659153+00:00"
"2021/crlsa-2021_4646.json","2026-09-01T23:30:49.575646+00:00"
"2026/crlsa-2026_30853.json","2026-09-01T23:30:49.296884+00:00"
"2026/crlsa-2026_6766.json","2026-09-01T23:30:47.741992+00:00"
"2024/crlsa-2024_1308.json","2026-09-01T23:30:47.358743+00:00"
"2026/crlsa-2026_27741.json","2026-09-01T23:30:47.054698+00:00"
"2021/crlsa-2021_0744.json","2026-09-01T23:30:46.158436+00:00"
"2022/crlsa-2022_7692.json","2026-09-01T23:30:45.904627+00:00"
"2025/crlsa-2025_19276.json","2026-09-01T23:30:45.468689+00:00"
"2022/crlsa-2022_0129.json","2026-09-01T23:30:45.406047+00:00"
"2023/crlsa-2023_3432.json","2026-09-01T23:30:45.302203+00:00"
"2026/crlsa-2026_10766.json","2026-09-01T23:30:44.943407+00:00"
"2025/crlsa-2025_18097.json","2026-09-01T23:30:44.834571+00:00"
"2024/crlsa-2024_3017.json","2026-09-01T23:30:44.479558+00:00"
"2023/crlsa-2023_7016.json","2026-09-01T23:30:44.420225+00:00"
"2025/crlsa-2025_21693.json","2026-09-01T23:30:44.153767+00:00"
"2021/crlsa-2021_2235.json","2026-09-01T23:30:44.014212+00:00"
"2024/crlsa-2024_9325.json","2026-09-01T23:30:43.547348+00:00"
"2024/crlsa-2024_1608.json","2026-09-01T23:30:43.278479+00:00"
"2025/crlsa-2025_1330.json","2026-09-01T23:30:43.006686+00:00"
"2024/crlsa-2024_6356.json","2026-09-01T23:30:42.725578+00:00"
"2023/crlsa-2023_4178.json","2026-09-01T23:30:42.373673+00:00"
"2024/crlsa-2024_1614.json","2026-09-01T23:30:41.598345+00:00"
"2024/crlsa-2024_5312.json","2026-09-01T23:30:41.432416+00:00"
"2023/crlsa-2023_7139.json","2026-09-01T23:30:41.031086+00:00"
"2023/crlsa-2023_0340.json","2026-09-01T23:30:40.856986+00:00"
"2024/crlsa-2024_11189.json","2026-09-01T23:30:40.698937+00:00"
"2024/crlsa-2024_4235.json","2026-09-01T23:30:40.643961+00:00"
"2026/crlsa-2026_44438.json","2026-09-01T23:30:40.436902+00:00"
"2024/crlsa-2024_5390.json","2026-09-01T23:30:40.261196+00:00"
"2026/crlsa-2026_18722.json","2026-09-01T23:30:39.969397+00:00"
"2023/crlsa-2023_5259.json","2026-09-01T23:30:39.616278+00:00"
"2025/crlsa-2025_7397.json","2026-09-01T23:30:38.706495+00:00"
"2024/crlsa-2024_3044.json","2026-09-01T23:30:38.533322+00:00"
"2020/crlsa-2020_3185.json","2026-09-01T23:30:38.213017+00:00"
"2025/crlsa-2025_10407.json","2026-09-01T23:30:38.114106+00:00"
"2024/crlsa-2024_9404.json","2026-09-01T23:30:38.056891+00:00"
"2024/crlsa-2024_2966.json","2026-09-01T23:30:37.846743+00:00"
"2024/crlsa-2024_3047.json","2026-09-01T23:30:37.594550+00:00"
"2026/crlsa-2026_46990.json","2026-09-01T23:30:37.341771+00:00"
"2021/crlsa-2021_4382.json","2026-09-01T23:30:36.302074+00:00"
"2024/crlsa-2024_6567.json","2026-09-01T23:30:36.024326+00:00"
"2024/crxsa-2024_6567.json","2026-09-01T23:30:34.397791+00:00"
"2025/crlea-2025_3114.json","2026-09-01T23:30:33.154792+00:00"
"2024/crlsa-2024_3546.json","2026-09-01T23:30:33.072635+00:00"
"2022/crlsa-2022_8444.json","2026-09-01T23:30:32.370989+00:00"
"2025/crlsa-2025_0914.json","2026-09-01T23:30:32.137088+00:00"
"2022/crlsa-2022_1961.json","2026-09-01T23:30:31.994654+00:00"
"2026/crlsa-2026_11509.json","2026-09-01T23:30:31.247170+00:00"
"2022/crlsa-2022_7979.json","2026-09-01T23:30:31.034787+00:00"
"2026/crlsa-2026_0930.json","2026-09-01T23:30:30.849270+00:00"
"2022/crlsa-2022_8068.json","2026-09-01T23:30:30.757195+00:00"
"2025/crlsa-2025_16880.json","2026-09-01T23:30:30.266258+00:00"
"2024/crlsa-2024_4500.json","2026-09-01T23:30:28.812514+00:00"
"2025/crlsa-2025_15019.json","2026-09-01T23:30:28.634925+00:00"
"2026/crlsa-2026_26447.json","2026-09-01T23:30:28.112107+00:00"
"2026/crlsa-2026_54247.json","2026-09-01T23:30:27.767401+00:00"
"2025/crlsa-2025_3852.json","2026-09-01T23:30:27.585435+00:00"
"2022/crlsa-2022_0188.json","2026-09-01T23:30:27.019514+00:00"
"2023/crlsa-2023_5091.json","2026-09-01T23:30:26.578860+00:00"
"2026/crlsa-2026_54538.json","2026-09-01T23:30:26.515573+00:00"
"2025/crlsa-2025_10837.json","2026-09-01T23:30:26.152516+00:00"
"2026/crxsa-2026_3488.json","2026-09-01T23:30:24.638778+00:00"
"2025/crlsa-2025_19719.json","2026-09-01T23:30:24.225551+00:00"
"2025/crlsa-2025_3893.json","2026-09-01T23:30:24.114902+00:00"
"2026/crlsa-2026_22142.json","2026-09-01T23:30:23.591666+00:00"
"2023/crlsa-2023_2802.json","2026-09-01T23:30:20.645795+00:00"
"2024/crlsa-2024_1687.json","2026-09-01T23:30:19.482380+00:00"
"2024/crlsa-2024_8935.json","2026-09-01T23:30:19.258125+00:00"
"2020/crlsa-2020_4712.json","2026-09-01T23:30:19.163409+00:00"
"2026/crlsa-2026_2781.json","2026-09-01T23:30:18.950566+00:00"
"2023/crlsa-2023_0446.json","2026-09-01T23:30:18.603466+00:00"
"2025/crlsa-2025_8247.json","2026-09-01T23:30:18.427511+00:00"
"2020/crlsa-2020_1650.json","2026-09-01T23:30:18.242181+00:00"
"2025/crlsa-2025_19909.json","2026-09-01T23:30:17.664571+00:00"
"2021/crlsa-2021_4160.json","2026-09-01T23:30:17.417420+00:00"
"2021/crlsa-2021_2168.json","2026-09-01T23:30:15.864899+00:00"
"2021/crlsa-2021_1620.json","2026-09-01T23:30:15.415836+00:00"
"2026/crlsa-2026_49212.json","2026-09-01T23:30:15.160814+00:00"
"2021/crlsa-2021_4088.json","2026-09-01T23:30:13.695430+00:00"
"2022/crlsa-2022_1766.json","2026-09-01T23:30:13.471976+00:00"
"2025/crlsa-2025_19105.json","2026-09-01T23:30:11.791792+00:00"
"2026/crlsa-2026_36730.json","2026-09-01T23:30:10.165933+00:00"
"2026/crlsa-2026_28243.json","2026-09-01T23:30:09.798560+00:00"
"2021/crlsa-2021_1783.json","2026-09-01T23:30:08.774279+00:00"
"2025/crlsa-2025_4063.json","2026-09-01T23:30:08.520084+00:00"
"2026/crlsa-2026_47183.json","2026-09-01T23:30:07.351291+00:00"
"2023/crlsa-2023_4645.json","2026-09-01T23:30:07.237420+00:00"
"2024/crlsa-2024_6726.json","2026-09-01T23:30:06.514048+00:00"
"2026/crlsa-2026_8863.json","2026-09-01T23:30:05.837900+00:00"
"2025/crlsa-2025_15011.json","2026-09-01T23:30:05.609394+00:00"
"2024/crlsa-2024_2973.json","2026-09-01T23:30:04.192798+00:00"
"2022/crlsa-2022_1964.json","2026-09-01T23:30:04.006020+00:00"
"2026/crlsa-2026_10710.json","2026-09-01T23:30:03.132335+00:00"
"2023/crlsa-2023_1930.json","2026-09-01T23:30:02.882974+00:00"
"2024/crlsa-2024_0253.json","2026-09-01T23:30:02.671267+00:00"
"2025/crlsa-2025_22760.json","2026-09-01T23:30:02.400165+00:00"
"2026/crlsa-2026_15887.json","2026-09-01T23:30:01.784230+00:00"
"2021/crlsa-2021_1796.json","2026-09-01T23:30:01.447843+00:00"
"2026/crlsa-2026_0793.json","2026-09-01T23:29:59.212248+00:00"
"2023/crlsa-2023_5683.json","2026-09-01T23:29:57.958891+00:00"
"2024/crlsa-2024_3043.json","2026-09-01T23:29:57.548099+00:00"
"2025/crlsa-2025_10991.json","2026-09-01T23:29:57.473973+00:00"
"2023/crlsa-2023_0383.json","2026-09-01T23:29:56.566341+00:00"
"2025/crlsa-2025_10379.json","2026-09-01T23:29:56.290456+00:00"
"2022/crlsa-2022_7639.json","2026-09-01T23:29:54.758753+00:00"
"2025/crlsa-2025_21702.json","2026-09-01T23:29:54.254159+00:00"
"2026/crlsa-2026_58901.json","2026-09-01T23:29:53.903213+00:00"
"2021/crlsa-2021_4179.json","2026-09-01T23:29:53.103999+00:00"
"2025/crlsa-2025_1067.json","2026-09-01T23:29:53.011147+00:00"
"2023/crlsa-2023_7258.json","2026-09-01T23:29:52.850626+00:00"
"2026/crlsa-2026_0932.json","2026-09-01T23:29:52.668823+00:00"
"2023/crlsa-2023_1469.json","2026-09-01T23:29:51.466646+00:00"
"2021/crlsa-2021_4916.json","2026-09-01T23:29:51.306078+00:00"
"2026/crlsa-2026_2420.json","2026-09-01T23:29:51.139342+00:00"
"2024/crlsa-2024_8162.json","2026-09-01T23:29:50.836291+00:00"
"2021/crlsa-2021_0735.json","2026-09-01T23:29:49.488325+00:00"
"2025/crlsa-2025_22405.json","2026-09-01T23:29:49.237489+00:00"
"2026/crlsa-2026_11635.json","2026-09-01T23:29:46.154400+00:00"
"2023/crlsa-2023_1141.json","2026-09-01T23:29:45.855387+00:00"
"2026/crlsa-2026_17533.json","2026-09-01T23:29:45.704468+00:00"
"2026/crlsa-2026_60329.json","2026-09-01T23:29:44.746827+00:00"
"2026/crlsa-2026_3032.json","2026-09-01T23:29:44.663650+00:00"
"2026/crlsa-2026_3985.json","2026-09-01T23:29:44.489311+00:00"
"2022/crlsa-2022_6181.json","2026-09-01T23:29:44.401174+00:00"
"2021/crlsa-2021_2372.json","2026-09-01T23:29:44.230545+00:00"
"2021/crlsa-2021_2883.json","2026-09-01T23:29:43.663517+00:00"
"2026/crlsa-2026_47060.json","2026-09-01T23:29:43.554388+00:00"
"2025/crlsa-2025_1446.json","2026-09-01T23:29:43.268549+00:00"
"2024/crlsa-2024_3755.json","2026-09-01T23:29:43.075026+00:00"
"2026/crlsa-2026_0126.json","2026-09-01T23:29:42.445559+00:00"
"2020/crlsa-2020_5393.json","2026-09-01T23:29:41.966902+00:00"
"2023/crlsa-2023_6566.json","2026-09-01T23:29:41.824637+00:00"
"2026/crlsa-2026_36018.json","2026-09-01T23:29:33.720201+00:00"
"2022/crlsa-2022_4776.json","2026-09-01T23:29:32.495941+00:00"
"2019/crlsa-2019_3736.json","2026-09-01T23:29:32.397822+00:00"
"2024/crlsa-2024_5654.json","2026-09-01T23:29:32.119064+00:00"
"2024/crlsa-2024_4245.json","2026-09-01T23:29:31.902098+00:00"
"2024/crlsa-2024_8876.json","2026-09-01T23:29:31.848287+00:00"
"2025/crlsa-2025_3894.json","2026-09-01T23:29:31.662741+00:00"
"2026/crlsa-2026_55841.json","2026-09-01T23:29:31.489479+00:00"
"2022/crlsa-2022_4771.json","2026-09-01T23:29:31.108836+00:00"
"2025/crlsa-2025_21917.json","2026-09-01T23:29:30.298645+00:00"
"2022/crlsa-2022_7024.json","2026-09-01T23:29:29.883435+00:00"
"2022/crlsa-2022_8393.json","2026-09-01T23:29:29.792562+00:00"
"2026/crlsa-2026_38498.json","2026-09-01T23:29:29.656804+00:00"
"2025/crlsa-2025_17797.json","2026-09-01T23:29:29.016626+00:00"
"2020/crlsa-2020_4952.json","2026-09-01T23:29:28.609922+00:00"
"2025/crlsa-2025_3833.json","2026-09-01T23:29:28.474411+00:00"
"2022/crlsa-2022_4796.json","2026-09-01T23:29:28.332740+00:00"
"2025/crlsa-2025_15471.json","2026-09-01T23:29:28.128886+00:00"
"2021/crlsa-2021_4649.json","2026-09-01T23:29:27.729137+00:00"
"2024/crlsa-2024_6962.json","2026-09-01T23:29:27.625313+00:00"
"2025/crlsa-2025_7107.json","2026-09-01T23:29:27.330313+00:00"
"2025/crlsa-2025_1351.json","2026-09-01T23:29:26.962083+00:00"
"2023/crlsa-2023_0622.json","2026-09-01T23:29:26.774018+00:00"
"2025/crlsa-2025_23732.json","2026-09-01T23:29:26.408020+00:00"
"2023/crlsa-2023_6976.json","2026-09-01T23:29:24.093137+00:00"
"2023/crlsa-2023_3068.json","2026-09-01T23:29:23.979239+00:00"
"2026/crlsa-2026_36215.json","2026-09-01T23:29:23.902511+00:00"
"2022/crlsa-2022_7643.json","2026-09-01T23:29:23.511386+00:00"
"2025/crlsa-2025_8201.json","2026-09-01T23:29:23.233323+00:00"
"2026/crlsa-2026_1409.json","2026-09-01T23:29:22.956245+00:00"
"2026/crlsa-2026_30844.json","2026-09-01T23:29:20.506552+00:00"
"2026/crlsa-2026_0608.json","2026-09-01T23:29:20.371574+00:00"
"2022/crlsa-2022_7110.json","2026-09-01T23:29:20.019574+00:00"
"2026/crlsa-2026_21391.json","2026-09-01T23:29:19.542391+00:00"
"2026/crlsa-2026_4059.json","2026-09-01T23:29:18.889094+00:00"
"2022/crlsa-2022_8637.json","2026-09-01T23:29:17.984037+00:00"
"2026/crlsa-2026_42088.json","2026-09-01T23:29:17.490056+00:00"
"2026/crlsa-2026_59487.json","2026-09-01T23:29:17.224302+00:00"
"2026/crlsa-2026_25121.json","2026-09-01T23:29:17.058263+00:00"
"2026/crlsa-2026_56966.json","2026-09-01T23:29:16.652605+00:00"
"2023/crlsa-2023_3837.json","2026-09-01T23:29:16.495379+00:00"
"2022/crlsa-2022_7111.json","2026-09-01T23:29:15.554264+00:00"
"2022/crlsa-2022_0889.json","2026-09-01T23:29:14.720072+00:00"
"2024/crlsa-2024_2779.json","2026-09-01T23:29:14.504747+00:00"
"2025/crlsa-2025_19906.json","2026-09-01T23:29:14.357603+00:00"
"2026/crlsa-2026_29898.json","2026-09-01T23:29:14.266265+00:00"
"2021/crlsa-2021_1859.json","2026-09-01T23:29:13.114527+00:00"
"2026/crlsa-2026_18599.json","2026-09-01T23:29:11.354469+00:00"
"2022/crlsa-2022_4855.json","2026-09-01T23:29:10.734686+00:00"
"2024/crlsa-2024_1939.json","2026-09-01T23:29:10.044752+00:00"
"2024/crlsa-2024_11185.json","2026-09-01T23:29:09.953460+00:00"
"2026/crlsa-2026_19342.json","2026-09-01T23:29:09.872077+00:00"
"2023/crlsa-2023_4099.json","2026-09-01T23:29:07.656564+00:00"
"2025/crlsa-2025_4170.json","2026-09-01T23:29:07.245526+00:00"
"2022/crlsa-2022_2092.json","2026-09-01T23:29:07.140635+00:00"
"2024/crlsa-2024_4568.json","2026-09-01T23:29:06.139509+00:00"
"2026/crlsa-2026_40416.json","2026-09-01T23:29:05.325481+00:00"
"2025/crlsa-2025_8682.json","2026-09-01T23:29:02.903239+00:00"
"2022/crlsa-2022_4990.json","2026-09-01T23:29:02.718889+00:00"
"2026/crlsa-2026_33482.json","2026-09-01T23:29:02.175857+00:00"
"2022/crlsa-2022_4769.json","2026-09-01T23:29:01.208956+00:00"
"2021/crlsa-2021_4381.json","2026-09-01T23:29:00.741179+00:00"
"2026/crlsa-2026_7302.json","2026-09-01T23:28:58.986673+00:00"
"2022/crlba-2022_1386.json","2026-09-01T23:28:58.118310+00:00"
"2025/crlsa-2025_14878.json","2026-09-01T23:28:57.543967+00:00"
"2025/crlsa-2025_20532.json","2026-09-01T23:28:56.663984+00:00"
"2026/crlsa-2026_6391.json","2026-09-01T23:28:56.167929+00:00"
"2024/crlsa-2024_5814.json","2026-09-01T23:28:55.651697+00:00"
"2025/crlsa-2025_8476.json","2026-09-01T23:28:55.467000+00:00"
"2023/crlsa-2023_5362.json","2026-09-01T23:28:55.248625+00:00"
"2022/crlsa-2022_0891.json","2026-09-01T23:28:54.839036+00:00"
"2024/crlsa-2024_4265.json","2026-09-01T23:28:51.731165+00:00"
"2023/crlsa-2023_0087.json","2026-09-01T23:28:51.454972+00:00"
"2026/crlsa-2026_1239.json","2026-09-01T23:28:51.214046+00:00"
"2025/crlsa-2025_11861.json","2026-09-01T23:28:50.325531+00:00"
"2026/crlsa-2026_24371.json","2026-09-01T23:28:48.818286+00:00"
"2023/crlsa-2023_5532.json","2026-09-01T23:28:48.677848+00:00"
"2026/crlsa-2026_21381.json","2026-09-01T23:28:48.563351+00:00"
"2026/crlsa-2026_27353.json","2026-09-01T23:28:48.402276+00:00"
"2021/crlsa-2021_1627.json","2026-09-01T23:28:47.985734+00:00"
"2025/crlsa-2025_23048.json","2026-09-01T23:28:47.814802+00:00"
"2026/crlsa-2026_59737.json","2026-09-01T23:28:47.688933+00:00"
"2021/crlsa-2021_4511.json","2026-09-01T23:28:47.504691+00:00"
"2024/crlsa-2024_5231.json","2026-09-01T23:28:47.271282+00:00"
"2026/crlsa-2026_47177.json","2026-09-01T23:28:46.754216+00:00"
"2022/crlsa-2022_7793.json","2026-09-01T23:28:46.585928+00:00"
"2026/crlsa-2026_41949.json","2026-09-01T23:28:46.472546+00:00"
"2026/crlsa-2026_2216.json","2026-09-01T23:28:45.821909+00:00"
"2026/crlsa-2026_40894.json","2026-09-01T23:28:45.614398+00:00"
"2026/crlsa-2026_25052.json","2026-09-01T23:28:45.275418+00:00"
"2026/crlsa-2026_0458.json","2026-09-01T23:28:44.199249+00:00"
"2026/crlsa-2026_5113.json","2026-09-01T23:28:43.419112+00:00"
"2026/crlsa-2026_3896.json","2026-09-01T23:28:42.412200+00:00"
"2025/crlsa-2025_7435.json","2026-09-01T23:28:41.227389+00:00"
"2024/crlsa-2024_0975.json","2026-09-01T23:28:40.613806+00:00"
"2026/crlsa-2026_29702.json","2026-09-01T23:28:40.150771+00:00"
"2024/crlsa-2024_3961.json","2026-09-01T23:28:40.003684+00:00"
"2022/crlsa-2022_1991.json","2026-09-01T23:28:39.778863+00:00"
"2024/crlsa-2024_6989.json","2026-09-01T23:28:39.683164+00:00"
"2023/crlsa-2023_4378.json","2026-09-01T23:28:39.542778+00:00"
"2025/crlsa-2025_15021.json","2026-09-01T23:28:39.354361+00:00"
"2026/crlsa-2026_33576.json","2026-09-01T23:28:38.512312+00:00"
"2026/crlsa-2026_4188.json","2026-09-01T23:28:37.377251+00:00"
"2022/crlsa-2022_6763.json","2026-09-01T23:28:36.938716+00:00"
"2024/crlsa-2024_1601.json","2026-09-01T23:28:36.345920+00:00"
"2023/crxsa-2023_5244.json","2026-09-01T23:28:35.133911+00:00"
"2021/crlsa-2021_1064.json","2026-09-01T23:28:34.819840+00:00"
"2026/crlsa-2026_12310.json","2026-09-01T23:28:32.346994+00:00"
"2024/crlsa-2024_8847.json","2026-09-01T23:28:32.158342+00:00"
"2024/crlsa-2024_11345.json","2026-09-01T23:28:32.070604+00:00"
"2026/crlsa-2026_49927.json","2026-09-01T23:28:31.922325+00:00"
"2024/crlsa-2024_6986.json","2026-09-01T23:28:31.443664+00:00"
"2024/crlsa-2024_8838.json","2026-09-01T23:28:31.357414+00:00"
"2026/crlsa-2026_26206.json","2026-09-01T23:28:31.083914+00:00"
"2022/crlsa-2022_6460.json","2026-09-01T23:28:30.146033+00:00"
"2026/crlsa-2026_25239.json","2026-09-01T23:28:29.680593+00:00"
"2026/crlsa-2026_11077.json","2026-09-01T23:28:29.384434+00:00"
"2025/crlsa-2025_9978.json","2026-09-01T23:28:29.136247+00:00"
"2025/crlsa-2025_7444.json","2026-09-01T23:28:27.194155+00:00"
"2024/crlsa-2024_2353.json","2026-09-01T23:28:26.802917+00:00"
"2022/crlsa-2022_7089.json","2026-09-01T23:28:25.907190+00:00"
"2025/crlsa-2025_20956.json","2026-09-01T23:28:25.762571+00:00"
"2021/crlsa-2021_4393.json","2026-09-01T23:28:25.493885+00:00"
"2024/crlsa-2024_6682.json","2026-09-01T23:28:25.220598+00:00"
"2021/crlsa-2021_1751.json","2026-09-01T23:28:25.131912+00:00"
"2022/crlsa-2022_7472.json","2026-09-01T23:28:24.817373+00:00"
"2024/crlsa-2024_3619.json","2026-09-01T23:28:19.201247+00:00"
"2022/crlsa-2022_1764.json","2026-09-01T23:28:17.827732+00:00"
"2022/crlsa-2022_1820.json","2026-09-01T23:28:16.357292+00:00"
"2024/crlsa-2024_10090.json","2026-09-01T23:28:16.082376+00:00"
"2025/crlsa-2025_20518.json","2026-09-01T23:28:13.920408+00:00"
"2026/crlsa-2026_2215.json","2026-09-01T23:28:12.469216+00:00"
"2026/crlsa-2026_51105.json","2026-09-01T23:28:12.326596+00:00"
"2025/crlsa-2025_0791.json","2026-09-01T23:28:12.147318+00:00"
"2025/crlsa-2025_23729.json","2026-09-01T23:28:11.969054+00:00"
"2024/crlsa-2024_8859.json","2026-09-01T23:28:11.886577+00:00"
"2022/crlsa-2022_6911.json","2026-09-01T23:28:11.609402+00:00"
"2026/crlsa-2026_3428.json","2026-09-01T23:28:11.059478+00:00"
"2021/crlsa-2021_1852.json","2026-09-01T23:28:04.798585+00:00"
"2020/crlsa-2020_4807.json","2026-09-01T23:28:04.330766+00:00"
"2022/crlsa-2022_0307.json","2026-09-01T23:28:04.236123+00:00"
"2022/crlsa-2022_5326.json","2026-09-01T23:28:03.704570+00:00"
"2026/crlsa-2026_49851.json","2026-09-01T23:28:02.899249+00:00"
"2025/crlsa-2025_7350.json","2026-09-01T23:28:02.033400+00:00"
"2026/crlsa-2026_33126.json","2026-09-01T23:28:01.895923+00:00"
"2023/crlsa-2023_7785.json","2026-09-01T23:27:57.274992+00:00"
"2026/crlsa-2026_19364.json","2026-09-01T23:27:57.160017+00:00"
"2026/crlsa-2026_54290.json","2026-09-01T23:27:56.788793+00:00"
"2024/crlsa-2024_3259.json","2026-09-01T23:27:56.732629+00:00"
"2024/crlsa-2024_2037.json","2026-09-01T23:27:56.551986+00:00"
"2026/crlsa-2026_13902.json","2026-09-01T23:27:56.348053+00:00"
"2026/crlsa-2026_19568.json","2026-09-01T23:27:56.093623+00:00"
"2025/crlsa-2025_12831.json","2026-09-01T23:27:54.637520+00:00"
"2023/crlsa-2023_7213.json","2026-09-01T23:27:54.562533+00:00"
"2021/crlsa-2021_3066.json","2026-09-01T23:27:54.407791+00:00"
"2024/crlsa-2024_4726.json","2026-09-01T23:27:54.318391+00:00"
"2023/crlsa-2023_3425.json","2026-09-01T23:27:53.716956+00:00"
"2025/crlsa-2025_7894.json","2026-09-01T23:27:53.552136+00:00"
"2022/crlsa-2022_2200.json","2026-09-01T23:27:53.444407+00:00"
"2025/crlsa-2025_17163.json","2026-09-01T23:27:53.295724+00:00"
"2025/crlsa-2025_15904.json","2026-09-01T23:27:52.071853+00:00"
"2026/crlsa-2026_16799.json","2026-09-01T23:27:45.691952+00:00"
"2022/crlsa-2022_7464.json","2026-09-01T23:27:45.302266+00:00"
"2026/crlsa-2026_25219.json","2026-09-01T23:27:45.033956+00:00"
"2023/crlsa-2023_3220.json","2026-09-01T23:27:44.685762+00:00"
"2024/crlsa-2024_8447.json","2026-09-01T23:27:44.079256+00:00"
"2019/crlsa-2019_1152.json","2026-09-01T23:27:42.883944+00:00"
"2026/crlsa-2026_19366.json","2026-09-01T23:27:42.838289+00:00"
"2026/crlsa-2026_2776.json","2026-09-01T23:27:42.789997+00:00"
"2023/crlsa-2023_5435.json","2026-09-01T23:27:42.681601+00:00"
"2026/crlsa-2026_10741.json","2026-09-01T23:27:42.607323+00:00"
"2024/crlsa-2024_2549.json","2026-09-01T23:27:42.332789+00:00"
"2026/crlsa-2026_47126.json","2026-09-01T23:27:42.160160+00:00"
"2022/crlsa-2022_5095.json","2026-09-01T23:27:42.009782+00:00"
"2020/crlsa-2020_3732.json","2026-09-01T23:27:41.493477+00:00"
"2026/crlsa-2026_19355.json","2026-09-01T23:27:41.127804+00:00"
"2026/crlsa-2026_55442.json","2026-09-01T23:27:40.330442+00:00"
"2025/crlsa-2025_7432.json","2026-09-01T23:27:39.777058+00:00"
"2025/crlsa-2025_23856.json","2026-09-01T23:27:36.868474+00:00"
"2024/crlsa-2024_9200.json","2026-09-01T23:27:36.733214+00:00"
"2024/crlsa-2024_1825.json","2026-09-01T23:27:36.572998+00:00"
"2025/crlsa-2025_13589.json","2026-09-01T23:27:36.003227+00:00"
"2022/crlsa-2022_6542.json","2026-09-01T23:27:35.509233+00:00"
"2025/crlsa-2025_23336.json","2026-09-01T23:27:34.033783+00:00"
"2026/crlsa-2026_1224.json","2026-09-01T23:27:33.873332+00:00"
"2025/crlsa-2025_14416.json","2026-09-01T23:27:33.813009+00:00"
"2022/crlsa-2022_8003.json","2026-09-01T23:27:33.605012+00:00"
"2026/crlsa-2026_21700.json","2026-09-01T23:27:32.223426+00:00"
"2023/crlsa-2023_3067.json","2026-09-01T23:27:32.093382+00:00"
"2023/crlsa-2023_3781.json","2026-09-01T23:27:31.944030+00:00"
"2025/crlsa-2025_11324.json","2026-09-01T23:27:30.451008+00:00"
"2024/crlsa-2024_2562.json","2026-09-01T23:27:30.387981+00:00"
"2022/crlsa-2022_5257.json","2026-09-01T23:27:30.226043+00:00"
"2026/crxsa-2026_49870.json","2026-09-01T23:27:29.611092+00:00"
"2026/crlsa-2026_0924.json","2026-09-01T23:27:29.172571+00:00"
"2023/crlsa-2023_2076.json","2026-09-01T23:27:29.041351+00:00"
"2026/crlsa-2026_49838.json","2026-09-01T23:27:28.898882+00:00"
"2026/crlsa-2026_27738.json","2026-09-01T23:27:28.413187+00:00"
"2026/crlsa-2026_26534.json","2026-09-01T23:27:28.111299+00:00"
"2026/crlsa-2026_53363.json","2026-09-01T23:27:27.901688+00:00"
"2025/crlsa-2025_3772.json","2026-09-01T23:27:26.440227+00:00"
"2026/crlsa-2026_3964.json","2026-09-01T23:27:26.190240+00:00"
"2024/crlsa-2024_4352.json","2026-09-01T23:27:25.534565+00:00"
"2021/crlsa-2021_1597.json","2026-09-01T23:27:25.347154+00:00"
"2025/crlsa-2025_9517.json","2026-09-01T23:27:25.181924+00:00"
"2024/crlsa-2024_7848.json","2026-09-01T23:27:25.130491+00:00"
"2025/crlsa-2025_19572.json","2026-09-01T23:27:24.900434+00:00"
"2025/crlsa-2025_7429.json","2026-09-01T23:27:24.230601+00:00"
"2024/crlsa-2024_7869.json","2026-09-01T23:27:24.036544+00:00"
"2024/crlba-2024_5691.json","2026-09-01T23:27:23.424761+00:00"
"2024/crlsa-2024_3059.json","2026-09-01T23:27:23.362015+00:00"
"2025/crlsa-2025_3027.json","2026-09-01T23:27:23.189187+00:00"
"2022/crlsa-2022_9067.json","2026-09-01T23:27:22.243115+00:00"
"2026/crlsa-2026_22643.json","2026-09-01T23:27:21.938885+00:00"
"2021/crlsa-2021_4042.json","2026-09-01T23:27:20.370779+00:00"
"2021/crlsa-2021_4059.json","2026-09-01T23:27:20.029383+00:00"
"2026/crlsa-2026_35833.json","2026-09-01T23:27:19.553383+00:00"
"2023/crlsa-2023_3715.json","2026-09-01T23:27:14.181867+00:00"
"2026/crlsa-2026_6750.json","2026-09-01T23:27:12.762229+00:00"
"2026/crlsa-2026_35831.json","2026-09-01T23:27:12.408192+00:00"
"2020/crlsa-2020_4799.json","2026-09-01T23:27:11.694766+00:00"
"2026/crlsa-2026_22121.json","2026-09-01T23:27:11.253182+00:00"
"2026/crlsa-2026_57253.json","2026-09-01T23:27:11.029353+00:00"
"2024/crlsa-2024_6018.json","2026-09-01T23:27:10.163642+00:00"
"2025/crlsa-2025_11455.json","2026-09-01T23:27:09.355127+00:00"
"2021/crlsa-2021_2170.json","2026-09-01T23:27:08.910557+00:00"
"2025/crlsa-2025_4487.json","2026-09-01T23:27:08.621200+00:00"
"2026/crlsa-2026_11388.json","2026-09-01T23:27:07.995670+00:00"
"2025/crlsa-2025_11036.json","2026-09-01T23:27:07.504155+00:00"
"2023/crlsa-2023_7202.json","2026-09-01T23:27:07.410954+00:00"
"2026/crlsa-2026_56973.json","2026-09-01T23:27:06.132540+00:00"
"2024/crlsa-2024_1691.json","2026-09-01T23:27:05.055111+00:00"
"2024/crlsa-2024_9405.json","2026-09-01T23:27:04.890068+00:00"
"2026/crlsa-2026_6445.json","2026-09-01T23:27:04.316798+00:00"
"2024/crlsa-2024_2986.json","2026-09-01T23:27:04.204161+00:00"
"2021/crlsa-2021_4368.json","2026-09-01T23:27:03.621519+00:00"
"2025/crlsa-2025_9306.json","2026-09-01T23:27:03.299583+00:00"
"2022/crlsa-2022_0495.json","2026-09-01T23:27:02.947432+00:00"
"2026/crlsa-2026_40841.json","2026-09-01T23:27:02.788354+00:00"
"2026/crlsa-2026_1241.json","2026-09-01T23:27:02.271261+00:00"
"2026/crlsa-2026_54246.json","2026-09-01T23:27:02.101276+00:00"
"2020/crlsa-2020_0598.json","2026-09-01T23:27:01.693878+00:00"
"2026/crlsa-2026_5585.json","2026-09-01T23:27:01.622403+00:00"
"2024/crlsa-2024_5337.json","2026-09-01T23:27:01.351641+00:00"
"2021/crlsa-2021_2359.json","2026-09-01T23:27:00.803583+00:00"
"2025/crlsa-2025_11043.json","2026-09-01T23:27:00.572979+00:00"
"2026/crlsa-2026_52674.json","2026-09-01T23:27:00.080324+00:00"
"2024/crlsa-2024_2287.json","2026-09-01T23:26:59.819267+00:00"
"2026/crlsa-2026_47756.json","2026-09-01T23:26:59.598674+00:00"
"2024/crlsa-2024_3121.json","2026-09-01T23:26:59.137296+00:00"
"2021/crlsa-2021_3151.json","2026-09-01T23:26:58.730687+00:00"
"2022/crlsa-2022_5252.json","2026-09-01T23:26:57.706097+00:00"
"2025/crlsa-2025_7389.json","2026-09-01T23:26:57.469086+00:00"
"2026/crlsa-2026_39576.json","2026-09-01T23:26:57.049376+00:00"
"2024/crlsa-2024_4083.json","2026-09-01T23:26:56.797785+00:00"
"2024/crlsa-2024_5289.json","2026-09-01T23:26:56.360504+00:00"
"2022/crlsa-2022_8011.json","2026-09-01T23:26:56.201933+00:00"
"2026/crlsa-2026_38511.json","2026-09-01T23:26:55.571542+00:00"
"2025/crlsa-2025_7043.json","2026-09-01T23:26:55.219284+00:00"
"2025/crlsa-2025_7539.json","2026-09-01T23:26:54.374365+00:00"
"2021/crlsa-2021_1761.json","2026-09-01T23:26:53.511296+00:00"
"2025/crlsa-2025_1314.json","2026-09-01T23:26:51.576124+00:00"
"2022/crlsa-2022_6314.json","2026-09-01T23:26:51.447037+00:00"
"2022/crlsa-2022_0535.json","2026-09-01T23:26:51.371601+00:00"
"2025/crlsa-2025_1611.json","2026-09-01T23:26:51.278653+00:00"
"2024/crlsa-2024_3163.json","2026-09-01T23:26:51.051784+00:00"
"2023/crlsa-2023_0096.json","2026-09-01T23:26:50.907310+00:00"
"2022/crlsa-2022_0366.json","2026-09-01T23:26:50.627539+00:00"
"2024/crlsa-2024_7481.json","2026-09-01T23:26:50.394498+00:00"
"2021/crlsa-2021_3623.json","2026-09-01T23:26:50.167541+00:00"
"2023/crlsa-2023_0808.json","2026-09-01T23:26:49.949671+00:00"
"2025/crlsa-2025_1738.json","2026-09-01T23:26:49.398920+00:00"
"2026/crlsa-2026_1089.json","2026-09-01T23:26:49.186816+00:00"
"2026/crlsa-2026_58897.json","2026-09-01T23:26:49.105046+00:00"
"2023/crlsa-2023_4838.json","2026-09-01T23:26:48.917476+00:00"
"2025/crlsa-2025_8607.json","2026-09-01T23:26:46.875587+00:00"
"2025/crlsa-2025_3113.json","2026-09-01T23:26:46.713035+00:00"
"2022/crlsa-2022_1821.json","2026-09-01T23:26:45.932764+00:00"
"2024/crlsa-2024_4367.json","2026-09-01T23:26:43.920644+00:00"
"2024/crlsa-2024_11219.json","2026-09-01T23:26:43.179621+00:00"
"2024/crlsa-2024_4376.json","2026-09-01T23:26:43.084262+00:00"
"2022/crlsa-2022_5823.json","2026-09-01T23:26:42.994106+00:00"
"2024/crlsa-2024_6147.json","2026-09-01T23:26:42.784456+00:00"
"2026/crlsa-2026_20929.json","2026-09-01T23:26:42.631577+00:00"
"2025/crlsa-2025_6977.json","2026-09-01T23:26:42.456390+00:00"
"2022/crlsa-2022_1842.json","2026-09-01T23:26:42.140598+00:00"
"2026/crlsa-2026_61259.json","2026-09-01T23:26:41.890548+00:00"
"2024/crlsa-2024_2842.json","2026-09-01T23:26:40.301486+00:00"
"2024/crlsa-2024_11193.json","2026-09-01T23:26:39.674779+00:00"
"2026/crlsa-2026_19372.json","2026-09-01T23:26:39.452879+00:00"
"2021/crlsa-2021_2569.json","2026-09-01T23:26:38.900621+00:00"
"2025/crlsa-2025_12083.json","2026-09-01T23:26:38.725062+00:00"
"2021/crlsa-2021_2574.json","2026-09-01T23:26:38.121844+00:00"
"2023/crlsa-2023_0852.json","2026-09-01T23:26:37.573666+00:00"
"2025/crlsa-2025_4461.json","2026-09-01T23:26:35.555457+00:00"
"2026/crlsa-2026_50828.json","2026-09-01T23:26:35.072404+00:00"
"2026/crlsa-2026_50317.json","2026-09-01T23:26:33.919921+00:00"
"2026/crlsa-2026_18748.json","2026-09-01T23:26:31.557743+00:00"
"2025/crlsa-2025_21140.json","2026-09-01T23:26:29.768247+00:00"
"2026/crlsa-2026_4455.json","2026-09-01T23:26:28.870146+00:00"
"2024/crlsa-2024_9573.json","2026-09-01T23:26:28.545146+00:00"
"2024/crlsa-2024_5102.json","2026-09-01T23:26:28.321756+00:00"
"2023/crlsa-2023_3827.json","2026-09-01T23:26:28.142430+00:00"
"2021/crlsa-2021_4513.json","2026-09-01T23:26:27.971893+00:00"
"2023/crlsa-2023_7754.json","2026-09-01T23:26:27.812507+00:00"
"2026/crlsa-2026_3040.json","2026-09-01T23:26:27.414652+00:00"
"2024/crlsa-2024_8870.json","2026-09-01T23:26:27.252057+00:00"
"2026/crlsa-2026_3488.json","2026-09-01T23:26:25.461613+00:00"
"2025/crlsa-2025_18286.json","2026-09-01T23:26:23.431573+00:00"
"2024/crlsa-2024_3671.json","2026-09-01T23:26:23.283941+00:00"
"2019/crlsa-2019_2511.json","2026-09-01T23:26:22.972819+00:00"
"2020/crlsa-2020_4649.json","2026-09-01T23:26:21.248138+00:00"
"2021/crlsa-2021_5082.json","2026-09-01T23:26:21.062867+00:00"
"2026/crlsa-2026_19167.json","2026-09-01T23:26:19.164088+00:00"
"2023/crlsa-2023_0079.json","2026-09-01T23:26:19.059772+00:00"
"2025/crlsa-2025_7431.json","2026-09-01T23:26:18.740792+00:00"
"2026/crlsa-2026_2039.json","2026-09-01T23:26:16.421350+00:00"
"2025/crlsa-2025_8506.json","2026-09-01T23:26:16.087303+00:00"
"2022/crlsa-2022_8096.json","2026-09-01T23:26:15.362833+00:00"
"2025/crlsa-2025_12187.json","2026-09-01T23:26:15.165877+00:00"
"2024/crlsa-2024_3102.json","2026-09-01T23:26:14.763075+00:00"
"2026/crlsa-2026_1344.json","2026-09-01T23:26:14.712223+00:00"
"2025/crlsa-2025_10551.json","2026-09-01T23:26:13.904045+00:00"
"2022/crlsa-2022_4991.json","2026-09-01T23:26:07.543881+00:00"
"2023/crlsa-2023_0099.json","2026-09-01T23:26:07.195561+00:00"
"2025/crlsa-2025_23134.json","2026-09-01T23:26:01.594912+00:00"
"2024/crlsa-2024_7349.json","2026-09-01T23:26:01.077065+00:00"
"2024/crlsa-2024_0119.json","2026-09-01T23:26:00.494736+00:00"
"2020/crlsa-2020_1293.json","2026-09-01T23:26:00.192295+00:00"
"2026/crlsa-2026_6907.json","2026-09-01T23:26:00.108037+00:00"
"2021/crlsa-2021_4408.json","2026-09-01T23:25:59.826512+00:00"
"2026/crlsa-2026_49213.json","2026-09-01T23:25:58.769346+00:00"
"2021/crlsa-2021_4181.json","2026-09-01T23:25:58.412628+00:00"
"2025/crlsa-2025_18155.json","2026-09-01T23:25:58.312896+00:00"
"2021/crlsa-2021_4257.json","2026-09-01T23:25:58.129408+00:00"
"2024/crlsa-2024_9167.json","2026-09-01T23:25:57.617070+00:00"
"2021/crlsa-2021_4586.json","2026-09-01T23:25:57.046786+00:00"
"2022/crlsa-2022_1643.json","2026-09-01T23:25:54.483009+00:00"
"2025/crlsa-2025_3974.json","2026-09-01T23:25:53.988127+00:00"
"2021/crlsa-2021_4149.json","2026-09-01T23:25:53.734202+00:00"
"2026/crlsa-2026_35839.json","2026-09-01T23:25:53.009621+00:00"
"2025/crlsa-2025_11140.json","2026-09-01T23:25:51.341403+00:00"
"2022/crlsa-2022_4797.json","2026-09-01T23:25:50.998612+00:00"
"2024/crlsa-2024_1435.json","2026-09-01T23:25:50.048585+00:00"
"2025/crlsa-2025_3615.json","2026-09-01T23:25:49.977986+00:00"
"2024/crlsa-2024_3120.json","2026-09-01T23:25:49.837552+00:00"
"2026/crlsa-2026_26562.json","2026-09-01T23:25:49.702554+00:00"
"2025/crlsa-2025_7428.json","2026-09-01T23:25:49.606037+00:00"
"2025/crlsa-2025_19835.json","2026-09-01T23:25:49.431924+00:00"
"2023/crlsa-2023_2655.json","2026-09-01T23:25:49.050439+00:00"
"2024/crlsa-2024_9449.json","2026-09-01T23:25:48.758741+00:00"
"2022/crlsa-2022_8151.json","2026-09-01T23:25:48.608734+00:00"
"2025/crlsa-2025_12838.json","2026-09-01T23:25:48.048045+00:00"
"2026/crlsa-2026_7677.json","2026-09-01T23:25:47.856179+00:00"
"2021/crlsa-2021_4374.json","2026-09-01T23:25:47.740381+00:00"
"2025/crlsa-2025_4597.json","2026-09-01T23:25:47.557092+00:00"
"2021/crlsa-2021_5238.json","2026-09-01T23:25:47.225201+00:00"
"2025/crlsa-2025_1740.json","2026-09-01T23:25:42.388814+00:00"
"2026/crlsa-2026_21756.json","2026-09-01T23:25:41.670228+00:00"
"2026/crlsa-2026_6153.json","2026-09-01T23:25:41.362561+00:00"
"2026/crlsa-2026_26455.json","2026-09-01T23:25:39.915037+00:00"
"2021/crlsa-2021_3755.json","2026-09-01T23:25:39.616507+00:00"
"2021/crlsa-2021_4226.json","2026-09-01T23:25:39.525637+00:00"
"2026/crlsa-2026_6301.json","2026-09-01T23:25:39.449459+00:00"
"2020/crlsa-2020_4743.json","2026-09-01T23:25:39.308563+00:00"
"2021/crlsa-2021_4325.json","2026-09-01T23:25:39.204374+00:00"
"2022/crlsa-2022_8384.json","2026-09-01T23:25:39.060946+00:00"
"2021/crlsa-2021_2308.json","2026-09-01T23:25:38.785799+00:00"
"2026/crlsa-2026_26181.json","2026-09-01T23:25:38.672923+00:00"
"2024/crxsa-2024_4349.json","2026-09-01T23:25:37.518310+00:00"
"2022/crlsa-2022_7013.json","2026-09-01T23:25:36.848282+00:00"
"2026/crlsa-2026_23360.json","2026-09-01T23:25:35.723327+00:00"
"2024/crlsa-2024_2910.json","2026-09-01T23:25:35.429563+00:00"
"2023/crlsa-2023_7716.json","2026-09-01T23:25:35.155322+00:00"
"2026/crlsa-2026_39316.json","2026-09-01T23:25:34.885847+00:00"
"2026/crlsa-2026_19176.json","2026-09-01T23:25:33.930705+00:00"
"2022/crlsa-2022_1851.json","2026-09-01T23:25:33.265543+00:00"
"2026/crlsa-2026_11514.json","2026-09-01T23:25:32.948949+00:00"
"2026/crlsa-2026_41948.json","2026-09-01T23:25:32.616745+00:00"
"2022/crlsa-2022_8554.json","2026-09-01T23:25:23.834640+00:00"
"2024/crlsa-2024_8842.json","2026-09-01T23:25:23.600390+00:00"
"2024/crlsa-2024_6422.json","2026-09-01T23:25:23.547973+00:00"
"2022/crlsa-2022_5942.json","2026-09-01T23:25:23.262343+00:00"
"2026/crlsa-2026_44308.json","2026-09-01T23:25:22.955317+00:00"
"2022/crlsa-2022_0350.json","2026-09-01T23:25:22.710986+00:00"
"2026/crlsa-2026_36734.json","2026-09-01T23:25:22.453234+00:00"
"2026/crlsa-2026_54550.json","2026-09-01T23:25:22.273175+00:00"
"2026/crlsa-2026_52761.json","2026-09-01T23:25:21.914604+00:00"
"2023/crlsa-2023_4030.json","2026-09-01T23:25:21.750554+00:00"
"2026/crlba-2026_39332.json","2026-09-01T23:25:21.576999+00:00"
"2026/crlsa-2026_8096.json","2026-09-01T23:25:19.498781+00:00"
"2026/crlsa-2026_2081.json","2026-09-01T23:25:10.339958+00:00"
"2025/crlsa-2025_1301.json","2026-09-01T23:25:10.068044+00:00"
"2025/crlsa-2025_11030.json","2026-09-01T23:25:09.140126+00:00"
"2025/crlsa-2025_13940.json","2026-09-01T23:25:08.335668+00:00"
"2021/crlsa-2021_4236.json","2026-09-01T23:25:08.098468+00:00"
"2026/crlsa-2026_25220.json","2026-09-01T23:25:07.990841+00:00"
"2026/crlsa-2026_24984.json","2026-09-01T23:25:07.387846+00:00"
"2026/crlsa-2026_47040.json","2026-09-01T23:25:06.950544+00:00"
"2025/crlsa-2025_8643.json","2026-09-01T23:25:05.407480+00:00"
"2022/crlsa-2022_2110.json","2026-09-01T23:25:03.897574+00:00"
"2024/crlsa-2024_1940.json","2026-09-01T23:25:03.611775+00:00"
"2023/crlsa-2023_0463.json","2026-09-01T23:25:02.315107+00:00"
"2022/crlsa-2022_8197.json","2026-09-01T23:25:01.919500+00:00"
"2026/crlsa-2026_33577.json","2026-09-01T23:24:59.539264+00:00"
"2026/crlsa-2026_19181.json","2026-09-01T23:24:58.397088+00:00"
"2021/crlsa-2021_2988.json","2026-09-01T23:24:58.204459+00:00"
"2023/crlsa-2023_0626.json","2026-09-01T23:24:58.063484+00:00"
"2024/crlsa-2024_11237.json","2026-09-01T23:24:57.881602+00:00"
"2025/crlsa-2025_10698.json","2026-09-01T23:24:57.644179+00:00"
"2023/crlsa-2023_2258.json","2026-09-01T23:24:57.482111+00:00"
"2025/crlsa-2025_22063.json","2026-09-01T23:24:57.428227+00:00"
"2026/crlsa-2026_1478.json","2026-09-01T23:24:57.137088+00:00"
"2024/crlsa-2024_11111.json","2026-09-01T23:24:56.736954+00:00"
"2023/crlsa-2023_0113.json","2026-09-01T23:24:56.349164+00:00"
"2024/crlsa-2024_3842.json","2026-09-01T23:24:55.907871+00:00"
"2023/crlsa-2023_0101.json","2026-09-01T23:24:55.705068+00:00"
"2026/crlsa-2026_32992.json","2026-09-01T23:24:55.266240+00:00"
"2024/crlsa-2024_10752.json","2026-09-01T23:24:55.217474+00:00"
"2026/crlsa-2026_49857.json","2026-09-01T23:24:55.112766+00:00"
"2025/crlsa-2025_8427.json","2026-09-01T23:24:54.706705+00:00"
"2026/crlsa-2026_8457.json","2026-09-01T23:24:54.623934+00:00"
"2022/crlsa-2022_7288.json","2026-09-01T23:24:54.246453+00:00"
"2026/crlsa-2026_23332.json","2026-09-01T23:24:53.936634+00:00"
"2025/crlsa-2025_9330.json","2026-09-01T23:24:53.486098+00:00"
"2024/crlsa-2024_9473.json","2026-09-01T23:24:53.341632+00:00"
"2026/crlsa-2026_19182.json","2026-09-01T23:24:53.148132+00:00"
"2026/crlsa-2026_6571.json","2026-09-01T23:24:52.332543+00:00"
"2022/crlsa-2022_1763.json","2026-09-01T23:24:51.870069+00:00"
"2024/crlsa-2024_1782.json","2026-09-01T23:24:50.289980+00:00"
"2022/crlsa-2022_7470.json","2026-09-01T23:24:49.519363+00:00"
"2025/crlsa-2025_21968.json","2026-09-01T23:24:48.454829+00:00"
"2024/crlsa-2024_0143.json","2026-09-01T23:24:48.255471+00:00"
"2026/crlsa-2026_19348.json","2026-09-01T23:24:47.912015+00:00"
"2026/crlsa-2026_5080.json","2026-09-01T23:24:47.777345+00:00"
"2024/crlsa-2024_6148.json","2026-09-01T23:24:47.521824+00:00"
"2026/crlsa-2026_19200.json","2026-09-01T23:24:47.330048+00:00"
"2026/crlsa-2026_0696.json","2026-09-01T23:24:47.010865+00:00"
"2026/crlsa-2026_1359.json","2026-09-01T23:24:46.490299+00:00"
"2024/crlsa-2024_2199.json","2026-09-01T23:24:46.241391+00:00"
"2022/crlsa-2022_7830.json","2026-09-01T23:24:45.886069+00:00"
"2026/crlsa-2026_28256.json","2026-09-01T23:24:45.657230+00:00"
"2025/crlsa-2025_23111.json","2026-09-01T23:24:45.170913+00:00"
"2021/crlsa-2021_1758.json","2026-09-01T23:24:44.535034+00:00"
"2025/crlsa-2025_1743.json","2026-09-01T23:24:44.337047+00:00"
"2022/crlsa-2022_0441.json","2026-09-01T23:24:43.968389+00:00"
"2023/crlsa-2023_6661.json","2026-09-01T23:24:42.348603+00:00"
"2026/crlsa-2026_38878.json","2026-09-01T23:24:42.067145+00:00"
"2026/crlsa-2026_53452.json","2026-09-01T23:24:41.738250+00:00"
"2026/crlsa-2026_19219.json","2026-09-01T23:24:41.316153+00:00"
"2023/crlsa-2023_1569.json","2026-09-01T23:24:40.348159+00:00"
"2023/crlsa-2023_1572.json","2026-09-01T23:24:39.878451+00:00"
"2023/crlsa-2023_7265.json","2026-09-01T23:24:39.789271+00:00"
"2024/crlsa-2024_5402.json","2026-09-01T23:24:39.682258+00:00"
"2021/crlsa-2021_3152.json","2026-09-01T23:24:39.592429+00:00"
"2026/crlsa-2026_26323.json","2026-09-01T23:24:39.415730+00:00"
"2026/crlsa-2026_37207.json","2026-09-01T23:24:39.293823+00:00"
"2026/crlsa-2026_58936.json","2026-09-01T23:24:38.886367+00:00"
"2023/crlsa-2023_5144.json","2026-09-01T23:24:38.614317+00:00"
"2023/crlsa-2023_4706.json","2026-09-01T23:24:38.342640+00:00"
"2023/crlsa-2023_0021.json","2026-09-01T23:24:38.086602+00:00"
"2023/crlsa-2023_5537.json","2026-09-01T23:24:37.740946+00:00"
"2026/crlsa-2026_51153.json","2026-09-01T23:24:37.018227+00:00"
"2023/crlsa-2023_3594.json","2026-09-01T23:24:34.369312+00:00"
"2022/crlsa-2022_0845.json","2026-09-01T23:24:34.112558+00:00"
"2025/crlsa-2025_9635.json","2026-09-01T23:24:34.023646+00:00"
"2026/crlsa-2026_5942.json","2026-09-01T23:24:33.881650+00:00"
"2025/crlsa-2025_4244.json","2026-09-01T23:24:33.488602+00:00"
"2023/crlsa-2023_1403.json","2026-09-01T23:24:26.596645+00:00"
"2023/crlsa-2023_3108.json","2026-09-01T23:24:26.261446+00:00"
"2023/crlsa-2023_5360.json","2026-09-01T23:24:26.010288+00:00"
"2026/crlsa-2026_9686.json","2026-09-01T23:24:24.954307+00:00"
"2024/crlsa-2024_6946.json","2026-09-01T23:24:24.405063+00:00"
"2026/crlsa-2026_0759.json","2026-09-01T23:24:24.247250+00:00"
"2026/crlsa-2026_19343.json","2026-09-01T23:24:23.820222+00:00"
"2025/crlsa-2025_9448.json","2026-09-01T23:24:23.318479+00:00"
"2026/crlsa-2026_38493.json","2026-09-01T23:24:22.992616+00:00"
"2026/crlsa-2026_20585.json","2026-09-01T23:24:22.798158+00:00"
"2025/crlsa-2025_10189.json","2026-09-01T23:24:22.428795+00:00"
"2025/crlsa-2025_8292.json","2026-09-01T23:24:21.599343+00:00"
"2022/crlsa-2022_1793.json","2026-09-01T23:24:21.412342+00:00"
"2022/crlsa-2022_1049.json","2026-09-01T23:24:18.615762+00:00"
"2026/crlsa-2026_48021.json","2026-09-01T23:24:18.138184+00:00"
"2022/crlsa-2022_7105.json","2026-09-01T23:24:17.937933+00:00"
"2021/crlsa-2021_1647.json","2026-09-01T23:24:16.637395+00:00"
"2024/crlsa-2024_1494.json","2026-09-01T23:24:15.730494+00:00"
"2024/crlsa-2024_3270.json","2026-09-01T23:24:15.465951+00:00"
"2020/crlsa-2020_2041.json","2026-09-01T23:24:11.604643+00:00"
"2026/crlsa-2026_55740.json","2026-09-01T23:24:11.333170+00:00"
"2026/crlsa-2026_55436.json","2026-09-01T23:24:06.791991+00:00"
"2025/crlsa-2025_8667.json","2026-09-01T23:24:06.416359+00:00"
"2026/crxsa-2026_45115.json","2026-09-01T23:24:06.292492+00:00"
"2025/crlsa-2025_11462.json","2026-09-01T23:24:05.869879+00:00"
"2024/crlsa-2024_3837.json","2026-09-01T23:24:05.078624+00:00"
"2026/crlsa-2026_0753.json","2026-09-01T23:24:04.637222+00:00"
"2022/crlsa-2022_1781.json","2026-09-01T23:23:57.763430+00:00"
"2025/crlsa-2025_11411.json","2026-09-01T23:23:57.636784+00:00"
"2026/crlsa-2026_13673.json","2026-09-01T23:23:55.363081+00:00"
"2021/crlsa-2021_3945.json","2026-09-01T23:23:55.044962+00:00"
"2024/crlsa-2024_5309.json","2026-09-01T23:23:54.857084+00:00"
"2026/crlsa-2026_18824.json","2026-09-01T23:23:53.529319+00:00"
"2019/crlba-2019_3621.json","2026-09-01T23:23:53.258599+00:00"
"2026/crlsa-2026_22644.json","2026-09-01T23:23:53.048299+00:00"
"2022/crlsa-2022_7469.json","2026-09-01T23:23:51.880348+00:00"
"2021/crlsa-2021_1842.json","2026-09-01T23:23:50.065347+00:00"
"2021/crlsa-2021_4451.json","2026-09-01T23:23:49.902913+00:00"
"2026/crlsa-2026_28254.json","2026-09-01T23:23:49.548658+00:00"
"2023/crlsa-2023_3725.json","2026-09-01T23:23:49.284996+00:00"
"2023/crlsa-2023_1582.json","2026-09-01T23:23:49.143786+00:00"
"2022/crlsa-2022_5470.json","2026-09-01T23:23:48.970955+00:00"
"2022/crlsa-2022_5717.json","2026-09-01T23:23:45.716230+00:00"
"2026/crlsa-2026_55423.json","2026-09-01T23:23:45.166577+00:00"
"2021/crlsa-2021_2360.json","2026-09-01T23:23:44.829571+00:00"
"2024/crlsa-2024_6529.json","2026-09-01T23:23:44.130837+00:00"
"2026/crlsa-2026_19588.json","2026-09-01T23:23:43.773133+00:00"
"2025/crlsa-2025_15017.json","2026-09-01T23:23:42.069156+00:00"
"2023/crlsa-2023_7205.json","2026-09-01T23:23:41.800916+00:00"
"2025/crlsa-2025_15900.json","2026-09-01T23:23:41.710700+00:00"
"2023/crlsa-2023_4571.json","2026-09-01T23:23:41.385564+00:00"
"2023/crlsa-2023_3107.json","2026-09-01T23:23:41.243242+00:00"
"2026/crlsa-2026_2422.json","2026-09-01T23:23:41.133168+00:00"
"2024/crlsa-2024_8180.json","2026-09-01T23:23:40.807447+00:00"
"2022/crlsa-2022_5826.json","2026-09-01T23:23:40.361509+00:00"
"2021/crlsa-2021_1924.json","2026-09-01T23:23:39.840901+00:00"
"2022/crlsa-2022_5777.json","2026-09-01T23:23:38.132938+00:00"
"2026/crlsa-2026_28159.json","2026-09-01T23:23:37.838767+00:00"
"2024/crlsa-2024_9644.json","2026-09-01T23:23:37.786930+00:00"
"2026/crlsa-2026_19374.json","2026-09-01T23:23:37.611355+00:00"
"2023/crlsa-2023_4201.json","2026-09-01T23:23:37.051080+00:00"
"2026/crlsa-2026_0312.json","2026-09-01T23:23:36.177695+00:00"
"2026/crlsa-2026_58898.json","2026-09-01T23:23:34.825538+00:00"
"2022/crlsa-2022_5314.json","2026-09-01T23:23:34.735776+00:00"
"2023/crlsa-2023_5455.json","2026-09-01T23:23:34.444748+00:00"
"2026/crlsa-2026_50141.json","2026-09-01T23:23:30.847386+00:00"
"2025/crlsa-2025_19345.json","2026-09-01T23:23:30.577209+00:00"
"2019/crlsa-2019_3335.json","2026-09-01T23:23:29.504391+00:00"
"2022/crlsa-2022_1287.json","2026-09-01T23:23:28.095220+00:00"
"2022/crlsa-2022_6608.json","2026-09-01T23:23:27.997651+00:00"
"2026/crlsa-2026_37410.json","2026-09-01T23:23:27.846478+00:00"
"2022/crlsa-2022_6702.json","2026-09-01T23:23:26.833191+00:00"
"2022/crlsa-2022_6175.json","2026-09-01T23:23:26.741827+00:00"
"2025/crlsa-2025_7317.json","2026-09-01T23:23:26.647955+00:00"
"2024/crlsa-2024_2137.json","2026-09-01T23:23:26.510217+00:00"
"2024/crlsa-2024_6848.json","2026-09-01T23:23:26.212078+00:00"
"2026/crlsa-2026_8945.json","2026-09-01T23:23:21.735268+00:00"
"2026/crlsa-2026_25927.json","2026-09-01T23:23:21.234615+00:00"
"2024/crlsa-2024_10785.json","2026-09-01T23:23:20.825245+00:00"
"2021/crlsa-2021_3057.json","2026-09-01T23:23:20.226942+00:00"
"2025/crlsa-2025_16920.json","2026-09-01T23:23:19.134071+00:00"
"2022/crlsa-2022_6358.json","2026-09-01T23:23:18.976666+00:00"
"2025/crlsa-2025_22800.json","2026-09-01T23:23:18.807566+00:00"
"2024/crlsa-2024_1822.json","2026-09-01T23:23:18.600523+00:00"
"2026/crlsa-2026_61248.json","2026-09-01T23:23:17.114351+00:00"
"2026/crlsa-2026_43307.json","2026-09-01T23:23:16.861758+00:00"
"2026/crlsa-2026_52396.json","2026-09-01T23:23:15.243336+00:00"
"2025/crlsa-2025_7165.json","2026-09-01T23:23:13.666059+00:00"
"2026/crlsa-2026_36210.json","2026-09-01T23:23:13.474672+00:00"
"2025/crlsa-2025_17558.json","2026-09-01T23:23:12.701180+00:00"
"2020/crlsa-2020_4751.json","2026-09-01T23:23:11.673360+00:00"
"2024/crlsa-2024_1786.json","2026-09-01T23:23:11.519563+00:00"
"2023/crlsa-2023_0304.json","2026-09-01T23:23:11.068013+00:00"
"2026/crlsa-2026_39317.json","2026-09-01T23:23:09.099272+00:00"
"2025/crlsa-2025_7440.json","2026-09-01T23:23:08.826238+00:00"
"2021/crlsa-2021_2371.json","2026-09-01T23:23:08.446242+00:00"
"2020/crlsa-2020_1665.json","2026-09-01T23:23:06.175788+00:00"
"2026/crlsa-2026_13565.json","2026-09-01T23:23:03.418390+00:00"
"2025/crlsa-2025_7402.json","2026-09-01T23:23:01.946567+00:00"
"2024/crlsa-2024_5306.json","2026-09-01T23:23:01.389130+00:00"
"2026/crlsa-2026_23230.json","2026-09-01T23:23:01.221645+00:00"
"2023/crlsa-2023_4536.json","2026-09-01T23:23:01.019219+00:00"
"2022/crlsa-2022_5251.json","2026-09-01T23:23:00.658768+00:00"
"2024/crlsa-2024_3500.json","2026-09-01T23:23:00.261117+00:00"
"2025/crlsa-2025_7395.json","2026-09-01T23:22:59.350075+00:00"
"2022/crlsa-2022_7548.json","2026-09-01T23:22:59.048159+00:00"
"2026/crlsa-2026_39179.json","2026-09-01T23:22:58.860547+00:00"
"2026/crlsa-2026_33464.json","2026-09-01T23:22:58.419311+00:00"
"2025/crlsa-2025_16372.json","2026-09-01T23:22:56.767852+00:00"
"2021/crlsa-2021_1608.json","2026-09-01T23:22:56.363731+00:00"
"2022/crlsa-2022_1556.json","2026-09-01T23:22:56.222093+00:00"
"2026/crlsa-2026_24365.json","2026-09-01T23:22:55.726896+00:00"
"2025/crlsa-2025_3773.json","2026-09-01T23:22:55.327593+00:00"
"2024/crlsa-2024_7700.json","2026-09-01T23:22:55.216976+00:00"
"2022/crlsa-2022_6437.json","2026-09-01T23:22:55.124149+00:00"
"2022/crlsa-2022_7968.json","2026-09-01T23:22:54.967870+00:00"
"2025/crlsa-2025_0422.json","2026-09-01T23:22:54.858536+00:00"
"2021/crlsa-2021_4404.json","2026-09-01T23:22:54.317442+00:00"
"2023/crlsa-2023_6266.json","2026-09-01T23:22:54.227080+00:00"
"2022/crlsa-2022_1801.json","2026-09-01T23:22:54.117917+00:00"
"2026/crlsa-2026_41905.json","2026-09-01T23:22:54.024167+00:00"
"2025/crlsa-2025_20801.json","2026-09-01T23:22:53.639512+00:00"
"2026/crlsa-2026_19359.json","2026-09-01T23:22:53.373296+00:00"
"2026/crlsa-2026_57562.json","2026-09-01T23:22:53.104028+00:00"
"2024/crlsa-2024_6987.json","2026-09-01T23:22:53.049626+00:00"
"2023/crlsa-2023_3591.json","2026-09-01T23:22:52.840147+00:00"
"2026/crlsa-2026_29844.json","2026-09-01T23:22:52.571655+00:00"
"2025/crlsa-2025_0936.json","2026-09-01T23:22:52.230284+00:00"
"2025/crlsa-2025_9844.json","2026-09-01T23:22:52.147004+00:00"
"2026/crlsa-2026_49525.json","2026-09-01T23:22:52.027701+00:00"
"2026/crlsa-2026_36187.json","2026-09-01T23:22:51.976399+00:00"
"2023/crlsa-2023_4708.json","2026-09-01T23:22:51.908569+00:00"
"2019/crlsa-2019_3345.json","2026-09-01T23:22:51.545914+00:00"
"2022/crlsa-2022_7645.json","2026-09-01T23:22:50.553155+00:00"
"2026/crlsa-2026_28037.json","2026-09-01T23:22:50.317336+00:00"
"2022/crlsa-2022_6781.json","2026-09-01T23:22:49.142110+00:00"
"2022/crlba-2022_0348.json","2026-09-01T23:22:48.789504+00:00"
"2024/crlsa-2024_2559.json","2026-09-01T23:22:45.654146+00:00"
"2025/crlsa-2025_20958.json","2026-09-01T23:22:45.586119+00:00"
"2023/crlsa-2023_5765.json","2026-09-01T23:22:45.234282+00:00"
"2022/crlsa-2022_8353.json","2026-09-01T23:22:44.205062+00:00"
"2021/crlsa-2021_3061.json","2026-09-01T23:22:43.641132+00:00"
"2026/crlsa-2026_28158.json","2026-09-01T23:22:38.815539+00:00"
"2026/crlsa-2026_3940.json","2026-09-01T23:22:38.752894+00:00"
"2026/crlsa-2026_19173.json","2026-09-01T23:22:38.359492+00:00"
"2026/crlsa-2026_25114.json","2026-09-01T23:22:38.015236+00:00"
"2024/crlsa-2024_3627.json","2026-09-01T23:22:37.576564+00:00"
"2023/crlsa-2023_0902.json","2026-09-01T23:22:37.401929+00:00"
"2024/crlsa-2024_8729.json","2026-09-01T23:22:37.156029+00:00"
"2026/crlsa-2026_61240.json","2026-09-01T23:22:37.037630+00:00"
"2026/crlsa-2026_26408.json","2026-09-01T23:22:36.280807+00:00"
"2024/crlsa-2024_0752.json","2026-09-01T23:22:36.171057+00:00"
"2025/crlsa-2025_0426.json","2026-09-01T23:22:35.539134+00:00"
"2023/crlsa-2023_0303.json","2026-09-01T23:22:34.043912+00:00"
"2022/crlsa-2022_6158.json","2026-09-01T23:22:33.673479+00:00"
"2026/crlsa-2026_36188.json","2026-09-01T23:22:31.817771+00:00"
"2025/crlsa-2025_8060.json","2026-09-01T23:22:31.766335+00:00"
"2025/crlsa-2025_8132.json","2026-09-01T23:22:31.662950+00:00"
"2021/crlsa-2021_4361.json","2026-09-01T23:22:31.508312+00:00"
"2024/crlsa-2024_3346.json","2026-09-01T23:22:28.983284+00:00"
"2025/crlsa-2025_1670.json","2026-09-01T23:22:28.876820+00:00"
"2024/crlsa-2024_6569.json","2026-09-01T23:22:28.464479+00:00"
"2022/crlsa-2022_8318.json","2026-09-01T23:22:28.256640+00:00"
"2025/crlsa-2025_19103.json","2026-09-01T23:22:27.936890+00:00"
"2022/crlsa-2022_2199.json","2026-09-01T23:22:26.838599+00:00"
"2023/crlsa-2023_0343.json","2026-09-01T23:22:24.973211+00:00"
"2023/crlsa-2023_4569.json","2026-09-01T23:22:24.715266+00:00"
"2024/crlsa-2024_3339.json","2026-09-01T23:22:24.019431+00:00"
"2026/crlsa-2026_19350.json","2026-09-01T23:22:15.927895+00:00"
"2023/crlsa-2023_0334.json","2026-09-01T23:22:15.754108+00:00"
"2021/crlsa-2021_3918.json","2026-09-01T23:22:14.870130+00:00"
"2026/crlsa-2026_49524.json","2026-09-01T23:22:14.688215+00:00"
"2025/crlsa-2025_2473.json","2026-09-01T23:22:14.617939+00:00"
"2026/crlsa-2026_0519.json","2026-09-01T23:22:14.171924+00:00"
"2026/crlsa-2026_2470.json","2026-09-01T23:22:13.112351+00:00"
"2026/crlsa-2026_0719.json","2026-09-01T23:22:11.506347+00:00"
"2022/crlsa-2022_5904.json","2026-09-01T23:22:11.268387+00:00"
"2022/crlsa-2022_5469.json","2026-09-01T23:22:09.710170+00:00"
"2025/crlsa-2025_7067.json","2026-09-01T23:22:09.602793+00:00"
"2025/crlsa-2025_21280.json","2026-09-01T23:22:09.098621+00:00"
"2020/crlsa-2020_1577.json","2026-09-01T23:22:08.879653+00:00"
"2025/crlsa-2025_23034.json","2026-09-01T23:22:08.477069+00:00"
"2025/crlsa-2025_20943.json","2026-09-01T23:22:08.309603+00:00"
"2026/crlsa-2026_53365.json","2026-09-01T23:22:08.085550+00:00"
"2024/crlsa-2024_0769.json","2026-09-01T23:22:07.332818+00:00"
"2024/crlsa-2024_3667.json","2026-09-01T23:22:07.247110+00:00"
"2024/crlsa-2024_3062.json","2026-09-01T23:22:07.111591+00:00"
"2024/crlsa-2024_7868.json","2026-09-01T23:22:06.830454+00:00"
"2026/crlsa-2026_0123.json","2026-09-01T23:22:06.446086+00:00"
"2019/crlsa-2019_1529.json","2026-09-01T23:22:05.641939+00:00"
"2026/crlsa-2026_16484.json","2026-09-01T23:22:04.986236+00:00"
"2023/crlsa-2023_6245.json","2026-09-01T23:22:04.784521+00:00"
"2022/crlsa-2022_7006.json","2026-09-01T23:22:04.468067+00:00"
"2025/crlsa-2025_21111.json","2026-09-01T23:22:03.418289+00:00"
"2025/crlsa-2025_9303.json","2026-09-01T23:22:02.955540+00:00"
"2022/crlsa-2022_6357.json","2026-09-01T23:22:02.386180+00:00"
"2021/crlsa-2021_2584.json","2026-09-01T23:22:02.248271+00:00"
"2025/crlsa-2025_7995.json","2026-09-01T23:22:01.120775+00:00"
"2026/crlsa-2026_29981.json","2026-09-01T23:22:00.766636+00:00"
"2023/crlsa-2023_7057.json","2026-09-01T23:22:00.566605+00:00"
"2021/crlsa-2021_1791.json","2026-09-01T23:22:00.417920+00:00"
"2021/crlsa-2021_4151.json","2026-09-01T23:21:59.702008+00:00"
"2020/crlsa-2020_4059.json","2026-09-01T23:21:57.650574+00:00"
"2024/crlsa-2024_2758.json","2026-09-01T23:21:56.617138+00:00"
"2025/crlsa-2025_21776.json","2026-09-01T23:21:55.285562+00:00"
"2025/crlsa-2025_8203.json","2026-09-01T23:21:55.146372+00:00"
"2026/crlsa-2026_54268.json","2026-09-01T23:21:54.995208+00:00"
"2024/crlsa-2024_7851.json","2026-09-01T23:21:54.593284+00:00"
"2026/crlsa-2026_6340.json","2026-09-01T23:21:54.300483+00:00"
"2024/crlsa-2024_9188.json","2026-09-01T23:21:53.918210+00:00"
"2022/crlsa-2022_1810.json","2026-09-01T23:21:53.771196+00:00"
"2026/crlsa-2026_53844.json","2026-09-01T23:21:53.590595+00:00"
"2024/crlsa-2024_3088.json","2026-09-01T23:21:53.316791+00:00"
"2023/crlsa-2023_5363.json","2026-09-01T23:21:52.328067+00:00"
"2026/crlsa-2026_28157.json","2026-09-01T23:21:52.155903+00:00"
"2025/crlsa-2025_18298.json","2026-09-01T23:21:52.103506+00:00"
"2022/crlsa-2022_7447.json","2026-09-01T23:21:49.893583+00:00"
"2023/crlsa-2023_0835.json","2026-09-01T23:21:49.819635+00:00"
"2022/crlsa-2022_4941.json","2026-09-01T23:21:49.727031+00:00"
"2021/crlsa-2021_4056.json","2026-09-01T23:21:48.973789+00:00"
"2025/crlsa-2025_3634.json","2026-09-01T23:21:48.520255+00:00"
"2024/crlsa-2024_9056.json","2026-09-01T23:21:47.741171+00:00"
"2025/crlsa-2025_7686.json","2026-09-01T23:21:47.606686+00:00"
"2026/crlsa-2026_3638.json","2026-09-01T23:21:47.475730+00:00"
"2022/crlsa-2022_1975.json","2026-09-01T23:21:46.902099+00:00"
"2023/crlsa-2023_2078.json","2026-09-01T23:21:46.739824+00:00"
"2025/crlsa-2025_12280.json","2026-09-01T23:21:46.532212+00:00"
"2026/crlsa-2026_4456.json","2026-09-01T23:21:46.385810+00:00"
"2022/crlsa-2022_7623.json","2026-09-01T23:21:45.737476+00:00"
"2026/crlsa-2026_60305.json","2026-09-01T23:21:44.649234+00:00"
"2024/crlsa-2024_8843.json","2026-09-01T23:21:44.461887+00:00"
"2025/crlsa-2025_23326.json","2026-09-01T23:21:44.401914+00:00"
"2023/crlsa-2023_6518.json","2026-09-01T23:21:44.251403+00:00"
"2024/crlsa-2024_3307.json","2026-09-01T23:21:43.929334+00:00"
"2025/crlsa-2025_4048.json","2026-09-01T23:21:43.822071+00:00"
"2024/crlsa-2024_6913.json","2026-09-01T23:21:43.540661+00:00"
"2026/crlsa-2026_8075.json","2026-09-01T23:21:43.353890+00:00"
"2024/crlsa-2024_10591.json","2026-09-01T23:21:41.288988+00:00"
"2026/crlsa-2026_57539.json","2026-09-01T23:21:40.906732+00:00"
"2023/crlsa-2023_4537.json","2026-09-01T23:21:38.415068+00:00"
"2026/crlsa-2026_6918.json","2026-09-01T23:21:38.331926+00:00"
"2026/crlsa-2026_2042.json","2026-09-01T23:21:38.095652+00:00"
"2023/crlsa-2023_7207.json","2026-09-01T23:21:37.769208+00:00"
"2026/crlsa-2026_18030.json","2026-09-01T23:21:37.610971+00:00"
"2024/crlsa-2024_3264.json","2026-09-01T23:21:35.954981+00:00"
"2026/crlsa-2026_26297.json","2026-09-01T23:21:33.761353+00:00"
"2024/crlsa-2024_7262.json","2026-09-01T23:21:33.416110+00:00"
"2022/crlsa-2022_7323.json","2026-09-01T23:21:33.257038+00:00"
"2026/crlsa-2026_8468.json","2026-09-01T23:21:32.246942+00:00"
"2026/crlsa-2026_10135.json","2026-09-01T23:21:31.915606+00:00"
"2025/crlsa-2025_10026.json","2026-09-01T23:21:31.704771+00:00"
"2025/crlsa-2025_1676.json","2026-09-01T23:21:31.446408+00:00"
"2020/crlsa-2020_4628.json","2026-09-01T23:21:31.176660+00:00"
"2022/crlsa-2022_5683.json","2026-09-01T23:21:31.057108+00:00"
"2024/crlsa-2024_6783.json","2026-09-01T23:21:30.509926+00:00"
"2026/crlsa-2026_57149.json","2026-09-01T23:21:30.010584+00:00"
"2019/crlsa-2019_3403.json","2026-09-01T23:21:28.646009+00:00"
"2024/crlsa-2024_1751.json","2026-09-01T23:21:28.485072+00:00"
"2022/crlsa-2022_2008.json","2026-09-01T23:21:28.270190+00:00"
"2025/crlsa-2025_21462.json","2026-09-01T23:21:27.769317+00:00"
"2025/crlsa-2025_9162.json","2026-09-01T23:21:27.508486+00:00"
"2026/crlsa-2026_16693.json","2026-09-01T23:21:26.828620+00:00"
"2023/crlsa-2023_4499.json","2026-09-01T23:21:26.620515+00:00"
"2024/crlsa-2024_2228.json","2026-09-01T23:21:26.323631+00:00"
"2025/crlsa-2025_11849.json","2026-09-01T23:21:24.324907+00:00"
"2026/crlsa-2026_2708.json","2026-09-01T23:21:23.987429+00:00"
"2026/crlsa-2026_3339.json","2026-09-01T23:21:23.407420+00:00"
"2022/crlsa-2022_7581.json","2026-09-01T23:21:23.203068+00:00"
"2026/crlsa-2026_59496.json","2026-09-01T23:21:21.666076+00:00"
"2023/crlsa-2023_1898.json","2026-09-01T23:21:19.552572+00:00"
"2025/crlsa-2025_11884.json","2026-09-01T23:21:19.000914+00:00"
"2026/crlsa-2026_38504.json","2026-09-01T23:21:18.227026+00:00"
"2026/crlsa-2026_4235.json","2026-09-01T23:21:12.344688+00:00"
"2026/crlsa-2026_19354.json","2026-09-01T23:21:11.787629+00:00"
"2022/crlsa-2022_7622.json","2026-09-01T23:21:10.182524+00:00"
"2022/crlsa-2022_0267.json","2026-09-01T23:21:09.773706+00:00"
"2025/crlsa-2025_1671.json","2026-09-01T23:21:09.177503+00:00"
"2023/crlsa-2023_2417.json","2026-09-01T23:21:08.705739+00:00"
"2025/crlsa-2025_23543.json","2026-09-01T23:21:07.833470+00:00"
"2025/crlsa-2025_8136.json","2026-09-01T23:21:00.990231+00:00"
"2026/crlsa-2026_19352.json","2026-09-01T23:21:00.826915+00:00"
"2026/crlsa-2026_37129.json","2026-09-01T23:21:00.650639+00:00"
"2026/crlsa-2026_10739.json","2026-09-01T23:21:00.401141+00:00"
"2024/crlsa-2024_3022.json","2026-09-01T23:21:00.045346+00:00"
"2025/crlsa-2025_2900.json","2026-09-01T23:20:59.863167+00:00"
"2025/crlsa-2025_4362.json","2026-09-01T23:20:59.754454+00:00"
"2026/crlsa-2026_7350.json","2026-09-01T23:20:59.441248+00:00"
"2025/crlsa-2025_3264.json","2026-09-01T23:20:59.063251+00:00"
"2026/crlsa-2026_26205.json","2026-09-01T23:20:58.883587+00:00"
"2024/crlsa-2024_2974.json","2026-09-01T23:20:58.275259+00:00"
"2024/crlsa-2024_4165.json","2026-09-01T23:20:58.105731+00:00"
"2025/crlsa-2025_12519.json","2026-09-01T23:20:57.939044+00:00"
"2022/crlsa-2022_6602.json","2026-09-01T23:20:57.858764+00:00"
"2022/crlsa-2022_4807.json","2026-09-01T23:20:57.647299+00:00"
"2023/crlsa-2023_3847.json","2026-09-01T23:20:57.010485+00:00"
"2024/crlsa-2024_1644.json","2026-09-01T23:20:56.574400+00:00"
"2021/crlsa-2021_1593.json","2026-09-01T23:20:56.469979+00:00"
"2023/crlsa-2023_4517.json","2026-09-01T23:20:54.461200+00:00"
"2024/crlsa-2024_2953.json","2026-09-01T23:20:54.015111+00:00"
"2026/crlsa-2026_11507.json","2026-09-01T23:20:53.940898+00:00"
"2023/crlsa-2023_6431.json","2026-09-01T23:20:53.620975+00:00"
"2026/crlsa-2026_19178.json","2026-09-01T23:20:53.424547+00:00"
"2025/crlsa-2025_0083.json","2026-09-01T23:20:53.274980+00:00"
"2025/crlsa-2025_7672.json","2026-09-01T23:20:53.001855+00:00"
"2022/crlsa-2022_8022.json","2026-09-01T23:20:52.953233+00:00"
"2023/crlsa-2023_0952.json","2026-09-01T23:20:52.880785+00:00"
"2026/crlsa-2026_47059.json","2026-09-01T23:20:52.216389+00:00"
"2021/crlsa-2021_1968.json","2026-09-01T23:20:51.926321+00:00"
"2026/crlsa-2026_61247.json","2026-09-01T23:20:51.748561+00:00"
"2024/crlsa-2024_5999.json","2026-09-01T23:20:51.468344+00:00"
"2025/crlsa-2025_3683.json","2026-09-01T23:20:50.206178+00:00"
"2025/crlsa-2025_14827.json","2026-09-01T23:20:50.054673+00:00"
"2026/crlsa-2026_23229.json","2026-09-01T23:20:48.754039+00:00"
"2024/crlsa-2024_4197.json","2026-09-01T23:20:48.553408+00:00"
"2025/crlsa-2025_8655.json","2026-09-01T23:20:47.803965+00:00"
"2022/crlsa-2022_6448.json","2026-09-01T23:20:40.890282+00:00"
"2022/crlsa-2022_8057.json","2026-09-01T23:20:40.655632+00:00"
"2026/crlsa-2026_8471.json","2026-09-01T23:20:40.377155+00:00"
"2025/crlsa-2025_8813.json","2026-09-01T23:20:38.141486+00:00"
"2024/crlsa-2024_2724.json","2026-09-01T23:20:36.727899+00:00"
"2022/crlsa-2022_0899.json","2026-09-01T23:20:36.582764+00:00"
"2026/crlsa-2026_13671.json","2026-09-01T23:20:36.404134+00:00"
"2025/crlsa-2025_19102.json","2026-09-01T23:20:35.837432+00:00"
"2025/crlsa-2025_18151.json","2026-09-01T23:20:35.397690+00:00"
"2024/crlsa-2024_9114.json","2026-09-01T23:20:33.673999+00:00"
"2019/crlba-2019_3384.json","2026-09-01T23:20:33.420493+00:00"
"2024/crlsa-2024_2987.json","2026-09-01T23:20:32.730389+00:00"
"2023/crlsa-2023_5749.json","2026-09-01T23:20:31.205961+00:00"
"2020/crlsa-2020_4482.json","2026-09-01T23:20:31.044923+00:00"
"2026/crlsa-2026_54443.json","2026-09-01T23:20:30.673584+00:00"
"2026/crlsa-2026_52395.json","2026-09-01T23:20:29.169149+00:00"
"2026/crlsa-2026_55446.json","2026-09-01T23:20:28.291011+00:00"
"2025/crlsa-2025_3531.json","2026-09-01T23:20:28.145401+00:00"
"2024/crlsa-2024_4756.json","2026-09-01T23:20:27.965041+00:00"
"2026/crlsa-2026_13577.json","2026-09-01T23:20:27.154037+00:00"
"2026/crlsa-2026_59179.json","2026-09-01T23:20:26.324907+00:00"
"2026/crlsa-2026_4472.json","2026-09-01T23:20:26.160242+00:00"
"2026/crlsa-2026_45115.json","2026-09-01T23:20:25.978804+00:00"
"2026/crlsa-2026_41894.json","2026-09-01T23:20:25.154193+00:00"
"2022/crlsa-2022_5163.json","2026-09-01T23:20:24.563571+00:00"
"2023/crlsa-2023_5689.json","2026-09-01T23:20:24.142267+00:00"
"2023/crlsa-2023_1407.json","2026-09-01T23:20:23.985479+00:00"
"2022/crlsa-2022_5046.json","2026-09-01T23:20:23.837069+00:00"
"2020/crlsa-2020_1932.json","2026-09-01T23:20:23.519529+00:00"
"2026/crlsa-2026_58560.json","2026-09-01T23:20:22.863241+00:00"
"2020/crlsa-2020_5500.json","2026-09-01T23:20:22.596508+00:00"
"2022/crlsa-2022_4591.json","2026-09-01T23:20:22.492475+00:00"
"2025/crlsa-2025_7256.json","2026-09-01T23:20:21.861568+00:00"
"2024/crlsa-2024_3999.json","2026-09-01T23:20:21.714868+00:00"
"2026/crlsa-2026_47736.json","2026-09-01T23:20:21.076023+00:00"
"2026/crlsa-2026_22315.json","2026-09-01T23:20:20.415901+00:00"
"2025/crlsa-2025_21974.json","2026-09-01T23:20:20.303070+00:00"
"2024/crlsa-2024_9636.json","2026-09-01T23:20:20.200086+00:00"
"2024/crlsa-2024_10953.json","2026-09-01T23:20:19.928192+00:00"
"2025/crlsa-2025_10128.json","2026-09-01T23:20:18.974467+00:00"
"2022/crlsa-2022_8070.json","2026-09-01T23:20:18.750702+00:00"
"2024/crlsa-2024_11238.json","2026-09-01T23:20:18.425107+00:00"
"2023/crlsa-2023_4541.json","2026-09-01T23:20:18.355314+00:00"
"2024/crlsa-2024_2264.json","2026-09-01T23:20:17.797214+00:00"
"2024/crlsa-2024_9122.json","2026-09-01T23:20:16.031091+00:00"
"2024/crlsa-2024_3008.json","2026-09-01T23:20:15.593911+00:00"
"2024/crlsa-2024_7346.json","2026-09-01T23:20:15.443423+00:00"
"2021/crlsa-2021_4587.json","2026-09-01T23:20:15.182035+00:00"
"2024/crlsa-2024_3178.json","2026-09-01T23:20:13.846407+00:00"
"2026/crlsa-2026_22112.json","2026-09-01T23:20:12.726326+00:00"
"2025/crlsa-2025_4791.json","2026-09-01T23:20:12.055787+00:00"
"2021/crlsa-2021_0734.json","2026-09-01T23:20:10.475572+00:00"
"2025/crlsa-2025_2670.json","2026-09-01T23:20:10.167515+00:00"
"2023/crlsa-2023_4954.json","2026-09-01T23:20:09.439298+00:00"
"2023/crlsa-2023_6818.json","2026-09-01T23:20:09.329159+00:00"
"2023/crlsa-2023_6938.json","2026-09-01T23:20:08.609314+00:00"
"2024/crlsa-2024_2853.json","2026-09-01T23:20:07.119883+00:00"
"2026/crlsa-2026_16206.json","2026-09-01T23:20:06.583428+00:00"
"2024/crlsa-2024_3139.json","2026-09-01T23:20:05.121433+00:00"
"2024/crlsa-2024_9413.json","2026-09-01T23:20:05.008134+00:00"
"2023/crlsa-2023_0337.json","2026-09-01T23:20:04.615975+00:00"
"2022/crlsa-2022_8361.json","2026-09-01T23:20:04.412850+00:00"
"2022/crlsa-2022_0510.json","2026-09-01T23:20:03.994880+00:00"
"2026/crlsa-2026_25222.json","2026-09-01T23:20:03.877905+00:00"
"2020/crlsa-2020_4827.json","2026-09-01T23:20:03.186531+00:00"
"2026/crlsa-2026_2090.json","2026-09-01T23:20:03.051127+00:00"
"2024/crlsa-2024_3005.json","2026-09-01T23:20:02.990543+00:00"
"2022/crlsa-2022_0130.json","2026-09-01T23:20:02.791925+00:00"
"2024/crlsa-2024_1472.json","2026-09-01T23:20:02.691972+00:00"
"2023/crxsa-2023_0951.json","2026-09-01T23:20:02.505896+00:00"
"2023/crlsa-2023_4462.json","2026-09-01T23:20:01.567426+00:00"
"2023/crlsa-2023_0173.json","2026-09-01T23:20:00.974957+00:00"
"2022/crlsa-2022_8493.json","2026-09-01T23:20:00.798292+00:00"
"2023/crlsa-2023_3350.json","2026-09-01T23:20:00.443995+00:00"
"2022/crlsa-2022_1988.json","2026-09-01T23:20:00.216656+00:00"
"2024/crlsa-2024_9333.json","2026-09-01T23:19:59.769808+00:00"
"2023/crlsa-2023_7189.json","2026-09-01T23:19:59.495647+00:00"
"2026/crlsa-2026_21291.json","2026-09-01T23:19:59.388467+00:00"
"2023/crlsa-2023_0192.json","2026-09-01T23:19:58.664805+00:00"
"2026/crlsa-2026_11062.json","2026-09-01T23:19:58.123228+00:00"
"2026/crlsa-2026_55601.json","2026-09-01T23:19:57.841867+00:00"
"2026/crlsa-2026_46397.json","2026-09-01T23:19:57.385664+00:00"
"2026/crlsa-2026_57600.json","2026-09-01T23:19:57.252304+00:00"
"2023/crlsa-2023_5928.json","2026-09-01T23:19:57.120260+00:00"
"2025/crlsa-2025_20959.json","2026-09-01T23:19:57.009193+00:00"
"2023/crlsa-2023_6699.json","2026-09-01T23:19:56.796744+00:00"
"2024/crlsa-2024_2211.json","2026-09-01T23:19:56.198512+00:00"
"2026/crlsa-2026_18683.json","2026-09-01T23:19:55.563272+00:00"
"2022/crlsa-2022_1552.json","2026-09-01T23:19:55.171077+00:00"
"2024/crlsa-2024_10787.json","2026-09-01T23:19:54.128055+00:00"
"2025/crlsa-2025_3845.json","2026-09-01T23:19:53.766570+00:00"
"2021/crlsa-2021_5236.json","2026-09-01T23:19:53.003444+00:00"
"2025/crlsa-2025_14900.json","2026-09-01T23:19:52.246826+00:00"
"2024/crlsa-2024_2565.json","2026-09-01T23:19:50.286124+00:00"
"2021/crlsa-2021_4593.json","2026-09-01T23:19:49.712272+00:00"
"2026/crlsa-2026_36315.json","2026-09-01T23:19:49.166610+00:00"
"2023/crlsa-2023_0752.json","2026-09-01T23:19:49.096064+00:00"
"2026/crlsa-2026_7668.json","2026-09-01T23:19:48.818874+00:00"
"2026/crlsa-2026_20614.json","2026-09-01T23:19:48.524772+00:00"
"2023/crlsa-2023_6369.json","2026-09-01T23:19:47.348895+00:00"
"2024/crlsa-2024_1998.json","2026-09-01T23:19:42.415489+00:00"
"2024/crlsa-2024_8726.json","2026-09-01T23:19:42.308084+00:00"
"2024/crlsa-2024_1719.json","2026-09-01T23:19:42.141103+00:00"
"2025/crlsa-2025_7416.json","2026-09-01T23:19:42.080000+00:00"
"2025/crlsa-2025_8308.json","2026-09-01T23:19:41.884513+00:00"
"2026/crlsa-2026_3938.json","2026-09-01T23:19:41.793459+00:00"
"2026/crlsa-2026_0728.json","2026-09-01T23:19:41.168551+00:00"
"2026/crlsa-2026_10219.json","2026-09-01T23:19:41.031852+00:00"
"2022/crlsa-2022_7023.json","2026-09-01T23:19:40.830478+00:00"
"2026/crlsa-2026_6037.json","2026-09-01T23:19:40.696647+00:00"
"2025/crlsa-2025_20960.json","2026-09-01T23:19:40.285060+00:00"
"2023/crxsa-2023_0832.json","2026-09-01T23:19:40.048813+00:00"
"2026/crlsa-2026_2920.json","2026-09-01T23:19:39.069127+00:00"
"2026/crlsa-2026_43218.json","2026-09-01T23:19:38.882617+00:00"
"2023/crlsa-2023_7549.json","2026-09-01T23:19:37.874918+00:00"
"2023/crlsa-2023_0116.json","2026-09-01T23:19:37.617284+00:00"
"2026/crlsa-2026_1617.json","2026-09-01T23:19:37.273921+00:00"
"2022/crlsa-2022_7519.json","2026-09-01T23:19:33.765417+00:00"
"2021/crlsa-2021_3058.json","2026-09-01T23:19:33.686012+00:00"
"2026/crlsa-2026_35892.json","2026-09-01T23:19:32.361743+00:00"
"2026/crlsa-2026_39878.json","2026-09-01T23:19:31.880777+00:00"
"2025/crlsa-2025_13234.json","2026-09-01T23:19:31.794958+00:00"
"2025/crlsa-2025_7387.json","2026-09-01T23:19:31.727984+00:00"
"2026/crlsa-2026_28074.json","2026-09-01T23:19:31.364034+00:00"
"2026/crlsa-2026_18786.json","2026-09-01T23:19:31.184813+00:00"
"2026/crlsa-2026_27789.json","2026-09-01T23:19:30.244642+00:00"
"2025/crlsa-2025_2034.json","2026-09-01T23:19:28.895391+00:00"
"2021/crlsa-2021_4373.json","2026-09-01T23:19:28.645931+00:00"
"2022/crlsa-2022_0545.json","2026-09-01T23:19:28.320934+00:00"
"2022/crlsa-2022_6778.json","2026-09-01T23:19:27.195353+00:00"
"2025/crlsa-2025_9302.json","2026-09-01T23:19:26.588947+00:00"
"2024/crxsa-2024_1607.json","2026-09-01T23:19:25.066236+00:00"
"2019/crlsa-2019_3705.json","2026-09-01T23:19:24.638650+00:00"
"2025/crlsa-2025_15123.json","2026-09-01T23:19:24.345389+00:00"
"2026/crlsa-2026_39322.json","2026-09-01T23:19:22.863740+00:00"
"2025/crlsa-2025_13676.json","2026-09-01T23:19:21.777847+00:00"
"2020/crlsa-2020_4545.json","2026-09-01T23:19:21.686551+00:00"
"2026/crlsa-2026_13284.json","2026-09-01T23:19:21.543924+00:00"
"2026/crlsa-2026_2709.json","2026-09-01T23:19:21.423317+00:00"
"2026/crlsa-2026_6439.json","2026-09-01T23:19:21.217739+00:00"
"2025/crlsa-2025_9145.json","2026-09-01T23:19:21.102998+00:00"
"2025/crlsa-2025_9106.json","2026-09-01T23:19:20.937696+00:00"
"2020/crlsa-2020_4760.json","2026-09-01T23:19:20.781989+00:00"
"2024/crlsa-2024_4499.json","2026-09-01T23:19:20.196101+00:00"
"2024/crlsa-2024_5294.json","2026-09-01T23:19:19.424795+00:00"
"2024/crlsa-2024_9088.json","2026-09-01T23:19:16.866845+00:00"
"2023/crlsa-2023_0970.json","2026-09-01T23:19:16.030080+00:00"
"2021/crlsa-2021_2370.json","2026-09-01T23:19:15.373334+00:00"
"2024/crlsa-2024_4457.json","2026-09-01T23:19:13.069268+00:00"
"2024/crlsa-2024_3830.json","2026-09-01T23:19:12.632992+00:00"
"2024/crlsa-2024_3056.json","2026-09-01T23:19:12.479580+00:00"
"2024/crlsa-2024_8856.json","2026-09-01T23:19:11.854661+00:00"
"2024/crlsa-2024_3061.json","2026-09-01T23:19:11.388201+00:00"
"2025/crlsa-2025_3344.json","2026-09-01T23:19:09.994486+00:00"
"2026/crlsa-2026_5932.json","2026-09-01T23:19:09.815254+00:00"
"2025/crlsa-2025_13590.json","2026-09-01T23:19:08.547580+00:00"
"2022/crlsa-2022_8078.json","2026-09-01T23:19:08.387096+00:00"
"2026/crlsa-2026_56521.json","2026-09-01T23:19:08.124974+00:00"
"2026/crlsa-2026_61386.json","2026-09-01T23:19:07.496501+00:00"
"2026/crlsa-2026_35830.json","2026-09-01T23:19:07.088615+00:00"
"2023/crlsa-2023_7790.json","2026-09-01T23:19:06.978450+00:00"
"2023/crlsa-2023_5763.json","2026-09-01T23:19:06.742878+00:00"
"2025/crlsa-2025_8293.json","2026-09-01T23:19:06.059617+00:00"
"2025/crlsa-2025_7437.json","2026-09-01T23:19:05.646695+00:00"
"2025/crlsa-2025_17084.json","2026-09-01T23:19:04.836366+00:00"
"2025/crlsa-2025_17802.json","2026-09-01T23:19:04.391048+00:00"
"2024/crlsa-2024_2982.json","2026-09-01T23:19:04.134142+00:00"
"2026/crlsa-2026_54484.json","2026-09-01T23:19:03.891913+00:00"
"2021/crlsa-2021_0966.json","2026-09-01T23:19:03.839467+00:00"
"2026/crlsa-2026_18041.json","2026-09-01T23:19:03.757825+00:00"
"2021/crlsa-2021_4139.json","2026-09-01T23:19:03.249060+00:00"
"2025/crlsa-2025_4787.json","2026-09-01T23:19:02.699699+00:00"
"2024/crlsa-2024_7463.json","2026-09-01T23:19:01.777398+00:00"
"2022/crlsa-2022_6839.json","2026-09-01T23:19:01.596399+00:00"
"2026/crlsa-2026_54487.json","2026-09-01T23:19:00.758633+00:00"
"2026/crlsa-2026_26352.json","2026-09-01T23:18:57.991346+00:00"
"2026/crlsa-2026_48703.json","2026-09-01T23:18:57.721740+00:00"
"2023/crlsa-2023_3822.json","2026-09-01T23:18:57.399111+00:00"
"2022/crlsa-2022_8492.json","2026-09-01T23:18:53.310738+00:00"
"2022/crlsa-2022_1796.json","2026-09-01T23:18:51.577017+00:00"
"2023/crlsa-2023_0957.json","2026-09-01T23:18:50.941958+00:00"
"2023/crlsa-2023_4634.json","2026-09-01T23:18:50.548566+00:00"
"2021/crlsa-2021_4537.json","2026-09-01T23:18:49.973197+00:00"
"2020/crlsa-2020_4820.json","2026-09-01T23:18:49.481926+00:00"
"2020/crlsa-2020_1358.json","2026-09-01T23:18:49.361047+00:00"
"2023/crlsa-2023_2764.json","2026-09-01T23:18:47.597601+00:00"
"2024/crlsa-2024_6197.json","2026-09-01T23:18:46.366384+00:00"
"2022/crlsa-2022_2143.json","2026-09-01T23:18:44.278544+00:00"
"2019/crlsa-2019_4273.json","2026-09-01T23:18:41.651006+00:00"
"2026/crlsa-2026_28209.json","2026-09-01T23:18:40.880556+00:00"
"2026/crlsa-2026_48225.json","2026-09-01T23:18:40.275001+00:00"
"2025/crlsa-2025_16086.json","2026-09-01T23:18:32.114873+00:00"
"2021/crlea-2021_1906.json","2026-09-01T23:18:31.676964+00:00"
"2020/crlsa-2020_5503.json","2026-09-01T23:18:31.548151+00:00"
"2026/crlsa-2026_20579.json","2026-09-01T23:18:31.367975+00:00"
"2026/crlsa-2026_30859.json","2026-09-01T23:18:31.146309+00:00"
"2025/crxsa-2025_4341.json","2026-09-01T23:18:31.094000+00:00"
"2022/crlsa-2022_1566.json","2026-09-01T23:18:30.951520+00:00"
"2020/crlsa-2020_4709.json","2026-09-01T23:18:28.999465+00:00"
"2023/crlsa-2023_6242.json","2026-09-01T23:18:28.087560+00:00"
"2024/crlsa-2024_9401.json","2026-09-01T23:18:27.946166+00:00"
"2021/crlsa-2021_3155.json","2026-09-01T23:18:27.889815+00:00"
"2026/crlsa-2026_8339.json","2026-09-01T23:18:27.719952+00:00"
"2026/crlsa-2026_21755.json","2026-09-01T23:18:27.248819+00:00"
"2024/crlsa-2024_4636.json","2026-09-01T23:18:26.884561+00:00"
"2025/crlsa-2025_8676.json","2026-09-01T23:18:26.741513+00:00"
"2024/crlsa-2024_7958.json","2026-09-01T23:18:26.607386+00:00"
"2020/crlsa-2020_1708.json","2026-09-01T23:18:25.903484+00:00"
"2026/crlsa-2026_2783.json","2026-09-01T23:18:25.767768+00:00"
"2024/crlsa-2024_4573.json","2026-09-01T23:18:25.384853+00:00"
"2021/crlsa-2021_3020.json","2026-09-01T23:18:23.345009+00:00"
"2026/crlsa-2026_2452.json","2026-09-01T23:18:22.248096+00:00"
"2026/crlsa-2026_19186.json","2026-09-01T23:18:22.158376+00:00"
"2026/crlsa-2026_42887.json","2026-09-01T23:18:21.921240+00:00"
"2022/crlsa-2022_1491.json","2026-09-01T23:18:20.414043+00:00"
"2025/crlsa-2025_3082.json","2026-09-01T23:18:19.466435+00:00"
"2026/crlsa-2026_1350.json","2026-09-01T23:18:18.667467+00:00"
"2024/crlsa-2024_2217.json","2026-09-01T23:18:18.252558+00:00"
"2024/crlsa-2024_3835.json","2026-09-01T23:18:17.955029+00:00"
"2023/crlsa-2023_3577.json","2026-09-01T23:18:15.879194+00:00"
"2020/crlsa-2020_2852.json","2026-09-01T23:18:15.773142+00:00"
"2024/crlsa-2024_11216.json","2026-09-01T23:18:15.703260+00:00"
"2022/crlsa-2022_1550.json","2026-09-01T23:18:15.314640+00:00"
"2026/crlsa-2026_61257.json","2026-09-01T23:18:14.873084+00:00"
"2021/crlsa-2021_4316.json","2026-09-01T23:18:14.610277+00:00"
"2020/crlsa-2020_1605.json","2026-09-01T23:18:14.369340+00:00"
"2023/crlsa-2023_7732.json","2026-09-01T23:18:12.437088+00:00"
"2022/crlsa-2022_5774.json","2026-09-01T23:18:12.368927+00:00"
"2026/crlsa-2026_25919.json","2026-09-01T23:18:11.751189+00:00"
"2022/crlsa-2022_4872.json","2026-09-01T23:18:10.265176+00:00"
"2026/crlsa-2026_22730.json","2026-09-01T23:18:10.170594+00:00"
"2026/crlsa-2026_2124.json","2026-09-01T23:18:09.946001+00:00"
"2024/crlsa-2024_6311.json","2026-09-01T23:18:09.351581+00:00"
"2023/crlsa-2023_5050.json","2026-09-01T23:18:08.691730+00:00"
"2022/crlsa-2022_7821.json","2026-09-01T23:18:07.859509+00:00"
"2025/crlsa-2025_20936.json","2026-09-01T23:18:07.671886+00:00"
"2026/crlsa-2026_26347.json","2026-09-01T23:18:07.403378+00:00"
"2024/crlsa-2024_2483.json","2026-09-01T23:18:06.491152+00:00"
"2023/crlsa-2023_3780.json","2026-09-01T23:18:05.914438+00:00"
"2026/crlsa-2026_5578.json","2026-09-01T23:18:04.350178+00:00"
"2025/crlsa-2025_8844.json","2026-09-01T23:17:56.888189+00:00"
"2022/crlsa-2022_2120.json","2026-09-01T23:17:56.769655+00:00"
"2026/crlsa-2026_21745.json","2026-09-01T23:17:54.944853+00:00"
"2020/crlsa-2020_3032.json","2026-09-01T23:17:54.786454+00:00"
"2024/crlsa-2024_8024.json","2026-09-01T23:17:54.682735+00:00"
"2026/crlsa-2026_3189.json","2026-09-01T23:17:54.577033+00:00"
"2026/crlsa-2026_2421.json","2026-09-01T23:17:52.675931+00:00"
"2026/crlsa-2026_4760.json","2026-09-01T23:17:52.312235+00:00"
"2024/crlsa-2024_6785.json","2026-09-01T23:17:51.980163+00:00"
"2023/crlsa-2023_7187.json","2026-09-01T23:17:51.729852+00:00"
"2021/crlsa-2021_1574.json","2026-09-01T23:17:51.566637+00:00"
"2024/crlsa-2024_3340.json","2026-09-01T23:17:50.988926+00:00"
"2026/crlsa-2026_0923.json","2026-09-01T23:17:50.712149+00:00"
"2024/crlsa-2024_3345.json","2026-09-01T23:17:50.052143+00:00"
"2023/crlsa-2023_0959.json","2026-09-01T23:17:49.670208+00:00"
"2026/crlsa-2026_25057.json","2026-09-01T23:17:49.535235+00:00"
"2024/crlsa-2024_3834.json","2026-09-01T23:17:49.384089+00:00"
"2026/crlsa-2026_13857.json","2026-09-01T23:17:48.682033+00:00"
"2025/crlsa-2025_7109.json","2026-09-01T23:17:48.065771+00:00"
"2025/crlsa-2025_8333.json","2026-09-01T23:17:47.653482+00:00"
"2026/crlsa-2026_1226.json","2026-09-01T23:17:46.177449+00:00"
"2024/crlsa-2024_3258.json","2026-09-01T23:17:43.233574+00:00"
"2020/crlsa-2020_4629.json","2026-09-01T23:17:42.951059+00:00"
"2026/crlsa-2026_4759.json","2026-09-01T23:17:42.769517+00:00"
"2024/crlsa-2024_9625.json","2026-09-01T23:17:40.556957+00:00"
"2024/crlsa-2024_3089.json","2026-09-01T23:17:40.420990+00:00"
"2020/crlsa-2020_0579.json","2026-09-01T23:17:39.795439+00:00"
"2026/crlsa-2026_6917.json","2026-09-01T23:17:39.321877+00:00"
"2026/crlsa-2026_39553.json","2026-09-01T23:17:39.223098+00:00"
"2023/crlsa-2023_1802.json","2026-09-01T23:17:39.090610+00:00"
"2024/crlsa-2024_10951.json","2026-09-01T23:17:38.955211+00:00"
"2019/crlsa-2019_3553.json","2026-09-01T23:17:37.710761+00:00"
"2025/crlsa-2025_9305.json","2026-09-01T23:17:37.122167+00:00"
"2024/crlsa-2024_3820.json","2026-09-01T23:17:36.763380+00:00"
"2022/crlsa-2022_2043.json","2026-09-01T23:17:36.064896+00:00"
"2025/crlsa-2025_7409.json","2026-09-01T23:17:35.909149+00:00"
"2024/crlsa-2024_1484.json","2026-09-01T23:17:35.477085+00:00"
"2021/crlsa-2021_1983.json","2026-09-01T23:17:35.360469+00:00"
"2025/crlsa-2025_10136.json","2026-09-01T23:17:34.168512+00:00"
"2025/crlsa-2025_23325.json","2026-09-01T23:17:33.844301+00:00"
"2026/crlsa-2026_6572.json","2026-09-01T23:17:32.605967+00:00"
"2026/crlsa-2026_46532.json","2026-09-01T23:17:32.444812+00:00"
"2023/crlsa-2023_0005.json","2026-09-01T23:17:32.216048+00:00"
"2026/crlsa-2026_38901.json","2026-09-01T23:17:32.145884+00:00"
"2023/crlsa-2023_3840.json","2026-09-01T23:17:31.889647+00:00"
"2023/crlsa-2023_5926.json","2026-09-01T23:17:31.234935+00:00"
"2024/crlsa-2024_4264.json","2026-09-01T23:17:30.063543+00:00"
"2026/crlsa-2026_56936.json","2026-09-01T23:17:28.937067+00:00"
"2026/crlsa-2026_39798.json","2026-09-01T23:17:28.403005+00:00"
"2025/crlsa-2025_0210.json","2026-09-01T23:17:28.022625+00:00"
"2025/crlsa-2025_9526.json","2026-09-01T23:17:27.977622+00:00"
"2026/crlsa-2026_26709.json","2026-09-01T23:17:27.744569+00:00"
"2024/crlsa-2024_4451.json","2026-09-01T23:17:27.452091+00:00"
"2022/crlsa-2022_1808.json","2026-09-01T23:17:27.082335+00:00"
"2022/crlsa-2022_1814.json","2026-09-01T23:17:26.951333+00:00"
"2021/crlsa-2021_4161.json","2026-09-01T23:17:26.866397+00:00"
"2026/crlsa-2026_19175.json","2026-09-01T23:17:26.798759+00:00"
"2023/crlsa-2023_4202.json","2026-09-01T23:17:26.408014+00:00"
"2026/crlsa-2026_28255.json","2026-09-01T23:17:26.148340+00:00"
"2024/crlsa-2024_6757.json","2026-09-01T23:17:25.874747+00:00"
"2021/crlsa-2021_4903.json","2026-09-01T23:17:25.457879+00:00"
"2025/crlsa-2025_13203.json","2026-09-01T23:17:24.922766+00:00"
"2026/crlsa-2026_19210.json","2026-09-01T23:17:24.753051+00:00"
"2022/crlsa-2022_7745.json","2026-09-01T23:17:24.428422+00:00"
"2025/crlsa-2025_13782.json","2026-09-01T23:17:23.240167+00:00"
"2025/crlsa-2025_3388.json","2026-09-01T23:17:22.704749+00:00"
"2025/crlsa-2025_23663.json","2026-09-01T23:17:22.635538+00:00"
"2024/crlsa-2024_8124.json","2026-09-01T23:17:22.331215+00:00"
"2025/crlsa-2025_17162.json","2026-09-01T23:17:20.604870+00:00"
"2025/crlsa-2025_9327.json","2026-09-01T23:17:20.429968+00:00"
"2025/crlsa-2025_9878.json","2026-09-01T23:17:18.444421+00:00"
"2025/crlsa-2025_8958.json","2026-09-01T23:17:17.448648+00:00"
"2022/crlsa-2022_8649.json","2026-09-01T23:17:17.286390+00:00"
"2022/crlsa-2022_7683.json","2026-09-01T23:17:17.052461+00:00"
"2023/crlsa-2023_0318.json","2026-09-01T23:17:16.612185+00:00"
"2022/crlsa-2022_6912.json","2026-09-01T23:17:16.140994+00:00"
"2022/crlsa-2022_7967.json","2026-09-01T23:17:15.965708+00:00"
"2024/crlsa-2024_5079.json","2026-09-01T23:17:15.108150+00:00"
"2026/crlsa-2026_28247.json","2026-09-01T23:17:14.328099+00:00"
"2024/crlsa-2024_1690.json","2026-09-01T23:17:13.672551+00:00"
"2024/crlsa-2024_5305.json","2026-09-01T23:17:13.508689+00:00"
"2026/crlsa-2026_3405.json","2026-09-01T23:17:12.832624+00:00"
"2026/crlsa-2026_0137.json","2026-09-01T23:17:12.557153+00:00"
"2026/crlsa-2026_15892.json","2026-09-01T23:17:09.529848+00:00"
"2025/crlsa-2025_0012.json","2026-09-01T23:17:08.932595+00:00"
"2025/crlsa-2025_1915.json","2026-09-01T23:17:08.876927+00:00"
"2021/crlsa-2021_4060.json","2026-09-01T23:17:08.547096+00:00"
"2026/crlsa-2026_1410.json","2026-09-01T23:17:08.329614+00:00"
"2022/crlsa-2022_5316.json","2026-09-01T23:17:07.923605+00:00"
"2026/crlsa-2026_42736.json","2026-09-01T23:17:07.463061+00:00"
"2025/crlsa-2025_11992.json","2026-09-01T23:17:06.726364+00:00"
"2024/crlsa-2024_3058.json","2026-09-01T23:17:05.916198+00:00"
"2026/crlsa-2026_0698.json","2026-09-01T23:17:05.808580+00:00"
"2020/crlsa-2020_1926.json","2026-09-01T23:17:05.385457+00:00"
"2023/crlsa-2023_1809.json","2026-09-01T23:17:04.727012+00:00"
"2026/crlsa-2026_0247.json","2026-09-01T23:17:04.230793+00:00"
"2026/crlsa-2026_26459.json","2026-09-01T23:17:03.591041+00:00"
"2025/crlsa-2025_19237.json","2026-09-01T23:17:03.373202+00:00"
"2024/crlsa-2024_5279.json","2026-09-01T23:17:03.186695+00:00"
"2025/crlsa-2025_19931.json","2026-09-01T23:17:02.733458+00:00"
"2026/crlsa-2026_36639.json","2026-09-01T23:17:02.640611+00:00"
"2026/crlsa-2026_47010.json","2026-09-01T23:17:01.073705+00:00"
"2020/crlsa-2020_2774.json","2026-09-01T23:17:00.880759+00:00"
"2024/crlsa-2024_0155.json","2026-09-01T23:16:59.888544+00:00"
"2023/crlsa-2023_3588.json","2026-09-01T23:16:58.826269+00:00"
"2024/crlsa-2024_8833.json","2026-09-01T23:16:58.727376+00:00"
"2026/crlsa-2026_59387.json","2026-09-01T23:16:58.547451+00:00"
"2024/crlsa-2024_9092.json","2026-09-01T23:16:58.395463+00:00"
"2022/crlsa-2022_7594.json","2026-09-01T23:16:57.941293+00:00"
"2021/crlsa-2021_2354.json","2026-09-01T23:16:57.557397+00:00"
"2026/crlsa-2026_18772.json","2026-09-01T23:16:57.391890+00:00"
"2020/crlsa-2020_4676.json","2026-09-01T23:16:55.999785+00:00"
"2026/crlsa-2026_4165.json","2026-09-01T23:16:53.513293+00:00"
"2026/crlsa-2026_28290.json","2026-09-01T23:16:53.075120+00:00"
"2023/crlsa-2023_1673.json","2026-09-01T23:16:50.938769+00:00"
"2025/crlsa-2025_11804.json","2026-09-01T23:16:50.495791+00:00"
"2023/crxsa-2023_7549.json","2026-09-01T23:16:47.657162+00:00"
"2022/crlsa-2022_7108.json","2026-09-01T23:16:47.411587+00:00"
"2026/crlsa-2026_60304.json","2026-09-01T23:16:47.186115+00:00"
"2022/crlea-2022_5139.json","2026-09-01T23:16:46.960405+00:00"
"2022/crlsa-2022_7720.json","2026-09-01T23:16:46.739742+00:00"
"2025/crlsa-2025_8837.json","2026-09-01T23:16:46.435230+00:00"
"2026/crlsa-2026_0667.json","2026-09-01T23:16:44.441472+00:00"
"2026/crlsa-2026_8473.json","2026-09-01T23:16:43.802593+00:00"
"2023/crlsa-2023_2860.json","2026-09-01T23:16:43.365817+00:00"
"2021/crlsa-2021_4826.json","2026-09-01T23:16:41.254118+00:00"
"2026/crlsa-2026_57462.json","2026-09-01T23:16:41.110170+00:00"
"2024/crlsa-2024_10944.json","2026-09-01T23:16:40.884391+00:00"
"2026/crlsa-2026_3507.json","2026-09-01T23:16:40.493881+00:00"
"2025/crlsa-2025_9396.json","2026-09-01T23:16:40.327241+00:00"
"2023/crlsa-2023_0854.json","2026-09-01T23:16:40.189725+00:00"
"2023/crlsa-2023_0379.json","2026-09-01T23:16:40.016037+00:00"
"2020/crlsa-2020_1379.json","2026-09-01T23:16:39.842068+00:00"
"2026/crlsa-2026_28922.json","2026-09-01T23:16:39.156562+00:00"
"2025/crlsa-2025_14177.json","2026-09-01T23:16:37.101953+00:00"
"2023/crlsa-2023_0050.json","2026-09-01T23:16:36.559905+00:00"
"2024/crlsa-2024_9423.json","2026-09-01T23:16:36.361597+00:00"
"2023/crlsa-2023_4058.json","2026-09-01T23:16:36.307028+00:00"
"2026/crlsa-2026_4443.json","2026-09-01T23:16:35.981987+00:00"
"2020/crlsa-2020_1644.json","2026-09-01T23:16:32.153040+00:00"
"2026/crlsa-2026_2212.json","2026-09-01T23:16:30.795305+00:00"
"2026/crlsa-2026_55865.json","2026-09-01T23:16:28.941454+00:00"
"2025/crlsa-2025_2500.json","2026-09-01T23:16:28.545411+00:00"
"2026/crlsa-2026_58971.json","2026-09-01T23:16:28.200417+00:00"
"2022/crlsa-2022_8126.json","2026-09-01T23:16:27.940828+00:00"
"2025/crlba-2025_2991.json","2026-09-01T23:16:27.806430+00:00"
"2025/crlsa-2025_3828.json","2026-09-01T23:16:27.505324+00:00"
"2026/crlsa-2026_25217.json","2026-09-01T23:16:22.464429+00:00"
"2022/crlsa-2022_0176.json","2026-09-01T23:16:20.438586+00:00"
"2026/crlsa-2026_24370.json","2026-09-01T23:16:20.281189+00:00"
"2022/crlsa-2022_0819.json","2026-09-01T23:16:20.130750+00:00"
"2026/crlsa-2026_3340.json","2026-09-01T23:16:19.570644+00:00"
"2025/crlba-2025_9433.json","2026-09-01T23:16:17.517757+00:00"
"2023/crlsa-2023_0200.json","2026-09-01T23:16:17.443440+00:00"
"2022/crlsa-2022_7444.json","2026-09-01T23:16:16.009910+00:00"
"2025/crlsa-2025_7178.json","2026-09-01T23:16:15.849131+00:00"
"2024/crlsa-2024_5138.json","2026-09-01T23:16:15.645601+00:00"
"2025/crlsa-2025_7313.json","2026-09-01T23:16:15.047212+00:00"
"2022/crlsa-2022_8208.json","2026-09-01T23:16:14.897033+00:00"
"2026/crlsa-2026_37435.json","2026-09-01T23:16:14.521578+00:00"
"2024/crlsa-2024_11122.json","2026-09-01T23:16:14.308751+00:00"
"2021/crlsa-2021_4292.json","2026-09-01T23:16:14.080929+00:00"
"2024/crlsa-2024_5941.json","2026-09-01T23:16:13.911539+00:00"
"2023/crlsa-2023_4529.json","2026-09-01T23:16:13.773648+00:00"
"2024/crlsa-2024_10983.json","2026-09-01T23:16:13.135664+00:00"
"2026/crlsa-2026_22143.json","2026-09-01T23:16:12.258387+00:00"
"2026/crlsa-2026_59347.json","2026-09-01T23:16:09.792150+00:00"
"2024/crlsa-2024_10952.json","2026-09-01T23:16:07.437628+00:00"
"2026/crlsa-2026_11656.json","2026-09-01T23:16:06.224938+00:00"
"2026/crlsa-2026_34359.json","2026-09-01T23:16:04.841665+00:00"
"2022/crlsa-2022_1930.json","2026-09-01T23:16:04.765941+00:00"
"2025/crlsa-2025_20962.json","2026-09-01T23:16:04.076171+00:00"
"2021/crlba-2021_3054.json","2026-09-01T23:16:03.979765+00:00"
"2024/crxsa-2024_5101.json","2026-09-01T23:16:03.521162+00:00"
"2025/crlsa-2025_4049.json","2026-09-01T23:16:02.616666+00:00"
"2022/crlsa-2022_8219.json","2026-09-01T23:16:02.444770+00:00"
"2021/crlsa-2021_4213.json","2026-09-01T23:16:02.251323+00:00"
"2022/crlsa-2022_1915.json","2026-09-01T23:16:00.619843+00:00"
"2023/crlsa-2023_1743.json","2026-09-01T23:16:00.183287+00:00"
"2023/crlsa-2023_0210.json","2026-09-01T23:15:59.584849+00:00"
"2023/crlsa-2023_0625.json","2026-09-01T23:15:59.097994+00:00"
"2026/crlsa-2026_19371.json","2026-09-01T23:15:58.168588+00:00"
"2024/crlsa-2024_3959.json","2026-09-01T23:15:57.609724+00:00"
"2021/crlsa-2021_1811.json","2026-09-01T23:15:55.542288+00:00"
"2026/crlsa-2026_57610.json","2026-09-01T23:15:55.394858+00:00"
"2026/crlsa-2026_47105.json","2026-09-01T23:15:51.134668+00:00"
"2024/crlsa-2024_0647.json","2026-09-01T23:15:51.039804+00:00"
"2026/crlsa-2026_0225.json","2026-09-01T23:15:50.508573+00:00"
"2023/crlsa-2023_0838.json","2026-09-01T23:15:49.549543+00:00"
"2022/crlsa-2022_0161.json","2026-09-01T23:15:48.669226+00:00"
"2023/crlsa-2023_5997.json","2026-09-01T23:15:47.764319+00:00"
"2024/crlsa-2024_5533.json","2026-09-01T23:15:47.648226+00:00"
"2025/crlsa-2025_3406.json","2026-09-01T23:15:44.087739+00:00"
"2023/crlsa-2023_0114.json","2026-09-01T23:15:43.454149+00:00"
"2022/crlsa-2022_8112.json","2026-09-01T23:15:43.285985+00:00"
"2023/crlsa-2023_4034.json","2026-09-01T23:15:43.143988+00:00"
"2025/crlsa-2025_14983.json","2026-09-01T23:15:42.820318+00:00"
"2026/crlsa-2026_19666.json","2026-09-01T23:15:42.214804+00:00"
"2024/crlsa-2024_4000.json","2026-09-01T23:15:41.794808+00:00"
"2026/crlsa-2026_10745.json","2026-09-01T23:15:41.524214+00:00"
"2026/crlsa-2026_1913.json","2026-09-01T23:15:41.103196+00:00"
"2024/crlsa-2024_4036.json","2026-09-01T23:15:40.141939+00:00"
"2026/crlsa-2026_19177.json","2026-09-01T23:15:38.029672+00:00"
"2026/crlsa-2026_22312.json","2026-09-01T23:15:37.620054+00:00"
"2025/crlsa-2025_8514.json","2026-09-01T23:15:37.302589+00:00"
"2022/crlsa-2022_0185.json","2026-09-01T23:15:35.900181+00:00"
"2022/crlsa-2022_0001.json","2026-09-01T23:15:35.353177+00:00"
"2024/crlsa-2024_11161.json","2026-09-01T23:15:35.275166+00:00"
"2023/crlsa-2023_6539.json","2026-09-01T23:15:35.123349+00:00"
"2026/crlsa-2026_19363.json","2026-09-01T23:15:35.068696+00:00"
"2024/crlsa-2024_4936.json","2026-09-01T23:15:34.792541+00:00"
"2023/crlsa-2023_4539.json","2026-09-01T23:15:34.343520+00:00"
"2026/crlsa-2026_7670.json","2026-09-01T23:15:29.926624+00:00"
"2023/crlsa-2023_3147.json","2026-09-01T23:15:29.676627+00:00"
"2026/crlsa-2026_1087.json","2026-09-01T23:15:28.605088+00:00"
"2026/crlsa-2026_13285.json","2026-09-01T23:15:28.542917+00:00"
"2021/crlsa-2021_4288.json","2026-09-01T23:15:28.406231+00:00"
"2022/crlsa-2022_7090.json","2026-09-01T23:15:28.164132+00:00"
"2026/crlsa-2026_51035.json","2026-09-01T23:15:27.286586+00:00"
"2026/crlsa-2026_36721.json","2026-09-01T23:15:25.838663+00:00"
"2021/crlsa-2021_4413.json","2026-09-01T23:15:25.782899+00:00"
"2022/crlsa-2022_7790.json","2026-09-01T23:15:25.684582+00:00"
"2025/crlsa-2025_12753.json","2026-09-01T23:15:25.125130+00:00"
"2023/crlsa-2023_0810.json","2026-09-01T23:15:23.393622+00:00"
"2025/crlsa-2025_10672.json","2026-09-01T23:15:23.226016+00:00"
"2026/crlsa-2026_28999.json","2026-09-01T23:15:22.580386+00:00"
"2025/crlsa-2025_0711.json","2026-09-01T23:15:21.752504+00:00"
"2026/crlsa-2026_55447.json","2026-09-01T23:15:21.690506+00:00"
"2026/crlsa-2026_18931.json","2026-09-01T23:15:21.001190+00:00"
"2025/crlsa-2025_7540.json","2026-09-01T23:15:20.649662+00:00"
"2025/crlsa-2025_3855.json","2026-09-01T23:15:19.948634+00:00"
"2025/crlsa-2025_21815.json","2026-09-01T23:15:19.393533+00:00"
"2023/crlsa-2023_0832.json","2026-09-01T23:15:19.105738+00:00"
"2021/crlsa-2021_0548.json","2026-09-01T23:15:17.263741+00:00"
"2025/crlsa-2025_12980.json","2026-09-01T23:15:17.104456+00:00"
"2023/crlsa-2023_5353.json","2026-09-01T23:15:13.507851+00:00"
"2026/crlsa-2026_42733.json","2026-09-01T23:15:12.219769+00:00"
"2026/crlsa-2026_0052.json","2026-09-01T23:15:08.655068+00:00"
"2026/crlsa-2026_22313.json","2026-09-01T23:15:08.535098+00:00"
"2026/crlsa-2026_61766.json","2026-09-01T23:15:08.372697+00:00"
"2026/crlsa-2026_61316.json","2026-09-01T23:15:08.115361+00:00"
"2026/crlsa-2026_61379.json","2026-09-01T23:15:07.680101+00:00"
"2026/crlsa-2026_61389.json","2026-09-01T23:15:07.296571+00:00"
"2026/crlsa-2026_61355.json","2026-09-01T23:15:07.135796+00:00"
"2026/crlsa-2026_61581.json","2026-09-01T23:15:06.468290+00:00"
"2026/crlsa-2026_61623.json","2026-09-01T23:15:06.328440+00:00"
"2022/crlba-2022_3897.json","2026-09-01T23:15:04.444551+00:00"
"2020/crlsa-2020_0279.json","2026-09-01T23:15:03.654978+00:00"
"2021/crlsa-2021_1789.json","2026-09-01T23:15:02.665059+00:00"
"2021/crlsa-2021_2034.json","2026-09-01T23:15:02.531756+00:00"
"2022/crlsa-2022_7978.json","2026-09-01T23:15:01.970555+00:00"
"2022/crlsa-2022_9058.json","2026-09-01T23:15:01.777096+00:00"
"2023/crlsa-2023_0171.json","2026-09-01T23:15:00.897409+00:00"
"2024/crlsa-2024_4420.json","2026-09-01T23:14:59.905037+00:00"
